-- MySQL dump 10.13  Distrib 8.4.4, for Linux (x86_64)
--
-- Host: localhost    Database: chaing
-- ------------------------------------------------------
-- Server version	8.4.4

/*!40101 SET @OLD_CHARACTER_SET_CLIENT=@@CHARACTER_SET_CLIENT */;
/*!40101 SET @OLD_CHARACTER_SET_RESULTS=@@CHARACTER_SET_RESULTS */;
/*!40101 SET @OLD_COLLATION_CONNECTION=@@COLLATION_CONNECTION */;
/*!50503 SET NAMES utf8mb4 */;
/*!40103 SET @OLD_TIME_ZONE=@@TIME_ZONE */;
/*!40103 SET TIME_ZONE='+00:00' */;
/*!40014 SET @OLD_UNIQUE_CHECKS=@@UNIQUE_CHECKS, UNIQUE_CHECKS=0 */;
/*!40014 SET @OLD_FOREIGN_KEY_CHECKS=@@FOREIGN_KEY_CHECKS, FOREIGN_KEY_CHECKS=0 */;
/*!40101 SET @OLD_SQL_MODE=@@SQL_MODE, SQL_MODE='NO_AUTO_VALUE_ON_ZERO' */;
/*!40111 SET @OLD_SQL_NOTES=@@SQL_NOTES, SQL_NOTES=0 */;

--
-- Table structure for table `BATCH_JOB_EXECUTION`
--

DROP TABLE IF EXISTS `BATCH_JOB_EXECUTION`;
/*!40101 SET @saved_cs_client     = @@character_set_client */;
/*!50503 SET character_set_client = utf8mb4 */;
CREATE TABLE `BATCH_JOB_EXECUTION` (
  `JOB_EXECUTION_ID` bigint NOT NULL,
  `VERSION` bigint DEFAULT NULL,
  `JOB_INSTANCE_ID` bigint NOT NULL,
  `CREATE_TIME` datetime(6) NOT NULL,
  `START_TIME` datetime(6) DEFAULT NULL,
  `END_TIME` datetime(6) DEFAULT NULL,
  `STATUS` varchar(10) DEFAULT NULL,
  `EXIT_CODE` varchar(2500) DEFAULT NULL,
  `EXIT_MESSAGE` varchar(2500) DEFAULT NULL,
  `LAST_UPDATED` datetime(6) DEFAULT NULL,
  PRIMARY KEY (`JOB_EXECUTION_ID`),
  KEY `JOB_INST_EXEC_FK` (`JOB_INSTANCE_ID`),
  CONSTRAINT `JOB_INST_EXEC_FK` FOREIGN KEY (`JOB_INSTANCE_ID`) REFERENCES `BATCH_JOB_INSTANCE` (`JOB_INSTANCE_ID`)
) ENGINE=InnoDB DEFAULT CHARSET=utf8mb4 COLLATE=utf8mb4_0900_ai_ci;
/*!40101 SET character_set_client = @saved_cs_client */;

--
-- Dumping data for table `BATCH_JOB_EXECUTION`
--

LOCK TABLES `BATCH_JOB_EXECUTION` WRITE;
/*!40000 ALTER TABLE `BATCH_JOB_EXECUTION` DISABLE KEYS */;
INSERT INTO `BATCH_JOB_EXECUTION` VALUES (1,2,1,'2025-04-07 01:10:00.053158','2025-04-07 01:10:00.107192','2025-04-07 01:10:01.394434','COMPLETED','COMPLETED','','2025-04-07 01:10:01.395982'),(2,2,2,'2025-04-10 08:00:00.052094','2025-04-10 08:00:00.117683','2025-04-10 08:00:11.986611','COMPLETED','COMPLETED','','2025-04-10 08:00:11.988854');
/*!40000 ALTER TABLE `BATCH_JOB_EXECUTION` ENABLE KEYS */;
UNLOCK TABLES;

--
-- Table structure for table `BATCH_JOB_EXECUTION_CONTEXT`
--

DROP TABLE IF EXISTS `BATCH_JOB_EXECUTION_CONTEXT`;
/*!40101 SET @saved_cs_client     = @@character_set_client */;
/*!50503 SET character_set_client = utf8mb4 */;
CREATE TABLE `BATCH_JOB_EXECUTION_CONTEXT` (
  `JOB_EXECUTION_ID` bigint NOT NULL,
  `SHORT_CONTEXT` varchar(2500) NOT NULL,
  `SERIALIZED_CONTEXT` text,
  PRIMARY KEY (`JOB_EXECUTION_ID`),
  CONSTRAINT `JOB_EXEC_CTX_FK` FOREIGN KEY (`JOB_EXECUTION_ID`) REFERENCES `BATCH_JOB_EXECUTION` (`JOB_EXECUTION_ID`)
) ENGINE=InnoDB DEFAULT CHARSET=utf8mb4 COLLATE=utf8mb4_0900_ai_ci;
/*!40101 SET character_set_client = @saved_cs_client */;

--
-- Dumping data for table `BATCH_JOB_EXECUTION_CONTEXT`
--

LOCK TABLES `BATCH_JOB_EXECUTION_CONTEXT` WRITE;
/*!40000 ALTER TABLE `BATCH_JOB_EXECUTION_CONTEXT` DISABLE KEYS */;
INSERT INTO `BATCH_JOB_EXECUTION_CONTEXT` VALUES (1,'rO0ABXNyABFqYXZhLnV0aWwuSGFzaE1hcAUH2sHDFmDRAwACRgAKbG9hZEZhY3RvckkACXRocmVzaG9sZHhwP0AAAAAAAAx3CAAAABAAAAABdAANYmF0Y2gudmVyc2lvbnQABTUuMi4xeA==',NULL),(2,'rO0ABXNyABFqYXZhLnV0aWwuSGFzaE1hcAUH2sHDFmDRAwACRgAKbG9hZEZhY3RvckkACXRocmVzaG9sZHhwP0AAAAAAAAx3CAAAABAAAAABdAANYmF0Y2gudmVyc2lvbnQABTUuMi4xeA==',NULL);
/*!40000 ALTER TABLE `BATCH_JOB_EXECUTION_CONTEXT` ENABLE KEYS */;
UNLOCK TABLES;

--
-- Table structure for table `BATCH_JOB_EXECUTION_PARAMS`
--

DROP TABLE IF EXISTS `BATCH_JOB_EXECUTION_PARAMS`;
/*!40101 SET @saved_cs_client     = @@character_set_client */;
/*!50503 SET character_set_client = utf8mb4 */;
CREATE TABLE `BATCH_JOB_EXECUTION_PARAMS` (
  `JOB_EXECUTION_ID` bigint NOT NULL,
  `PARAMETER_NAME` varchar(100) NOT NULL,
  `PARAMETER_TYPE` varchar(100) NOT NULL,
  `PARAMETER_VALUE` varchar(2500) DEFAULT NULL,
  `IDENTIFYING` char(1) NOT NULL,
  KEY `JOB_EXEC_PARAMS_FK` (`JOB_EXECUTION_ID`),
  CONSTRAINT `JOB_EXEC_PARAMS_FK` FOREIGN KEY (`JOB_EXECUTION_ID`) REFERENCES `BATCH_JOB_EXECUTION` (`JOB_EXECUTION_ID`)
) ENGINE=InnoDB DEFAULT CHARSET=utf8mb4 COLLATE=utf8mb4_0900_ai_ci;
/*!40101 SET character_set_client = @saved_cs_client */;

--
-- Dumping data for table `BATCH_JOB_EXECUTION_PARAMS`
--

LOCK TABLES `BATCH_JOB_EXECUTION_PARAMS` WRITE;
/*!40000 ALTER TABLE `BATCH_JOB_EXECUTION_PARAMS` DISABLE KEYS */;
INSERT INTO `BATCH_JOB_EXECUTION_PARAMS` VALUES (1,'uuid','java.lang.String','d0ccf318-14e3-4bbc-98bc-159f489b2cfa','Y'),(1,'JobID','java.lang.String','1743988200002','Y'),(2,'uuid','java.lang.String','c7a3f2a7-7dc5-4f97-a53d-54fa49d5d336','Y'),(2,'JobID','java.lang.String','1744272000001','Y');
/*!40000 ALTER TABLE `BATCH_JOB_EXECUTION_PARAMS` ENABLE KEYS */;
UNLOCK TABLES;

--
-- Table structure for table `BATCH_JOB_EXECUTION_SEQ`
--

DROP TABLE IF EXISTS `BATCH_JOB_EXECUTION_SEQ`;
/*!40101 SET @saved_cs_client     = @@character_set_client */;
/*!50503 SET character_set_client = utf8mb4 */;
CREATE TABLE `BATCH_JOB_EXECUTION_SEQ` (
  `ID` bigint NOT NULL,
  `UNIQUE_KEY` char(1) NOT NULL,
  UNIQUE KEY `UNIQUE_KEY_UN` (`UNIQUE_KEY`)
) ENGINE=InnoDB DEFAULT CHARSET=utf8mb4 COLLATE=utf8mb4_0900_ai_ci;
/*!40101 SET character_set_client = @saved_cs_client */;

--
-- Dumping data for table `BATCH_JOB_EXECUTION_SEQ`
--

LOCK TABLES `BATCH_JOB_EXECUTION_SEQ` WRITE;
/*!40000 ALTER TABLE `BATCH_JOB_EXECUTION_SEQ` DISABLE KEYS */;
INSERT INTO `BATCH_JOB_EXECUTION_SEQ` VALUES (2,'0');
/*!40000 ALTER TABLE `BATCH_JOB_EXECUTION_SEQ` ENABLE KEYS */;
UNLOCK TABLES;

--
-- Table structure for table `BATCH_JOB_INSTANCE`
--

DROP TABLE IF EXISTS `BATCH_JOB_INSTANCE`;
/*!40101 SET @saved_cs_client     = @@character_set_client */;
/*!50503 SET character_set_client = utf8mb4 */;
CREATE TABLE `BATCH_JOB_INSTANCE` (
  `JOB_INSTANCE_ID` bigint NOT NULL,
  `VERSION` bigint DEFAULT NULL,
  `JOB_NAME` varchar(100) NOT NULL,
  `JOB_KEY` varchar(32) NOT NULL,
  PRIMARY KEY (`JOB_INSTANCE_ID`),
  UNIQUE KEY `JOB_INST_UN` (`JOB_NAME`,`JOB_KEY`)
) ENGINE=InnoDB DEFAULT CHARSET=utf8mb4 COLLATE=utf8mb4_0900_ai_ci;
/*!40101 SET character_set_client = @saved_cs_client */;

--
-- Dumping data for table `BATCH_JOB_INSTANCE`
--

LOCK TABLES `BATCH_JOB_INSTANCE` WRITE;
/*!40000 ALTER TABLE `BATCH_JOB_INSTANCE` DISABLE KEYS */;
INSERT INTO `BATCH_JOB_INSTANCE` VALUES (1,0,'utilityBillingStatementJob','95f4c86f7cfb602d3515da132ea16c9f'),(2,0,'collectToUtilityAccountJob','48fbac7bd34ff4571abc1db70827ff68');
/*!40000 ALTER TABLE `BATCH_JOB_INSTANCE` ENABLE KEYS */;
UNLOCK TABLES;

--
-- Table structure for table `BATCH_JOB_SEQ`
--

DROP TABLE IF EXISTS `BATCH_JOB_SEQ`;
/*!40101 SET @saved_cs_client     = @@character_set_client */;
/*!50503 SET character_set_client = utf8mb4 */;
CREATE TABLE `BATCH_JOB_SEQ` (
  `ID` bigint NOT NULL,
  `UNIQUE_KEY` char(1) NOT NULL,
  UNIQUE KEY `UNIQUE_KEY_UN` (`UNIQUE_KEY`)
) ENGINE=InnoDB DEFAULT CHARSET=utf8mb4 COLLATE=utf8mb4_0900_ai_ci;
/*!40101 SET character_set_client = @saved_cs_client */;

--
-- Dumping data for table `BATCH_JOB_SEQ`
--

LOCK TABLES `BATCH_JOB_SEQ` WRITE;
/*!40000 ALTER TABLE `BATCH_JOB_SEQ` DISABLE KEYS */;
INSERT INTO `BATCH_JOB_SEQ` VALUES (2,'0');
/*!40000 ALTER TABLE `BATCH_JOB_SEQ` ENABLE KEYS */;
UNLOCK TABLES;

--
-- Table structure for table `BATCH_STEP_EXECUTION`
--

DROP TABLE IF EXISTS `BATCH_STEP_EXECUTION`;
/*!40101 SET @saved_cs_client     = @@character_set_client */;
/*!50503 SET character_set_client = utf8mb4 */;
CREATE TABLE `BATCH_STEP_EXECUTION` (
  `STEP_EXECUTION_ID` bigint NOT NULL,
  `VERSION` bigint NOT NULL,
  `STEP_NAME` varchar(100) NOT NULL,
  `JOB_EXECUTION_ID` bigint NOT NULL,
  `CREATE_TIME` datetime(6) NOT NULL,
  `START_TIME` datetime(6) DEFAULT NULL,
  `END_TIME` datetime(6) DEFAULT NULL,
  `STATUS` varchar(10) DEFAULT NULL,
  `COMMIT_COUNT` bigint DEFAULT NULL,
  `READ_COUNT` bigint DEFAULT NULL,
  `FILTER_COUNT` bigint DEFAULT NULL,
  `WRITE_COUNT` bigint DEFAULT NULL,
  `READ_SKIP_COUNT` bigint DEFAULT NULL,
  `WRITE_SKIP_COUNT` bigint DEFAULT NULL,
  `PROCESS_SKIP_COUNT` bigint DEFAULT NULL,
  `ROLLBACK_COUNT` bigint DEFAULT NULL,
  `EXIT_CODE` varchar(2500) DEFAULT NULL,
  `EXIT_MESSAGE` varchar(2500) DEFAULT NULL,
  `LAST_UPDATED` datetime(6) DEFAULT NULL,
  PRIMARY KEY (`STEP_EXECUTION_ID`),
  KEY `JOB_EXEC_STEP_FK` (`JOB_EXECUTION_ID`),
  CONSTRAINT `JOB_EXEC_STEP_FK` FOREIGN KEY (`JOB_EXECUTION_ID`) REFERENCES `BATCH_JOB_EXECUTION` (`JOB_EXECUTION_ID`)
) ENGINE=InnoDB DEFAULT CHARSET=utf8mb4 COLLATE=utf8mb4_0900_ai_ci;
/*!40101 SET character_set_client = @saved_cs_client */;

--
-- Dumping data for table `BATCH_STEP_EXECUTION`
--

LOCK TABLES `BATCH_STEP_EXECUTION` WRITE;
/*!40000 ALTER TABLE `BATCH_STEP_EXECUTION` DISABLE KEYS */;
INSERT INTO `BATCH_STEP_EXECUTION` VALUES (1,3,'saveCurrentWeekBillingStatementStep',1,'2025-04-07 01:10:00.136763','2025-04-07 01:10:00.160401','2025-04-07 01:10:01.361919','COMPLETED',1,0,0,0,0,0,0,0,'COMPLETED','','2025-04-07 01:10:01.368880'),(2,3,'collectToUtilityAccountStep',2,'2025-04-10 08:00:00.146699','2025-04-10 08:00:00.172192','2025-04-10 08:00:11.954821','COMPLETED',1,0,0,0,0,0,0,0,'COMPLETED','','2025-04-10 08:00:11.962091');
/*!40000 ALTER TABLE `BATCH_STEP_EXECUTION` ENABLE KEYS */;
UNLOCK TABLES;

--
-- Table structure for table `BATCH_STEP_EXECUTION_CONTEXT`
--

DROP TABLE IF EXISTS `BATCH_STEP_EXECUTION_CONTEXT`;
/*!40101 SET @saved_cs_client     = @@character_set_client */;
/*!50503 SET character_set_client = utf8mb4 */;
CREATE TABLE `BATCH_STEP_EXECUTION_CONTEXT` (
  `STEP_EXECUTION_ID` bigint NOT NULL,
  `SHORT_CONTEXT` varchar(2500) NOT NULL,
  `SERIALIZED_CONTEXT` text,
  PRIMARY KEY (`STEP_EXECUTION_ID`),
  CONSTRAINT `STEP_EXEC_CTX_FK` FOREIGN KEY (`STEP_EXECUTION_ID`) REFERENCES `BATCH_STEP_EXECUTION` (`STEP_EXECUTION_ID`)
) ENGINE=InnoDB DEFAULT CHARSET=utf8mb4 COLLATE=utf8mb4_0900_ai_ci;
/*!40101 SET character_set_client = @saved_cs_client */;

--
-- Dumping data for table `BATCH_STEP_EXECUTION_CONTEXT`
--

LOCK TABLES `BATCH_STEP_EXECUTION_CONTEXT` WRITE;
/*!40000 ALTER TABLE `BATCH_STEP_EXECUTION_CONTEXT` DISABLE KEYS */;
INSERT INTO `BATCH_STEP_EXECUTION_CONTEXT` VALUES (1,'rO0ABXNyABFqYXZhLnV0aWwuSGFzaE1hcAUH2sHDFmDRAwACRgAKbG9hZEZhY3RvckkACXRocmVzaG9sZHhwP0AAAAAAAAx3CAAAABAAAAADdAARYmF0Y2gudGFza2xldFR5cGV0ADpjb20uc3NhZnkuY2hhaW5nLmJhdGNoLnRhc2tsZXQuU2F2ZUJpbGxpbmdTdGF0ZW1lbnRUYXNrbGV0dAANYmF0Y2gudmVyc2lvbnQABTUuMi4xdAAOYmF0Y2guc3RlcFR5cGV0ADdvcmcuc3ByaW5nZnJhbWV3b3JrLmJhdGNoLmNvcmUuc3RlcC50YXNrbGV0LlRhc2tsZXRTdGVweA==',NULL),(2,'rO0ABXNyABFqYXZhLnV0aWwuSGFzaE1hcAUH2sHDFmDRAwACRgAKbG9hZEZhY3RvckkACXRocmVzaG9sZHhwP0AAAAAAAAx3CAAAABAAAAADdAARYmF0Y2gudGFza2xldFR5cGV0AD1jb20uc3NhZnkuY2hhaW5nLmJhdGNoLnRhc2tsZXQuQ29sbGVjdFRvVXRpbGl0eUFjY291bnRUYXNrbGV0dAANYmF0Y2gudmVyc2lvbnQABTUuMi4xdAAOYmF0Y2guc3RlcFR5cGV0ADdvcmcuc3ByaW5nZnJhbWV3b3JrLmJhdGNoLmNvcmUuc3RlcC50YXNrbGV0LlRhc2tsZXRTdGVweA==',NULL);
/*!40000 ALTER TABLE `BATCH_STEP_EXECUTION_CONTEXT` ENABLE KEYS */;
UNLOCK TABLES;

--
-- Table structure for table `BATCH_STEP_EXECUTION_SEQ`
--

DROP TABLE IF EXISTS `BATCH_STEP_EXECUTION_SEQ`;
/*!40101 SET @saved_cs_client     = @@character_set_client */;
/*!50503 SET character_set_client = utf8mb4 */;
CREATE TABLE `BATCH_STEP_EXECUTION_SEQ` (
  `ID` bigint NOT NULL,
  `UNIQUE_KEY` char(1) NOT NULL,
  UNIQUE KEY `UNIQUE_KEY_UN` (`UNIQUE_KEY`)
) ENGINE=InnoDB DEFAULT CHARSET=utf8mb4 COLLATE=utf8mb4_0900_ai_ci;
/*!40101 SET character_set_client = @saved_cs_client */;

--
-- Dumping data for table `BATCH_STEP_EXECUTION_SEQ`
--

LOCK TABLES `BATCH_STEP_EXECUTION_SEQ` WRITE;
/*!40000 ALTER TABLE `BATCH_STEP_EXECUTION_SEQ` DISABLE KEYS */;
INSERT INTO `BATCH_STEP_EXECUTION_SEQ` VALUES (2,'0');
/*!40000 ALTER TABLE `BATCH_STEP_EXECUTION_SEQ` ENABLE KEYS */;
UNLOCK TABLES;

--
-- Table structure for table `contract_user`
--

DROP TABLE IF EXISTS `contract_user`;
/*!40101 SET @saved_cs_client     = @@character_set_client */;
/*!50503 SET character_set_client = utf8mb4 */;
CREATE TABLE `contract_user` (
  `is_deleted` bit(1) DEFAULT NULL,
  `is_surplus_user` bit(1) NOT NULL,
  `rent_amount` int DEFAULT NULL,
  `rent_ratio` int DEFAULT NULL,
  `utility_ratio` int DEFAULT NULL,
  `confirmed_at` datetime(6) DEFAULT NULL,
  `contract_id` bigint NOT NULL,
  `created_at` datetime(6) NOT NULL,
  `deleted_at` datetime(6) DEFAULT NULL,
  `id` bigint NOT NULL AUTO_INCREMENT,
  `updated_at` datetime(6) NOT NULL,
  `user_id` bigint NOT NULL,
  `account_no` varchar(255) DEFAULT NULL,
  `contract_status` enum('CONFIRMED','DRAFT','PENDING','REVIEW_REQUIRED') NOT NULL,
  PRIMARY KEY (`id`),
  KEY `contract_id` (`contract_id`),
  KEY `user_id` (`user_id`),
  CONSTRAINT `contract_user_ibfk_1` FOREIGN KEY (`contract_id`) REFERENCES `contracts` (`id`),
  CONSTRAINT `contract_user_ibfk_2` FOREIGN KEY (`user_id`) REFERENCES `users` (`id`)
) ENGINE=InnoDB AUTO_INCREMENT=251 DEFAULT CHARSET=utf8mb4 COLLATE=utf8mb4_0900_ai_ci;
/*!40101 SET character_set_client = @saved_cs_client */;

--
-- Dumping data for table `contract_user`
--

LOCK TABLES `contract_user` WRITE;
/*!40000 ALTER TABLE `contract_user` DISABLE KEYS */;
INSERT INTO `contract_user` VALUES (_binary '\0',_binary '\0',3333,1,1,NULL,2,'2025-04-02 06:04:15.311702',NULL,5,'2025-04-02 06:06:31.359551',36,NULL,'PENDING'),(_binary '\0',_binary '\0',3333,1,1,NULL,2,'2025-04-02 06:04:15.318546',NULL,6,'2025-04-02 06:06:31.359760',35,NULL,'PENDING'),(_binary '\0',_binary '\0',3333,1,1,NULL,2,'2025-04-02 06:04:15.321479',NULL,7,'2025-04-02 06:06:31.359854',34,NULL,'PENDING'),(_binary '\0',_binary '',1,NULL,NULL,NULL,2,'2025-04-02 06:04:15.323953',NULL,8,'2025-04-02 06:06:31.349181',1,'0015613262817258','CONFIRMED'),(_binary '\0',_binary '\0',3333,1,1,'2025-04-02 06:55:14.886959',3,'2025-04-02 06:52:16.011848',NULL,9,'2025-04-02 06:55:14.887871',37,'0016876352742020','CONFIRMED'),(_binary '\0',_binary '\0',3333,1,1,'2025-04-02 06:55:24.106820',3,'2025-04-02 06:52:16.019993',NULL,10,'2025-04-02 06:55:24.108634',38,'0016876352742020','CONFIRMED'),(_binary '\0',_binary '\0',3333,1,1,'2025-04-02 06:55:38.088780',3,'2025-04-02 06:52:16.022970',NULL,11,'2025-04-02 06:55:38.116166',39,'0016876352742020','CONFIRMED'),(_binary '\0',_binary '',1,NULL,NULL,NULL,3,'2025-04-02 06:52:16.025808',NULL,12,'2025-04-02 06:53:48.775931',1,'0015613262817258','CONFIRMED'),(_binary '\0',_binary '\0',3333,1,1,'2025-04-02 08:12:45.664151',4,'2025-04-02 08:08:13.626892',NULL,13,'2025-04-02 08:12:45.664812',154,'0010624269496821','CONFIRMED'),(_binary '\0',_binary '\0',3333,1,1,'2025-04-02 08:13:21.566758',4,'2025-04-02 08:08:13.632556',NULL,14,'2025-04-02 08:13:21.567452',155,'0010624269496821','CONFIRMED'),(_binary '\0',_binary '\0',3333,1,1,'2025-04-02 08:13:51.086731',4,'2025-04-02 08:08:13.635526',NULL,15,'2025-04-02 08:13:51.113942',156,'0010624269496821','CONFIRMED'),(_binary '\0',_binary '',1,NULL,NULL,NULL,4,'2025-04-02 08:08:13.637292',NULL,16,'2025-04-02 08:12:07.827675',1,'0015613262817258','CONFIRMED'),(_binary '\0',_binary '\0',15000,1,1,'2025-04-09 03:43:12.396203',5,'2025-04-02 21:58:53.772948',NULL,17,'2025-04-09 03:43:12.409647',28,'0017989339885828','CONFIRMED'),(_binary '\0',_binary '\0',15000,1,1,'2025-04-09 03:44:31.648964',5,'2025-04-02 21:58:53.779734',NULL,18,'2025-04-09 03:44:31.671925',29,'0017989339885828','CONFIRMED'),(_binary '\0',_binary '',0,NULL,NULL,NULL,5,'2025-04-02 21:58:53.781844',NULL,19,'2025-04-02 22:25:21.071570',1,'0015613262817258','CONFIRMED'),(_binary '\0',_binary '\0',300,1,1,'2025-04-04 06:40:28.394636',6,'2025-04-03 05:56:56.911443',NULL,20,'2025-04-04 06:40:28.395180',46,'0014228292349533','CONFIRMED'),(_binary '\0',_binary '\0',300,1,1,'2025-04-04 06:43:45.949445',6,'2025-04-03 05:56:56.916707',NULL,21,'2025-04-04 06:43:45.977603',47,'0014228292349533','CONFIRMED'),(_binary '\0',_binary '\0',300,1,1,'2025-04-04 06:16:44.300207',6,'2025-04-03 05:56:56.918774',NULL,22,'2025-04-04 06:16:44.301569',48,'0014228292349533','CONFIRMED'),(_binary '\0',_binary '',1,NULL,NULL,NULL,6,'2025-04-03 05:56:56.921626',NULL,23,'2025-04-03 06:00:34.707838',1,'0015613262817258','CONFIRMED'),(_binary '\0',_binary '\0',3333,1,1,'2025-04-03 06:10:30.099362',7,'2025-04-03 06:08:38.518489',NULL,24,'2025-04-03 06:10:30.124428',166,'0010624269496821','CONFIRMED'),(_binary '\0',_binary '\0',3333,1,1,'2025-04-03 06:10:16.544718',7,'2025-04-03 06:08:38.520446',NULL,25,'2025-04-03 06:10:16.545600',165,'0019468386865145','CONFIRMED'),(_binary '\0',_binary '\0',3333,1,1,'2025-04-03 06:10:02.427556',7,'2025-04-03 06:08:38.522410',NULL,26,'2025-04-03 06:10:02.428415',164,'0016876352742020','CONFIRMED'),(_binary '\0',_binary '',1,NULL,NULL,NULL,7,'2025-04-03 06:08:38.525048',NULL,27,'2025-04-03 06:08:50.168210',1,'0015613262817258','CONFIRMED'),(_binary '\0',_binary '\0',3333,1,1,'2025-04-03 08:42:22.174229',8,'2025-04-03 08:42:22.017413',NULL,28,'2025-04-03 08:42:22.176082',231,'0010624269496821','CONFIRMED'),(_binary '\0',_binary '\0',3333,1,1,'2025-04-03 08:42:22.200540',8,'2025-04-03 08:42:22.025244',NULL,29,'2025-04-03 08:42:22.202817',232,'0019468386865145','CONFIRMED'),(_binary '\0',_binary '\0',3333,1,1,'2025-04-03 08:42:22.226507',8,'2025-04-03 08:42:22.029736',NULL,30,'2025-04-03 08:42:22.259550',233,'0016876352742020','CONFIRMED'),(_binary '\0',_binary '',1,NULL,NULL,NULL,8,'2025-04-03 08:42:22.033355',NULL,31,'2025-04-03 08:42:22.113412',1,'0015613262817258','CONFIRMED'),(_binary '\0',_binary '\0',3333,1,1,'2025-04-03 08:43:56.872435',9,'2025-04-03 08:43:56.774624',NULL,32,'2025-04-03 08:43:56.874024',234,'0010624269496821','CONFIRMED'),(_binary '\0',_binary '\0',3333,1,1,'2025-04-03 08:43:56.895527',9,'2025-04-03 08:43:56.777581',NULL,33,'2025-04-03 08:43:56.897161',235,'0019468386865145','CONFIRMED'),(_binary '\0',_binary '\0',3333,1,1,'2025-04-03 08:43:56.921780',9,'2025-04-03 08:43:56.781433',NULL,34,'2025-04-03 08:43:56.941193',236,'0016876352742020','CONFIRMED'),(_binary '\0',_binary '',1,NULL,NULL,NULL,9,'2025-04-03 08:43:56.784494',NULL,35,'2025-04-03 08:43:56.829367',1,'0015613262817258','CONFIRMED'),(_binary '\0',_binary '\0',3333,1,1,'2025-04-03 08:44:04.079925',10,'2025-04-03 08:44:03.985671',NULL,36,'2025-04-03 08:44:04.081477',237,'0010624269496821','CONFIRMED'),(_binary '\0',_binary '\0',3333,1,1,'2025-04-03 08:44:04.104673',10,'2025-04-03 08:44:03.988091',NULL,37,'2025-04-03 08:44:04.105634',238,'0019468386865145','CONFIRMED'),(_binary '\0',_binary '\0',3333,1,1,'2025-04-03 08:44:04.128044',10,'2025-04-03 08:44:03.990781',NULL,38,'2025-04-03 08:44:04.144903',239,'0016876352742020','CONFIRMED'),(_binary '\0',_binary '',1,NULL,NULL,NULL,10,'2025-04-03 08:44:03.992602',NULL,39,'2025-04-03 08:44:04.039471',1,'0015613262817258','CONFIRMED'),(_binary '\0',_binary '\0',3333,1,1,'2025-04-03 08:44:24.473222',11,'2025-04-03 08:44:24.383121',NULL,40,'2025-04-03 08:44:24.474177',240,'0010624269496821','CONFIRMED'),(_binary '\0',_binary '\0',3333,1,1,'2025-04-03 08:44:24.489687',11,'2025-04-03 08:44:24.385500',NULL,41,'2025-04-03 08:44:24.491867',241,'0019468386865145','CONFIRMED'),(_binary '\0',_binary '\0',3333,1,1,'2025-04-03 08:44:24.512688',11,'2025-04-03 08:44:24.388380',NULL,42,'2025-04-03 08:44:24.525139',242,'0016876352742020','CONFIRMED'),(_binary '\0',_binary '',1,NULL,NULL,NULL,11,'2025-04-03 08:44:24.390258',NULL,43,'2025-04-03 08:44:24.434412',1,'0015613262817258','CONFIRMED'),(_binary '\0',_binary '\0',3333,1,1,'2025-04-03 08:44:28.108445',12,'2025-04-03 08:44:28.019608',NULL,44,'2025-04-03 08:44:28.109332',243,'0019468386865145','CONFIRMED'),(_binary '\0',_binary '\0',3333,1,1,'2025-04-03 08:44:28.129976',12,'2025-04-03 08:44:28.022128',NULL,45,'2025-04-03 08:44:28.130819',244,'0019468386865145','CONFIRMED'),(_binary '\0',_binary '\0',3333,1,1,'2025-04-03 08:44:28.151132',12,'2025-04-03 08:44:28.025023',NULL,46,'2025-04-03 08:44:28.165995',245,'0016876352742020','CONFIRMED'),(_binary '\0',_binary '',1,NULL,NULL,NULL,12,'2025-04-03 08:44:28.026558',NULL,47,'2025-04-03 08:44:28.068364',1,'0015613262817258','CONFIRMED'),(_binary '\0',_binary '\0',3333,1,1,'2025-04-03 08:44:32.307392',13,'2025-04-03 08:44:32.218395',NULL,48,'2025-04-03 08:44:32.308124',246,'1111','CONFIRMED'),(_binary '\0',_binary '\0',3333,1,1,'2025-04-03 08:44:32.328958',13,'2025-04-03 08:44:32.220170',NULL,49,'2025-04-03 08:44:32.329858',247,'0019468386865145','CONFIRMED'),(_binary '\0',_binary '\0',3333,1,1,'2025-04-03 08:44:32.354753',13,'2025-04-03 08:44:32.223887',NULL,50,'2025-04-03 08:44:32.368283',248,'0016876352742020','CONFIRMED'),(_binary '\0',_binary '',1,NULL,NULL,NULL,13,'2025-04-03 08:44:32.227234',NULL,51,'2025-04-03 08:44:32.269938',1,'0015613262817258','CONFIRMED'),(_binary '\0',_binary '\0',3333,1,1,'2025-04-03 08:44:40.107728',14,'2025-04-03 08:44:40.017679',NULL,52,'2025-04-03 08:44:40.109131',249,'0010624269496821','CONFIRMED'),(_binary '\0',_binary '\0',3333,1,1,'2025-04-03 08:44:40.127583',14,'2025-04-03 08:44:40.019634',NULL,53,'2025-04-03 08:44:40.128496',250,'0019468386865145','CONFIRMED'),(_binary '\0',_binary '\0',3333,1,1,'2025-04-03 08:44:40.150078',14,'2025-04-03 08:44:40.022465',NULL,54,'2025-04-03 08:44:40.164817',251,'0016876352742020','CONFIRMED'),(_binary '\0',_binary '',1,NULL,NULL,NULL,14,'2025-04-03 08:44:40.024593',NULL,55,'2025-04-03 08:44:40.064710',1,'0015613262817258','CONFIRMED'),(_binary '\0',_binary '\0',3333,1,1,'2025-04-03 08:49:30.891584',15,'2025-04-03 08:49:30.799372',NULL,56,'2025-04-03 08:49:30.893138',252,'0015613262817258','CONFIRMED'),(_binary '\0',_binary '\0',3333,1,1,'2025-04-03 08:49:30.913338',15,'2025-04-03 08:49:30.803228',NULL,57,'2025-04-03 08:49:30.914554',253,'0019468386865145','CONFIRMED'),(_binary '\0',_binary '\0',3333,1,1,'2025-04-03 08:49:30.933496',15,'2025-04-03 08:49:30.806235',NULL,58,'2025-04-03 08:49:30.949468',254,'0016876352742020','CONFIRMED'),(_binary '\0',_binary '',1,NULL,NULL,NULL,15,'2025-04-03 08:49:30.807801',NULL,59,'2025-04-03 08:49:30.849233',1,'0015613262817258','CONFIRMED'),(_binary '\0',_binary '\0',3333111,1,1,NULL,16,'2025-04-03 08:51:13.523831',NULL,60,'2025-04-03 11:56:33.369861',41,NULL,'PENDING'),(_binary '\0',_binary '',0,NULL,NULL,NULL,16,'2025-04-03 08:51:13.525894',NULL,61,'2025-04-03 11:45:35.830497',1,'0015613262817258','CONFIRMED'),(_binary '\0',_binary '\0',0,0,1,NULL,18,'2025-04-03 12:00:25.074283',NULL,62,'2025-04-03 12:00:25.074283',42,NULL,'DRAFT'),(_binary '\0',_binary '',NULL,NULL,NULL,NULL,18,'2025-04-03 12:00:25.076232',NULL,63,'2025-04-03 12:00:25.076232',1,'0015613262817258','CONFIRMED'),(_binary '\0',_binary '\0',0,0,1,NULL,20,'2025-04-03 12:04:24.047889',NULL,64,'2025-04-03 12:04:24.047889',43,NULL,'DRAFT'),(_binary '\0',_binary '',NULL,NULL,NULL,NULL,20,'2025-04-03 12:04:24.050590',NULL,65,'2025-04-03 12:04:24.050590',1,'0015613262817258','CONFIRMED'),(_binary '\0',_binary '\0',3333,1,1,'2025-04-04 07:46:34.600663',22,'2025-04-04 07:46:34.515875',NULL,66,'2025-04-04 07:46:34.601446',255,'0010624269496821','CONFIRMED'),(_binary '\0',_binary '\0',3333,1,1,'2025-04-04 07:46:34.618018',22,'2025-04-04 07:46:34.517600',NULL,67,'2025-04-04 07:46:34.618769',256,'0016876352742020','CONFIRMED'),(_binary '\0',_binary '\0',3333,1,1,'2025-04-04 07:46:34.636417',22,'2025-04-04 07:46:34.519622',NULL,68,'2025-04-04 07:46:34.651953',257,'0019468386865145','CONFIRMED'),(_binary '\0',_binary '',1,NULL,NULL,NULL,22,'2025-04-04 07:46:34.521483',NULL,69,'2025-04-04 07:46:34.571618',1,'0015613262817258','CONFIRMED'),(_binary '\0',_binary '\0',3333,1,1,'2025-04-04 08:51:34.973293',23,'2025-04-04 08:51:34.858165',NULL,70,'2025-04-04 08:51:34.974030',258,'0016876352742020','CONFIRMED'),(_binary '\0',_binary '\0',3333,1,1,'2025-04-04 08:51:34.999199',23,'2025-04-04 08:51:34.865364',NULL,71,'2025-04-04 08:51:35.000408',259,'0019468386865145','CONFIRMED'),(_binary '\0',_binary '\0',3333,1,1,'2025-04-04 08:51:35.026925',23,'2025-04-04 08:51:34.867743',NULL,72,'2025-04-04 08:51:35.056892',260,'0010624269496821','CONFIRMED'),(_binary '\0',_binary '',1,NULL,NULL,NULL,23,'2025-04-04 08:51:34.870376',NULL,73,'2025-04-04 08:51:34.930846',1,'0015613262817258','CONFIRMED'),(_binary '\0',_binary '\0',1000,1,1,'2025-04-05 14:07:08.823661',24,'2025-04-05 14:02:03.067159',NULL,74,'2025-04-05 14:07:08.844415',44,'3323223','CONFIRMED'),(_binary '\0',_binary '',0,NULL,NULL,NULL,24,'2025-04-05 14:02:03.072611',NULL,75,'2025-04-05 14:02:54.495920',1,'0015613262817258','CONFIRMED'),(_binary '\0',_binary '\0',100000,1,1,'2025-04-06 09:22:14.447861',26,'2025-04-06 06:47:36.392816',NULL,76,'2025-04-06 09:22:14.470505',56,'0014228292349533','CONFIRMED'),(_binary '\0',_binary '\0',100000,1,1,'2025-04-06 09:23:42.504991',26,'2025-04-06 06:47:36.399389',NULL,77,'2025-04-06 09:23:42.535768',57,'0014228292349533','CONFIRMED'),(_binary '\0',_binary '',0,NULL,NULL,NULL,26,'2025-04-06 06:47:36.402182',NULL,78,'2025-04-06 09:21:04.353180',1,'0015613262817258','CONFIRMED'),(_binary '\0',_binary '\0',100000,1,1,'2025-04-06 11:12:12.214609',28,'2025-04-06 07:03:34.995721',NULL,79,'2025-04-06 11:12:12.220733',58,'0017989339885828','CONFIRMED'),(_binary '\0',_binary '\0',100000,1,1,'2025-04-06 11:12:39.806793',28,'2025-04-06 07:03:34.998794',NULL,80,'2025-04-06 11:12:39.836993',59,'0017989339885828','CONFIRMED'),(_binary '\0',_binary '',0,NULL,NULL,NULL,28,'2025-04-06 07:03:35.000215',NULL,81,'2025-04-06 09:16:24.031286',1,'0015613262817258','CONFIRMED'),(_binary '\0',_binary '\0',1115000,1,1,'2025-04-06 08:03:21.144068',30,'2025-04-06 07:08:26.920868',NULL,82,'2025-04-06 08:08:04.204482',60,'0017989339885828','CONFIRMED'),(_binary '\0',_binary '\0',1115000,1,1,'2025-04-06 08:34:46.819372',30,'2025-04-06 07:08:26.927207',NULL,83,'2025-04-06 08:34:46.839693',61,'0017989339885828','CONFIRMED'),(_binary '\0',_binary '',0,NULL,NULL,NULL,30,'2025-04-06 07:08:26.929177',NULL,84,'2025-04-06 07:55:59.611979',1,'0015613262817258','CONFIRMED'),(_binary '\0',_binary '\0',3000,1,1,'2025-04-07 00:51:57.743761',32,'2025-04-06 07:17:08.220261',NULL,85,'2025-04-07 00:51:57.763023',62,'0017989339885828','CONFIRMED'),(_binary '\0',_binary '',0,NULL,NULL,NULL,32,'2025-04-06 07:17:08.222138',NULL,86,'2025-04-07 00:51:52.107654',1,'0015613262817258','CONFIRMED'),(_binary '\0',_binary '\0',100000,1,1,'2025-04-06 14:49:04.283640',33,'2025-04-06 14:47:26.570091',NULL,87,'2025-04-06 14:49:04.284117',262,'0017989339885828','CONFIRMED'),(_binary '\0',_binary '\0',100000,1,1,'2025-04-06 14:49:23.974333',33,'2025-04-06 14:47:26.573946',NULL,88,'2025-04-06 14:49:23.974753',263,'0017989339885828','CONFIRMED'),(_binary '\0',_binary '\0',100000,1,1,'2025-04-06 14:49:40.624200',33,'2025-04-06 14:47:26.576413',NULL,89,'2025-04-06 14:49:40.642577',264,'0017989339885828','CONFIRMED'),(_binary '\0',_binary '',0,NULL,NULL,NULL,33,'2025-04-06 14:47:26.579056',NULL,90,'2025-04-06 14:49:00.182225',1,'0015613262817258','CONFIRMED'),(_binary '\0',_binary '\0',5000,1,1,'2025-04-07 00:56:11.265511',34,'2025-04-07 00:31:39.215984',NULL,91,'2025-04-07 00:56:11.273340',91,'0015613262817258','CONFIRMED'),(_binary '\0',_binary '\0',5000,1,1,'2025-04-07 00:56:24.668531',34,'2025-04-07 00:31:39.222056',NULL,92,'2025-04-07 00:56:24.700036',92,'0015613262817258','CONFIRMED'),(_binary '\0',_binary '',0,NULL,NULL,NULL,34,'2025-04-07 00:31:39.225425',NULL,93,'2025-04-07 00:48:35.498851',1,'0015613262817258','CONFIRMED'),(_binary '\0',_binary '\0',0,0,1,NULL,36,'2025-04-07 00:54:50.202255',NULL,94,'2025-04-07 00:54:50.202255',63,NULL,'DRAFT'),(_binary '\0',_binary '\0',0,0,1,NULL,36,'2025-04-07 00:54:50.209534',NULL,95,'2025-04-07 00:54:50.209534',64,NULL,'DRAFT'),(_binary '\0',_binary '\0',0,0,1,NULL,36,'2025-04-07 00:54:50.212594',NULL,96,'2025-04-07 00:54:50.212594',65,NULL,'DRAFT'),(_binary '\0',_binary '',NULL,NULL,NULL,NULL,36,'2025-04-07 00:54:50.215262',NULL,97,'2025-04-07 00:54:50.215262',1,'0015613262817258','CONFIRMED'),(_binary '\0',_binary '\0',0,0,1,NULL,37,'2025-04-07 01:06:43.868414',NULL,98,'2025-04-07 01:06:43.868414',94,NULL,'DRAFT'),(_binary '\0',_binary '\0',0,0,1,NULL,37,'2025-04-07 01:06:43.874576',NULL,99,'2025-04-07 01:06:43.874576',93,NULL,'DRAFT'),(_binary '\0',_binary '',NULL,NULL,NULL,NULL,37,'2025-04-07 01:06:43.876929',NULL,100,'2025-04-07 01:06:43.876929',1,'0015613262817258','CONFIRMED'),(_binary '\0',_binary '\0',0,0,1,NULL,38,'2025-04-07 02:03:57.226635',NULL,101,'2025-04-07 02:03:57.226635',265,NULL,'DRAFT'),(_binary '\0',_binary '\0',0,0,1,NULL,38,'2025-04-07 02:03:57.231483',NULL,102,'2025-04-07 02:03:57.231483',266,NULL,'DRAFT'),(_binary '\0',_binary '',NULL,NULL,NULL,NULL,38,'2025-04-07 02:03:57.233794',NULL,103,'2025-04-07 02:03:57.233794',1,'0015613262817258','CONFIRMED'),(_binary '\0',_binary '\0',10000,7,1,'2025-04-07 03:45:17.147204',40,'2025-04-07 02:28:11.474080',NULL,104,'2025-04-07 03:45:17.170120',267,'0017989339885828','CONFIRMED'),(_binary '\0',_binary '',0,NULL,NULL,NULL,40,'2025-04-07 02:28:11.476179',NULL,105,'2025-04-07 03:44:39.952974',1,'0015613262817258','CONFIRMED'),(_binary '\0',_binary '\0',100000,1,1,'2025-04-07 03:13:11.676387',41,'2025-04-07 03:12:22.314483',NULL,106,'2025-04-07 03:13:11.714656',71,'0017989339885828','CONFIRMED'),(_binary '\0',_binary '',0,NULL,NULL,NULL,41,'2025-04-07 03:12:22.316319',NULL,107,'2025-04-07 03:13:04.834206',1,'0015613262817258','CONFIRMED'),(_binary '\0',_binary '\0',100000,1,1,NULL,42,'2025-04-07 03:14:43.002795',NULL,108,'2025-04-07 03:26:17.296150',73,'0017989339885828','REVIEW_REQUIRED'),(_binary '\0',_binary '\0',100000,1,1,NULL,42,'2025-04-07 03:14:43.004508',NULL,109,'2025-04-07 03:15:17.516829',74,NULL,'PENDING'),(_binary '\0',_binary '',0,NULL,NULL,NULL,42,'2025-04-07 03:14:43.006476',NULL,110,'2025-04-07 03:15:17.488185',1,'0015613262817258','CONFIRMED'),(_binary '\0',_binary '\0',3333,1,1,'2025-04-07 04:05:09.824489',43,'2025-04-07 04:00:48.657715',NULL,111,'2025-04-07 04:05:09.841588',95,'0015613262817258','CONFIRMED'),(_binary '\0',_binary '\0',6666,2,1,'2025-04-07 04:05:20.095439',43,'2025-04-07 04:00:48.660582',NULL,112,'2025-04-07 04:05:20.119879',96,'0019468386865145','CONFIRMED'),(_binary '\0',_binary '',1,NULL,NULL,NULL,43,'2025-04-07 04:00:48.662197',NULL,113,'2025-04-07 04:02:17.095281',1,'0015613262817258','CONFIRMED'),(_binary '\0',_binary '\0',133333,2,1,'2025-04-07 04:25:21.185419',44,'2025-04-07 04:15:59.309221',NULL,114,'2025-04-07 04:25:21.222421',98,'0013726118517620','CONFIRMED'),(_binary '\0',_binary '\0',66666,1,1,'2025-04-07 04:24:53.139011',44,'2025-04-07 04:15:59.315804',NULL,115,'2025-04-07 04:24:53.155892',97,'0014228292349533','CONFIRMED'),(_binary '\0',_binary '',1,NULL,NULL,NULL,44,'2025-04-07 04:15:59.318778',NULL,116,'2025-04-07 04:23:19.600864',1,'0015613262817258','CONFIRMED'),(_binary '\0',_binary '\0',62500,5,1,'2025-04-07 04:51:45.631330',45,'2025-04-07 04:47:12.786838',NULL,117,'2025-04-07 04:51:45.647024',99,'0014228292349533','CONFIRMED'),(_binary '\0',_binary '\0',37500,3,1,'2025-04-07 04:52:13.072573',45,'2025-04-07 04:47:12.792238',NULL,118,'2025-04-07 04:52:13.113022',100,'0013726118517620','CONFIRMED'),(_binary '\0',_binary '',0,NULL,NULL,NULL,45,'2025-04-07 04:47:12.794810',NULL,119,'2025-04-07 04:51:29.005654',1,'0015613262817258','CONFIRMED'),(_binary '\0',_binary '\0',0,0,1,NULL,46,'2025-04-07 05:20:38.924323',NULL,120,'2025-04-07 05:20:38.924323',105,NULL,'DRAFT'),(_binary '\0',_binary '\0',0,0,1,NULL,46,'2025-04-07 05:20:38.927272',NULL,121,'2025-04-07 05:20:38.927272',106,NULL,'DRAFT'),(_binary '\0',_binary '',NULL,NULL,NULL,NULL,46,'2025-04-07 05:20:38.929453',NULL,122,'2025-04-07 05:20:38.929453',1,'0015613262817258','CONFIRMED'),(_binary '\0',_binary '\0',3333,1,1,'2025-04-07 07:10:14.288791',47,'2025-04-07 07:10:14.108553',NULL,123,'2025-04-07 07:10:14.296469',270,'0014228292349533','CONFIRMED'),(_binary '\0',_binary '\0',3333,1,1,'2025-04-07 07:10:14.316216',47,'2025-04-07 07:10:14.114754',NULL,124,'2025-04-07 07:10:14.324612',271,'0014404007246419','CONFIRMED'),(_binary '\0',_binary '\0',3333,1,1,'2025-04-07 07:10:14.348975',47,'2025-04-07 07:10:14.117522',NULL,125,'2025-04-07 07:10:14.389075',272,'0017989339885828','CONFIRMED'),(_binary '\0',_binary '',1,NULL,NULL,NULL,47,'2025-04-07 07:10:14.119563',NULL,126,'2025-04-07 07:10:14.201462',1,'0015613262817258','CONFIRMED'),(_binary '\0',_binary '\0',33333,1,1,'2025-04-07 08:03:37.416138',48,'2025-04-07 07:52:12.166845',NULL,127,'2025-04-07 08:03:37.432868',77,'0014228292349533','CONFIRMED'),(_binary '\0',_binary '\0',33333,1,1,'2025-04-07 08:06:14.974367',48,'2025-04-07 07:52:12.169434',NULL,128,'2025-04-07 08:06:14.991250',76,'0013726118517620','CONFIRMED'),(_binary '\0',_binary '\0',33333,1,1,'2025-04-07 08:04:55.833288',48,'2025-04-07 07:52:12.172153',NULL,129,'2025-04-07 08:04:55.840514',75,'0014404007246419','CONFIRMED'),(_binary '\0',_binary '',1,NULL,NULL,NULL,48,'2025-04-07 07:52:12.175583',NULL,130,'2025-04-07 07:57:31.122971',1,'0015613262817258','CONFIRMED'),(_binary '\0',_binary '\0',100000,1,1,'2025-04-07 07:55:56.038390',49,'2025-04-07 07:52:23.667675',NULL,131,'2025-04-07 07:55:56.060251',273,'0017989339885828','CONFIRMED'),(_binary '\0',_binary '',0,NULL,NULL,NULL,49,'2025-04-07 07:52:23.669894',NULL,132,'2025-04-07 07:52:40.528507',1,'0015613262817258','CONFIRMED'),(_binary '\0',_binary '\0',33333,1,1,'2025-04-07 08:19:36.669726',50,'2025-04-07 08:14:00.241571',NULL,133,'2025-04-07 08:19:36.689967',83,'0013726118517620','CONFIRMED'),(_binary '\0',_binary '\0',33333,1,1,'2025-04-07 08:19:33.510192',50,'2025-04-07 08:14:00.243697',NULL,134,'2025-04-07 08:19:33.517139',81,'0014404007246419','CONFIRMED'),(_binary '\0',_binary '\0',33333,1,1,'2025-04-07 08:19:22.014273',50,'2025-04-07 08:14:00.246387',NULL,135,'2025-04-07 08:19:22.021917',82,'0014228292349533','CONFIRMED'),(_binary '\0',_binary '',1,NULL,NULL,NULL,50,'2025-04-07 08:14:00.247705',NULL,136,'2025-04-07 08:18:56.105393',1,'0015613262817258','CONFIRMED'),(_binary '\0',_binary '\0',100000,1,1,'2025-04-07 08:39:14.540568',51,'2025-04-07 08:35:25.899637',NULL,137,'2025-04-07 08:39:14.568226',67,'0014228292349533','CONFIRMED'),(_binary '\0',_binary '\0',100000,1,1,'2025-04-07 08:38:40.427618',51,'2025-04-07 08:35:25.901558',NULL,138,'2025-04-07 08:38:40.437441',66,'0014404007246419','CONFIRMED'),(_binary '\0',_binary '',0,NULL,NULL,NULL,51,'2025-04-07 08:35:25.903074',NULL,139,'2025-04-07 08:37:34.000049',1,'0015613262817258','CONFIRMED'),(_binary '\0',_binary '\0',3333,1,1,'2025-04-07 09:27:11.575966',52,'2025-04-07 09:27:11.407236',NULL,140,'2025-04-07 09:27:11.582131',274,'0014228292349533','CONFIRMED'),(_binary '\0',_binary '\0',3333,1,1,'2025-04-07 09:27:11.602469',52,'2025-04-07 09:27:11.412397',NULL,141,'2025-04-07 09:27:11.610223',275,'0014404007246419','CONFIRMED'),(_binary '\0',_binary '\0',3333,1,1,'2025-04-07 09:27:11.630153',52,'2025-04-07 09:27:11.414857',NULL,142,'2025-04-07 09:27:11.655648',276,'0017989339885828','CONFIRMED'),(_binary '\0',_binary '',1,NULL,NULL,NULL,52,'2025-04-07 09:27:11.418028',NULL,143,'2025-04-07 09:27:11.490520',1,'0015613262817258','CONFIRMED'),(_binary '\0',_binary '\0',3333,1,1,'2025-04-07 11:08:26.648425',53,'2025-04-07 11:08:26.449330',NULL,144,'2025-04-07 11:08:26.656397',277,'0014228292349533','CONFIRMED'),(_binary '\0',_binary '\0',3333,1,1,'2025-04-07 11:08:26.682267',53,'2025-04-07 11:08:26.453863',NULL,145,'2025-04-07 11:08:26.691352',278,'0014404007246419','CONFIRMED'),(_binary '\0',_binary '\0',3333,1,1,'2025-04-07 11:08:26.711952',53,'2025-04-07 11:08:26.456803',NULL,146,'2025-04-07 11:08:26.745543',279,'0017989339885828','CONFIRMED'),(_binary '\0',_binary '',1,NULL,NULL,NULL,53,'2025-04-07 11:08:26.459045',NULL,147,'2025-04-07 11:08:26.550114',1,'0015613262817258','CONFIRMED'),(_binary '\0',_binary '\0',3333,1,1,'2025-04-07 11:12:37.698721',54,'2025-04-07 11:12:37.543740',NULL,148,'2025-04-07 11:12:37.705077',280,'0014228292349533','CONFIRMED'),(_binary '\0',_binary '\0',3333,1,1,'2025-04-07 11:12:37.728153',54,'2025-04-07 11:12:37.546734',NULL,149,'2025-04-07 11:12:37.735482',281,'0014404007246419','CONFIRMED'),(_binary '\0',_binary '\0',3333,1,1,'2025-04-07 11:12:37.756693',54,'2025-04-07 11:12:37.548701',NULL,150,'2025-04-07 11:12:37.776214',282,'0017989339885828','CONFIRMED'),(_binary '\0',_binary '',1,NULL,NULL,NULL,54,'2025-04-07 11:12:37.551732',NULL,151,'2025-04-07 11:12:37.614622',1,'0015613262817258','CONFIRMED'),(_binary '\0',_binary '\0',133333,2,1,'2025-04-07 11:26:43.451832',55,'2025-04-07 11:23:38.823281',NULL,152,'2025-04-07 11:26:43.470616',108,'0013726118517620','CONFIRMED'),(_binary '\0',_binary '\0',66666,1,1,'2025-04-07 11:26:35.403400',55,'2025-04-07 11:23:38.826380',NULL,153,'2025-04-07 11:26:35.411725',107,'0014404007246419','CONFIRMED'),(_binary '\0',_binary '',1,NULL,NULL,NULL,55,'2025-04-07 11:23:38.828617',NULL,154,'2025-04-07 11:25:20.922256',1,'0015613262817258','CONFIRMED'),(_binary '\0',_binary '\0',25000,1,1,'2025-04-07 14:45:16.376953',56,'2025-04-07 14:24:39.511509',NULL,155,'2025-04-07 14:45:16.423155',283,'0017989339885828','CONFIRMED'),(_binary '\0',_binary '\0',175000,7,1,'2025-04-07 14:44:36.453171',56,'2025-04-07 14:24:39.524926',NULL,156,'2025-04-07 14:44:36.469761',284,'0017989339885828','CONFIRMED'),(_binary '\0',_binary '',0,NULL,NULL,NULL,56,'2025-04-07 14:24:39.528628',NULL,157,'2025-04-07 14:42:59.976886',1,'0015613262817258','CONFIRMED'),(_binary '\0',_binary '\0',100000,1,1,NULL,57,'2025-04-07 16:21:56.320454',NULL,158,'2025-04-07 16:22:24.643540',285,NULL,'DRAFT'),(_binary '\0',_binary '\0',100000,1,1,NULL,57,'2025-04-07 16:21:56.328497',NULL,159,'2025-04-07 16:22:24.644349',286,NULL,'DRAFT'),(_binary '\0',_binary '',NULL,NULL,NULL,NULL,57,'2025-04-07 16:21:56.330839',NULL,160,'2025-04-07 16:21:56.330839',1,'0015613262817258','CONFIRMED'),(_binary '\0',_binary '\0',3333,1,1,'2025-04-08 01:19:15.698599',58,'2025-04-08 01:16:15.265693',NULL,161,'2025-04-08 01:19:15.706379',109,'0014228292349533','CONFIRMED'),(_binary '\0',_binary '\0',6666,2,1,'2025-04-08 01:19:24.957205',58,'2025-04-08 01:16:15.267413',NULL,162,'2025-04-08 01:19:25.004790',110,'0013726118517620','CONFIRMED'),(_binary '\0',_binary '',1,NULL,NULL,NULL,58,'2025-04-08 01:16:15.270503',NULL,163,'2025-04-08 01:18:53.353033',1,'0015613262817258','CONFIRMED'),(_binary '\0',_binary '\0',66666,1,1,'2025-04-08 01:40:38.417390',59,'2025-04-08 01:33:58.945657',NULL,164,'2025-04-08 01:40:38.434895',112,'0013726118517620','CONFIRMED'),(_binary '\0',_binary '\0',133333,2,1,'2025-04-08 01:40:45.015533',59,'2025-04-08 01:33:58.951388',NULL,165,'2025-04-08 01:40:45.043856',111,'0014228292349533','CONFIRMED'),(_binary '\0',_binary '',1,NULL,NULL,NULL,59,'2025-04-08 01:33:58.953216',NULL,166,'2025-04-08 01:40:27.570892',1,'0015613262817258','CONFIRMED'),(_binary '\0',_binary '\0',100000,1,1,'2025-04-08 06:04:37.076808',60,'2025-04-08 05:55:26.499930',NULL,167,'2025-04-08 06:04:37.092908',287,'0017989339885828','CONFIRMED'),(_binary '\0',_binary '\0',100000,1,1,'2025-04-08 06:07:03.094884',60,'2025-04-08 05:55:26.506833',NULL,168,'2025-04-08 06:07:03.135961',288,'0017989339885828','CONFIRMED'),(_binary '\0',_binary '',0,NULL,NULL,NULL,60,'2025-04-08 05:55:26.510078',NULL,169,'2025-04-08 06:04:31.575175',1,'0015613262817258','CONFIRMED'),(_binary '\0',_binary '\0',100000,1,1,'2025-04-08 06:26:05.133927',61,'2025-04-08 06:25:38.691671',NULL,170,'2025-04-08 06:26:05.157970',290,'0017989339885828','CONFIRMED'),(_binary '\0',_binary '',0,NULL,NULL,NULL,61,'2025-04-08 06:25:38.695629',NULL,171,'2025-04-08 06:26:01.216471',1,'0015613262817258','CONFIRMED'),(_binary '\0',_binary '\0',0,0,1,NULL,62,'2025-04-08 06:31:26.137425',NULL,172,'2025-04-08 06:31:26.137425',291,NULL,'DRAFT'),(_binary '\0',_binary '',NULL,NULL,NULL,NULL,62,'2025-04-08 06:31:26.139607',NULL,173,'2025-04-08 06:31:26.139607',1,'0015613262817258','CONFIRMED'),(_binary '\0',_binary '\0',100000,1,1,'2025-04-08 06:33:48.047644',63,'2025-04-08 06:33:07.130837',NULL,174,'2025-04-08 06:33:48.075525',292,'0017989339885828','CONFIRMED'),(_binary '\0',_binary '',0,NULL,NULL,NULL,63,'2025-04-08 06:33:07.136593',NULL,175,'2025-04-08 06:33:43.918113',1,'0015613262817258','CONFIRMED'),(_binary '\0',_binary '\0',100000,1,1,NULL,64,'2025-04-08 07:03:39.378933',NULL,176,'2025-04-08 07:03:48.120574',293,NULL,'DRAFT'),(_binary '\0',_binary '\0',100000,1,1,NULL,64,'2025-04-08 07:03:39.384392',NULL,177,'2025-04-08 07:03:48.120678',294,NULL,'DRAFT'),(_binary '\0',_binary '',NULL,NULL,NULL,NULL,64,'2025-04-08 07:03:39.387410',NULL,178,'2025-04-08 07:03:39.387410',1,'0015613262817258','CONFIRMED'),(_binary '\0',_binary '\0',100000,1,1,NULL,65,'2025-04-08 10:07:58.549245',NULL,179,'2025-04-08 10:08:16.483172',296,NULL,'PENDING'),(_binary '\0',_binary '',0,NULL,NULL,NULL,65,'2025-04-08 10:07:58.555290',NULL,180,'2025-04-08 10:08:16.462016',1,'0015613262817258','CONFIRMED'),(_binary '\0',_binary '\0',125000,1,1,NULL,66,'2025-04-08 22:25:58.662275',NULL,181,'2025-04-08 22:28:37.250290',297,NULL,'DRAFT'),(_binary '\0',_binary '\0',250000,2,1,NULL,66,'2025-04-08 22:25:58.672158',NULL,182,'2025-04-08 22:28:37.250459',298,NULL,'DRAFT'),(_binary '\0',_binary '\0',125000,1,1,NULL,66,'2025-04-08 22:25:58.674508',NULL,183,'2025-04-08 22:28:37.250524',299,NULL,'DRAFT'),(_binary '\0',_binary '',NULL,NULL,NULL,NULL,66,'2025-04-08 22:25:58.677106',NULL,184,'2025-04-08 22:25:58.677106',1,'0015613262817258','CONFIRMED'),(_binary '\0',_binary '\0',133333,4,1,'2025-04-09 02:50:33.541869',67,'2025-04-09 02:47:13.495452',NULL,185,'2025-04-09 02:50:33.592104',300,'0013726118517620','CONFIRMED'),(_binary '\0',_binary '\0',66666,2,1,'2025-04-09 02:50:17.719146',67,'2025-04-09 02:47:13.502776',NULL,186,'2025-04-09 02:50:17.735792',301,'0014404007246419','CONFIRMED'),(_binary '\0',_binary '',1,NULL,NULL,NULL,67,'2025-04-09 02:47:13.505609',NULL,187,'2025-04-09 02:49:26.114906',1,'0015613262817258','CONFIRMED'),(_binary '\0',_binary '\0',100000,1,1,'2025-04-09 05:02:09.307320',68,'2025-04-09 04:57:43.467747',NULL,188,'2025-04-09 05:02:09.351965',303,'0014228292349533','CONFIRMED'),(_binary '\0',_binary '\0',100000,1,1,'2025-04-09 05:01:55.736159',68,'2025-04-09 04:57:43.477744',NULL,189,'2025-04-09 05:01:55.752260',304,'0013726118517620','CONFIRMED'),(_binary '\0',_binary '',0,NULL,NULL,NULL,68,'2025-04-09 04:57:43.479691',NULL,190,'2025-04-09 05:00:19.145218',1,'0015613262817258','CONFIRMED'),(_binary '\0',_binary '\0',100000,1,1,'2025-04-09 07:54:37.003419',69,'2025-04-09 05:33:23.015567',NULL,191,'2025-04-09 07:54:37.016166',305,'0017989339885828','CONFIRMED'),(_binary '\0',_binary '\0',100000,1,1,'2025-04-09 07:55:34.589450',69,'2025-04-09 05:33:23.017826',NULL,192,'2025-04-09 07:55:34.638774',306,'0017989339885828','CONFIRMED'),(_binary '\0',_binary '\0',100000,1,1,'2025-04-09 07:54:54.685504',69,'2025-04-09 05:33:23.020326',NULL,193,'2025-04-09 07:54:54.700507',302,'0017989339885828','CONFIRMED'),(_binary '\0',_binary '',0,NULL,NULL,NULL,69,'2025-04-09 05:33:23.025101',NULL,194,'2025-04-09 05:48:46.477661',1,'0015613262817258','CONFIRMED'),(_binary '\0',_binary '\0',33333,1,1,'2025-04-09 10:59:40.373269',70,'2025-04-09 10:49:27.005570',NULL,195,'2025-04-09 10:59:40.388707',114,'0013859120755113','CONFIRMED'),(_binary '\0',_binary '\0',66666,2,1,'2025-04-09 10:59:55.123280',70,'2025-04-09 10:49:27.010054',NULL,196,'2025-04-09 10:59:55.154503',115,'0013726118517620','CONFIRMED'),(_binary '\0',_binary '',1,NULL,NULL,NULL,70,'2025-04-09 10:49:27.011797',NULL,197,'2025-04-09 10:58:26.586500',1,'0015613262817258','CONFIRMED'),(_binary '\0',_binary '\0',100000,1,1,NULL,71,'2025-04-09 11:10:03.712322',NULL,198,'2025-04-09 12:53:42.889711',308,NULL,'DRAFT'),(_binary '\0',_binary '',NULL,NULL,NULL,NULL,71,'2025-04-09 11:10:03.714419',NULL,199,'2025-04-09 11:10:03.714419',1,'0015613262817258','CONFIRMED'),(_binary '\0',_binary '\0',100000,1,1,'2025-04-09 12:13:07.291331',72,'2025-04-09 11:50:06.976658',NULL,200,'2025-04-09 12:13:07.305566',116,'0014228292349533','CONFIRMED'),(_binary '\0',_binary '\0',100000,1,1,'2025-04-09 12:13:11.557918',72,'2025-04-09 11:50:06.981454',NULL,201,'2025-04-09 12:13:11.593116',117,'0014404007246419','CONFIRMED'),(_binary '\0',_binary '',0,NULL,NULL,NULL,72,'2025-04-09 11:50:06.983592',NULL,202,'2025-04-09 12:10:51.802560',1,'0015613262817258','CONFIRMED'),(_binary '\0',_binary '\0',100000,1,1,'2025-04-10 06:26:14.416245',73,'2025-04-10 06:13:08.180666',NULL,203,'2025-04-10 06:26:14.431743',119,'0014228292349533','CONFIRMED'),(_binary '\0',_binary '\0',100000,1,1,'2025-04-10 06:27:00.039377',73,'2025-04-10 06:13:08.187419',NULL,204,'2025-04-10 06:27:00.078222',118,'0013726118517620','CONFIRMED'),(_binary '\0',_binary '',0,NULL,NULL,NULL,73,'2025-04-10 06:13:08.189437',NULL,205,'2025-04-10 06:18:39.489795',1,'0015613262817258','CONFIRMED'),(_binary '\0',_binary '\0',400000,2,1,'2025-04-10 06:45:52.170188',74,'2025-04-10 06:41:15.955686',NULL,206,'2025-04-10 06:45:52.195434',120,'0014460169450607','CONFIRMED'),(_binary '\0',_binary '\0',400000,2,1,'2025-04-10 06:44:35.595166',74,'2025-04-10 06:41:15.957747',NULL,207,'2025-04-10 06:44:35.611104',121,'0010696974315731','CONFIRMED'),(_binary '\0',_binary '\0',200000,1,1,'2025-04-10 06:44:22.367427',74,'2025-04-10 06:41:15.959765',NULL,208,'2025-04-10 06:44:22.383312',122,'0013726118517620','CONFIRMED'),(_binary '\0',_binary '',0,NULL,NULL,NULL,74,'2025-04-10 06:41:15.963135',NULL,209,'2025-04-10 06:44:11.926740',1,'0015613262817258','CONFIRMED'),(_binary '\0',_binary '\0',66666,1,1,'2025-04-10 08:17:04.129526',75,'2025-04-10 08:15:49.141384',NULL,210,'2025-04-10 08:17:04.153776',123,'0014228292349533','CONFIRMED'),(_binary '\0',_binary '\0',133333,2,1,'2025-04-10 08:17:04.007335',75,'2025-04-10 08:15:49.143277',NULL,211,'2025-04-10 08:17:04.022416',124,'0013726118517620','CONFIRMED'),(_binary '\0',_binary '',1,NULL,NULL,NULL,75,'2025-04-10 08:15:49.146505',NULL,212,'2025-04-10 08:16:30.616328',1,'0015613262817258','CONFIRMED'),(_binary '\0',_binary '\0',66666,1,1,'2025-04-10 08:34:20.355127',76,'2025-04-10 08:32:14.027535',NULL,213,'2025-04-10 08:34:20.370561',125,'0014228292349533','CONFIRMED'),(_binary '\0',_binary '\0',133333,2,1,'2025-04-10 08:34:50.594667',76,'2025-04-10 08:32:14.030164',NULL,214,'2025-04-10 08:34:50.617164',126,'0014404007246419','CONFIRMED'),(_binary '\0',_binary '',1,NULL,NULL,NULL,76,'2025-04-10 08:32:14.033965',NULL,215,'2025-04-10 08:33:17.715822',1,'0015613262817258','CONFIRMED'),(_binary '\0',_binary '\0',66666,1,1,'2025-04-10 08:45:58.766183',77,'2025-04-10 08:45:30.309260',NULL,216,'2025-04-10 08:45:58.779039',127,'0014228292349533','CONFIRMED'),(_binary '\0',_binary '\0',133333,2,1,'2025-04-10 08:47:02.593459',77,'2025-04-10 08:45:30.311560',NULL,217,'2025-04-10 08:47:02.619184',128,'0014404007246419','CONFIRMED'),(_binary '\0',_binary '',1,NULL,NULL,NULL,77,'2025-04-10 08:45:30.313685',NULL,218,'2025-04-10 08:45:54.213458',1,'0015613262817258','CONFIRMED'),(_binary '\0',_binary '\0',150000,5,1,'2025-04-10 09:38:56.715234',78,'2025-04-10 09:11:13.839326',NULL,219,'2025-04-10 09:38:56.728821',314,'0017989339885828','CONFIRMED'),(_binary '\0',_binary '\0',120000,4,1,'2025-04-10 10:19:57.175250',78,'2025-04-10 09:11:13.840812',NULL,220,'2025-04-10 10:19:57.200442',315,'0014404007246419','CONFIRMED'),(_binary '\0',_binary '\0',30000,1,1,'2025-04-10 10:19:36.324090',78,'2025-04-10 09:11:13.842928',NULL,221,'2025-04-10 10:19:36.339532',316,'0014404007246419','CONFIRMED'),(_binary '\0',_binary '',0,NULL,NULL,NULL,78,'2025-04-10 09:11:13.845144',NULL,222,'2025-04-10 09:38:05.168097',1,'0015613262817258','CONFIRMED'),(_binary '\0',_binary '\0',100000,1,1,'2025-04-10 09:47:41.389399',79,'2025-04-10 09:46:43.915393',NULL,223,'2025-04-10 09:47:41.405616',317,'0014404007246419','CONFIRMED'),(_binary '\0',_binary '\0',100000,1,1,'2025-04-10 09:47:58.320245',79,'2025-04-10 09:46:43.917250',NULL,224,'2025-04-10 09:47:58.345673',318,'0014404007246419','CONFIRMED'),(_binary '\0',_binary '',0,NULL,NULL,NULL,79,'2025-04-10 09:46:43.919986',NULL,225,'2025-04-10 09:47:32.866875',1,'0015613262817258','CONFIRMED'),(_binary '\0',_binary '\0',333333,1,1,'2025-04-10 11:29:14.986248',80,'2025-04-10 11:18:57.869550',NULL,226,'2025-04-10 11:29:15.015765',144,'0019384082305355','CONFIRMED'),(_binary '\0',_binary '\0',666666,2,1,'2025-04-10 11:29:07.647115',80,'2025-04-10 11:18:57.870927',NULL,227,'2025-04-10 11:29:07.660643',146,'0014228292349533','CONFIRMED'),(_binary '\0',_binary '',1,NULL,NULL,NULL,80,'2025-04-10 11:18:57.872989',NULL,228,'2025-04-10 11:28:22.955389',1,'0015613262817258','CONFIRMED'),(_binary '\0',_binary '\0',100000,1,1,'2025-04-10 12:33:52.179265',81,'2025-04-10 12:30:59.727246',NULL,229,'2025-04-10 12:33:52.194685',194,'0014404007246419','CONFIRMED'),(_binary '\0',_binary '\0',100000,1,1,'2025-04-10 12:33:57.337009',81,'2025-04-10 12:30:59.729770',NULL,230,'2025-04-10 12:33:57.360990',196,'0014228292349533','CONFIRMED'),(_binary '\0',_binary '',0,NULL,NULL,NULL,81,'2025-04-10 12:30:59.731087',NULL,231,'2025-04-10 12:33:33.331571',1,'0015613262817258','CONFIRMED'),(_binary '\0',_binary '\0',0,0,1,NULL,82,'2025-04-10 13:22:09.079424',NULL,232,'2025-04-10 13:22:09.079424',320,NULL,'DRAFT'),(_binary '\0',_binary '',NULL,NULL,NULL,NULL,82,'2025-04-10 13:22:09.080967',NULL,233,'2025-04-10 13:22:09.080967',1,'0015613262817258','CONFIRMED'),(_binary '\0',_binary '\0',100000,1,1,NULL,83,'2025-04-10 13:24:51.268146',NULL,234,'2025-04-10 13:25:06.528351',321,NULL,'PENDING'),(_binary '\0',_binary '',0,NULL,NULL,NULL,83,'2025-04-10 13:24:51.270034',NULL,235,'2025-04-10 13:25:06.509993',1,'0015613262817258','CONFIRMED'),(_binary '\0',_binary '\0',100000,1,1,'2025-04-10 13:40:58.116260',84,'2025-04-10 13:39:43.618256',NULL,236,'2025-04-10 13:40:58.137783',322,'0017989339885828','CONFIRMED'),(_binary '\0',_binary '',0,NULL,NULL,NULL,84,'2025-04-10 13:39:43.620049',NULL,237,'2025-04-10 13:39:58.167143',1,'0015613262817258','CONFIRMED'),(_binary '\0',_binary '\0',100000,1,1,'2025-04-10 14:02:00.244198',85,'2025-04-10 13:58:17.842426',NULL,238,'2025-04-10 14:02:00.264710',323,'0017989339885828','CONFIRMED'),(_binary '\0',_binary '',0,NULL,NULL,NULL,85,'2025-04-10 13:58:17.844430',NULL,239,'2025-04-10 14:01:38.413593',1,'0015613262817258','CONFIRMED'),(_binary '\0',_binary '\0',100000,1,1,'2025-04-10 14:06:41.557363',86,'2025-04-10 14:06:03.239214',NULL,240,'2025-04-10 14:06:41.575996',324,'0017989339885828','CONFIRMED'),(_binary '\0',_binary '\0',100000,1,1,'2025-04-10 14:07:00.693444',86,'2025-04-10 14:06:03.241165',NULL,241,'2025-04-10 14:07:00.715889',325,'0017989339885828','CONFIRMED'),(_binary '\0',_binary '',0,NULL,NULL,NULL,86,'2025-04-10 14:06:03.243091',NULL,242,'2025-04-10 14:06:24.869885',1,'0015613262817258','CONFIRMED'),(_binary '\0',_binary '\0',1000,6,1,'2025-04-10 14:54:50.009854',87,'2025-04-10 14:34:50.744709',NULL,243,'2025-04-10 14:54:50.033279',326,'0017989339885828','CONFIRMED'),(_binary '\0',_binary '',0,NULL,NULL,NULL,87,'2025-04-10 14:34:50.746076',NULL,244,'2025-04-10 14:54:15.644594',1,'0015613262817258','CONFIRMED'),(_binary '\0',_binary '\0',0,0,1,NULL,88,'2025-04-10 14:40:25.863198',NULL,245,'2025-04-10 14:40:25.863198',327,NULL,'DRAFT'),(_binary '\0',_binary '',NULL,NULL,NULL,NULL,88,'2025-04-10 14:40:25.865048',NULL,246,'2025-04-10 14:40:25.865048',1,'0015613262817258','CONFIRMED'),(_binary '\0',_binary '\0',0,0,1,NULL,89,'2025-04-10 14:44:40.390839',NULL,247,'2025-04-10 14:44:40.390839',328,NULL,'DRAFT'),(_binary '\0',_binary '',NULL,NULL,NULL,NULL,89,'2025-04-10 14:44:40.393844',NULL,248,'2025-04-10 14:44:40.393844',1,'0015613262817258','CONFIRMED'),(_binary '\0',_binary '\0',100000,1,1,'2025-04-10 14:53:07.222207',90,'2025-04-10 14:52:38.712359',NULL,249,'2025-04-10 14:53:07.242441',329,'0017989339885828','CONFIRMED'),(_binary '\0',_binary '',0,NULL,NULL,NULL,90,'2025-04-10 14:52:38.713796',NULL,250,'2025-04-10 14:53:00.864954',1,'0015613262817258','CONFIRMED');
/*!40000 ALTER TABLE `contract_user` ENABLE KEYS */;
UNLOCK TABLES;

--
-- Table structure for table `contracts`
--

DROP TABLE IF EXISTS `contracts`;
/*!40101 SET @saved_cs_client     = @@character_set_client */;
/*!50503 SET character_set_client = utf8mb4 */;
CREATE TABLE `contracts` (
  `completed` bit(1) NOT NULL,
  `due_date` int DEFAULT NULL,
  `is_created_pdf` bit(1) DEFAULT b'0',
  `is_deleted` bit(1) DEFAULT NULL,
  `rent_total_amount` int DEFAULT NULL,
  `total_rent_ratio` int DEFAULT NULL,
  `utility_ratio` int DEFAULT NULL,
  `completed_at` datetime(6) DEFAULT NULL,
  `created_at` datetime(6) NOT NULL,
  `deleted_at` datetime(6) DEFAULT NULL,
  `end_date` datetime(6) DEFAULT NULL,
  `group_id` bigint DEFAULT NULL,
  `id` bigint NOT NULL AUTO_INCREMENT,
  `start_date` datetime(6) DEFAULT NULL,
  `updated_at` datetime(6) NOT NULL,
  `utility_card_id` bigint DEFAULT NULL,
  `live_account_no` varchar(255) DEFAULT NULL,
  `owner_account_no` varchar(255) DEFAULT NULL,
  `rent_account_no` varchar(255) DEFAULT NULL,
  `status` varchar(255) NOT NULL,
  PRIMARY KEY (`id`),
  UNIQUE KEY `group_id` (`group_id`),
  UNIQUE KEY `utility_card_id` (`utility_card_id`),
  CONSTRAINT `contracts_ibfk_1` FOREIGN KEY (`utility_card_id`) REFERENCES `utility_cards` (`id`),
  CONSTRAINT `contracts_ibfk_2` FOREIGN KEY (`group_id`) REFERENCES `groups` (`id`)
) ENGINE=InnoDB AUTO_INCREMENT=91 DEFAULT CHARSET=utf8mb4 COLLATE=utf8mb4_0900_ai_ci;
/*!40101 SET character_set_client = @saved_cs_client */;

--
-- Dumping data for table `contracts`
--

LOCK TABLES `contracts` WRITE;
/*!40000 ALTER TABLE `contracts` DISABLE KEYS */;
INSERT INTO `contracts` VALUES (_binary '\0',2,NULL,_binary '\0',10000,3,3,NULL,'2025-04-02 06:04:15.303373',NULL,'2025-08-01 00:00:00.000000',21,2,'2025-04-02 00:00:00.000000','2025-04-02 06:06:31.348811',NULL,NULL,'0012860463440599','0015632899269172','PENDING'),(_binary '',2,NULL,_binary '\0',10000,3,3,'2025-04-02 06:55:38.088763','2025-04-02 06:52:16.004070',NULL,'2025-08-01 00:00:00.000000',22,3,'2025-04-02 00:00:00.000000','2025-04-02 06:55:38.115996',NULL,NULL,'0012860463440599','0015632899269172','CONFIRMED'),(_binary '',2,NULL,_binary '\0',10000,3,3,'2025-04-02 08:13:51.086719','2025-04-02 08:08:13.620178',NULL,'2025-08-01 00:00:00.000000',23,4,'2025-04-02 00:00:00.000000','2025-04-02 08:13:51.113815',NULL,NULL,'0012860463440599','0015632899269172','CONFIRMED'),(_binary '',2,NULL,_binary '\0',30000,2,2,'2025-04-09 03:44:31.648961','2025-04-02 21:58:53.760797',NULL,'2029-02-02 00:00:00.000000',17,5,'2025-04-07 06:34:45.765000','2025-04-09 03:44:31.671776',2,NULL,'0014405406970390','0014405406970390','CONFIRMED'),(_binary '',8,NULL,_binary '\0',900,3,3,'2025-04-04 06:43:45.949434','2025-04-03 05:56:56.902483',NULL,'2028-12-08 00:00:00.000000',24,6,'2027-12-08 00:00:00.000000','2025-04-06 14:51:54.769716',12,'0014228292349533','0012860463440599','0010817111516461','CONFIRMED'),(_binary '',2,NULL,_binary '\0',10000,3,3,'2025-04-03 06:10:30.099352','2025-04-03 06:08:38.515403',NULL,'2025-08-02 00:00:00.000000',25,7,'2025-04-03 00:00:00.000000','2025-04-03 06:10:30.123861',NULL,NULL,'0012860463440599','0015632899269172','CONFIRMED'),(_binary '',2,NULL,_binary '\0',10000,3,3,'2025-04-03 08:42:22.226490','2025-04-03 08:42:22.000595',NULL,'2025-10-03 08:42:22.059282',28,8,'2025-04-03 08:42:22.059275','2025-04-03 08:42:22.259323',NULL,NULL,'0012860463440599','0015632899269172','CONFIRMED'),(_binary '',3,NULL,_binary '\0',10000,3,3,'2025-04-03 08:43:56.921769','2025-04-03 08:43:56.770654',NULL,'2025-10-03 08:43:56.799777',29,9,'2025-04-03 08:43:56.799774','2025-04-03 08:43:56.941010',NULL,NULL,'0012860463440599','0015632899269172','CONFIRMED'),(_binary '',4,NULL,_binary '\0',10000,3,3,'2025-04-03 08:44:04.128035','2025-04-03 08:44:03.982451',NULL,'2025-10-03 08:44:04.007463',30,10,'2025-04-03 08:44:04.007461','2025-04-03 08:44:04.144751',NULL,NULL,'0012860463440599','0015632899269172','CONFIRMED'),(_binary '',5,NULL,_binary '\0',10000,3,3,'2025-04-03 08:44:24.512681','2025-04-03 08:44:24.380825',NULL,'2025-10-03 08:44:24.405711',31,11,'2025-04-03 08:44:24.405709','2025-04-03 08:44:24.525006',NULL,NULL,'0012860463440599','0015632899269172','CONFIRMED'),(_binary '',5,NULL,_binary '\0',10000,3,3,'2025-04-03 08:44:28.151123','2025-04-03 08:44:28.017450',NULL,'2025-10-03 08:44:28.041215',32,12,'2025-04-03 08:44:28.041213','2025-04-03 08:44:28.165863',NULL,NULL,'0012860463440599','0015632899269172','CONFIRMED'),(_binary '',6,NULL,_binary '\0',10000,3,3,'2025-04-03 08:44:32.354745','2025-04-03 08:44:32.215972',NULL,'2025-10-03 08:44:32.242164',33,13,'2025-04-03 08:44:32.242162','2025-04-03 08:44:32.368141',NULL,NULL,'0012860463440599','0015632899269172','CONFIRMED'),(_binary '',7,NULL,_binary '\0',10000,3,3,'2025-04-03 08:44:40.150071','2025-04-03 08:44:40.015603',NULL,'2025-10-03 08:44:40.037475',34,14,'2025-04-03 08:44:40.037473','2025-04-03 08:44:40.164668',NULL,NULL,'0012860463440599','0015632899269172','CONFIRMED'),(_binary '',3,NULL,_binary '\0',10000,3,3,'2025-04-03 08:49:30.933488','2025-04-03 08:49:30.796216',NULL,'2025-10-03 08:49:30.821733',35,15,'2025-04-03 08:49:30.821731','2025-04-03 08:49:30.949327',NULL,NULL,'0012860463440599','0015632899269172','CONFIRMED'),(_binary '\0',20,NULL,_binary '\0',3333111,1,1,NULL,'2025-04-03 08:51:13.520959',NULL,'2039-04-20 00:00:00.000000',36,16,'2035-04-20 00:00:00.000000','2025-04-03 11:56:33.369754',3,NULL,'2343243223','0019175670990425','PENDING'),(_binary '\0',NULL,NULL,_binary '\0',NULL,NULL,NULL,NULL,'2025-04-03 12:00:25.072384',NULL,NULL,37,18,NULL,'2025-04-03 12:00:25.072384',NULL,NULL,NULL,NULL,'DRAFT'),(_binary '\0',7,NULL,_binary '\0',NULL,NULL,NULL,NULL,'2025-04-03 12:04:24.046343',NULL,'2030-12-07 00:00:00.000000',38,20,'2028-12-07 00:00:00.000000','2025-04-08 06:53:23.926035',13,NULL,NULL,NULL,'DRAFT'),(_binary '',4,NULL,_binary '\0',10000,3,3,'2025-04-04 07:46:34.636413','2025-04-04 07:46:34.513131',NULL,'2025-10-04 07:46:34.542021',40,22,'2025-04-04 07:46:34.542019','2025-04-04 07:46:34.651782',NULL,NULL,'0012860463440599','0015632899269172','CONFIRMED'),(_binary '',4,NULL,_binary '\0',10000,3,3,'2025-04-04 08:51:35.026905','2025-04-04 08:51:34.847029',NULL,'2025-10-04 08:51:34.892767',41,23,'2025-04-04 08:51:34.892762','2025-04-07 07:37:11.865636',NULL,'0012289267498936','0012860463440599','0015632899269172','CONFIRMED'),(_binary '',6,NULL,_binary '\0',1000,1,1,'2025-04-05 14:07:08.823645','2025-04-05 14:02:03.062128',NULL,'2032-12-06 00:00:00.000000',46,24,'2025-12-06 00:00:00.000000','2025-04-05 14:07:33.780905',5,'0013859146825219','0014405406970390','0013103649125464','CONFIRMED'),(_binary '',15,NULL,_binary '\0',200000,2,2,'2025-04-06 09:23:42.504978','2025-04-06 06:47:36.385669',NULL,'2026-04-06 09:19:42.235000',48,26,'2025-04-06 09:19:42.235000','2025-04-06 09:23:42.532281',10,NULL,'0014228292349533','0017191349225970','CONFIRMED'),(_binary '',15,NULL,_binary '\0',200000,2,2,'2025-04-06 11:12:39.806783','2025-04-06 07:03:34.989486',NULL,'2026-04-06 09:12:34.105000',49,28,'2025-04-06 09:12:34.105000','2025-04-06 11:36:12.891229',9,'0016676764898663','0014405406970390','0019470555933409','CONFIRMED'),(_binary '',15,NULL,_binary '\0',2230000,2,2,'2025-04-06 08:34:46.819364','2025-04-06 07:08:26.911433',NULL,'2032-01-15 00:00:00.000000',50,30,'2028-01-15 00:00:00.000000','2025-04-06 16:22:15.491392',8,'0016473054536885','0014405406970390','0010258539029148','CONFIRMED'),(_binary '',7,NULL,_binary '\0',3000,1,1,'2025-04-07 00:51:57.743726','2025-04-06 07:17:08.217884',NULL,'2029-12-07 00:00:00.000000',51,32,'2025-04-07 00:51:03.408000','2025-04-07 00:51:57.762846',15,NULL,'0014228292349533','0011713326960749','CONFIRMED'),(_binary '',16,NULL,_binary '\0',300000,3,3,'2025-04-06 14:49:40.624198','2025-04-06 14:47:26.565173',NULL,'2030-04-16 00:00:00.000000',52,33,'2027-04-16 00:00:00.000000','2025-04-06 14:54:59.827787',11,'0019582586990869','0014405406970390','0017693764655132','CONFIRMED'),(_binary '',7,NULL,_binary '\0',10000,2,2,'2025-04-07 00:56:24.668517','2025-04-07 00:31:39.205719',NULL,'2025-08-07 00:00:00.000000',53,34,'2025-04-07 00:00:00.000000','2025-04-07 00:56:24.699874',14,NULL,'0015613262817258','0018518071286793','CONFIRMED'),(_binary '\0',NULL,NULL,_binary '\0',NULL,NULL,NULL,NULL,'2025-04-07 00:54:50.192873',NULL,NULL,54,36,NULL,'2025-04-07 00:54:50.192873',NULL,NULL,NULL,NULL,'DRAFT'),(_binary '\0',NULL,NULL,_binary '\0',NULL,NULL,NULL,NULL,'2025-04-07 01:06:43.860080',NULL,NULL,55,37,NULL,'2025-04-07 01:08:24.659072',16,NULL,NULL,NULL,'DRAFT'),(_binary '\0',5,NULL,_binary '\0',NULL,NULL,NULL,NULL,'2025-04-07 02:03:57.217881',NULL,'2026-12-05 00:00:00.000000',56,38,'2025-04-07 02:14:24.625000','2025-04-07 02:14:22.506586',NULL,NULL,NULL,NULL,'DRAFT'),(_binary '',7,NULL,_binary '\0',10000,7,1,'2025-04-07 03:45:17.147199','2025-04-07 02:28:11.472033',NULL,'2025-09-07 00:00:00.000000',57,40,'2025-04-07 03:38:09.023000','2025-04-07 03:45:17.169964',17,NULL,'0015613262817258','0014078478632398','CONFIRMED'),(_binary '',15,NULL,_binary '\0',100000,1,1,'2025-04-07 03:13:11.676372','2025-04-07 03:12:22.311904',NULL,'2027-04-15 00:00:00.000000',39,41,'2025-04-07 03:12:30.424000','2025-04-07 03:13:11.714029',18,NULL,'0014228292349533','0012324697789395','CONFIRMED'),(_binary '\0',16,NULL,_binary '\0',200000,2,2,NULL,'2025-04-07 03:14:43.000555',NULL,'2026-04-16 00:00:00.000000',58,42,'2025-04-16 00:00:00.000000','2025-04-07 03:26:17.278580',NULL,NULL,'0014228292349533','0013349057700759','PENDING'),(_binary '',7,NULL,_binary '\0',10000,3,2,'2025-04-07 04:05:20.095436','2025-04-07 04:00:48.654872',NULL,'2026-07-07 00:00:00.000000',59,43,'2025-04-07 04:01:30.928000','2025-04-07 04:05:20.119741',NULL,NULL,'0015613262817258','0011394713761293','CONFIRMED'),(_binary '',7,NULL,_binary '\0',200000,3,2,'2025-04-07 04:25:21.185409','2025-04-07 04:15:59.299659',NULL,'2025-06-07 00:00:00.000000',60,44,'2025-04-07 04:24:37.012000','2025-04-07 04:25:21.222242',NULL,NULL,'0017721548032965','0012009726699526','CONFIRMED'),(_binary '',7,NULL,_binary '\0',100000,8,2,'2025-04-07 04:52:13.072564','2025-04-07 04:47:12.778873',NULL,'2025-07-07 00:00:00.000000',61,45,'2025-04-07 04:51:18.406000','2025-04-07 07:39:25.459491',NULL,'0010966807780781','0017721548032965','0014615271736010','CONFIRMED'),(_binary '\0',NULL,NULL,_binary '\0',NULL,NULL,NULL,NULL,'2025-04-07 05:20:38.921551',NULL,NULL,62,46,NULL,'2025-04-07 05:20:38.921551',NULL,NULL,NULL,NULL,'DRAFT'),(_binary '',7,NULL,_binary '\0',10000,3,3,'2025-04-07 07:10:14.348962','2025-04-07 07:10:14.099279',NULL,'2025-10-07 07:10:14.166411',63,47,'2025-04-07 07:10:14.166407','2025-04-07 07:10:14.388270',NULL,NULL,'0012860463440599','0015632899269172','CONFIRMED'),(_binary '',8,NULL,_binary '\0',100000,3,3,'2025-04-07 08:06:14.974364','2025-04-07 07:52:12.164664',NULL,'2025-07-08 00:00:00.000000',64,48,'2025-04-07 08:00:24.671000','2025-04-07 08:06:14.991123',NULL,NULL,'0014167573494422','0019913677425955','CONFIRMED'),(_binary '',15,NULL,_binary '\0',100000,1,1,'2025-04-07 07:55:56.038384','2025-04-07 07:52:23.665162',NULL,'2026-04-07 07:52:23.478000',65,49,'2025-04-07 07:52:23.478000','2025-04-07 07:57:08.683510',NULL,'0019413628073328','0014228292349533','0012349516199481','CONFIRMED'),(_binary '',8,NULL,_binary '\0',100000,3,3,'2025-04-07 08:19:36.669724','2025-04-07 08:14:00.238004',NULL,'2025-08-08 00:00:00.000000',66,50,'2025-04-08 00:00:00.000000','2025-04-07 08:19:36.689860',NULL,NULL,'0018469748756463','0018461512904292','CONFIRMED'),(_binary '',8,NULL,_binary '\0',200000,2,2,'2025-04-07 08:39:14.540565','2025-04-07 08:35:25.897203',NULL,'2026-04-08 00:00:00.000000',67,51,'2025-04-08 00:00:00.000000','2025-04-07 08:39:14.568110',NULL,NULL,'0015552650976887','0011865809763357','CONFIRMED'),(_binary '',8,NULL,_binary '\0',10000,3,3,'2025-04-07 09:27:11.630141','2025-04-07 09:27:11.398443',NULL,'2025-10-07 09:27:11.461052',68,52,'2025-04-07 09:27:11.461048','2025-04-07 09:27:11.655480',NULL,NULL,'0012860463440599','0015632899269172','CONFIRMED'),(_binary '',7,NULL,_binary '\0',10000,3,3,'2025-04-07 11:08:26.711938','2025-04-07 11:08:26.439848',NULL,'2025-10-07 11:08:26.503198',69,53,'2025-04-07 11:08:26.503184','2025-04-07 11:08:26.745355',NULL,NULL,'0012860463440599','0015632899269172','CONFIRMED'),(_binary '',8,NULL,_binary '\0',10000,3,3,'2025-04-07 11:12:37.756683','2025-04-07 11:12:37.541587',NULL,'2025-10-07 11:12:37.587067',70,54,'2025-04-07 11:12:37.587065','2025-04-07 11:12:37.776040',NULL,NULL,'0012860463440599','0015632899269172','CONFIRMED'),(_binary '',8,NULL,_binary '\0',200000,3,2,'2025-04-07 11:26:43.451828','2025-04-07 11:23:38.820168',NULL,'2026-04-08 00:00:00.000000',71,55,'2025-04-08 00:00:00.000000','2025-04-07 11:28:19.417987',19,'0010826366956775','0017721548032965','0010806395246732','CONFIRMED'),(_binary '',15,_binary '\0',_binary '\0',200000,8,2,'2025-04-07 14:45:16.376944','2025-04-07 14:24:39.498787',NULL,'2026-04-07 14:24:39.704000',72,56,'2025-04-07 14:24:39.704000','2025-04-07 14:45:16.422971',NULL,NULL,'0014228292349533','0010760646776622','CONFIRMED'),(_binary '\0',19,_binary '\0',_binary '\0',200000,2,NULL,NULL,'2025-04-07 16:21:56.306425',NULL,'2026-04-19 00:00:00.000000',73,57,'2025-04-19 00:00:00.000000','2025-04-07 16:22:53.298981',NULL,NULL,'','0018921694403130','DRAFT'),(_binary '',8,_binary '',_binary '\0',10000,3,2,'2025-04-08 01:19:24.957197','2025-04-08 01:16:15.262769',NULL,'2025-09-08 00:00:00.000000',74,58,'2025-04-08 01:18:18.242000','2025-04-08 01:19:25.004630',NULL,NULL,'0017721548032965','0016296683591312','CONFIRMED'),(_binary '',9,_binary '',_binary '\0',200000,3,2,'2025-04-08 01:40:45.015525','2025-04-08 01:33:58.938679',NULL,'2026-12-09 00:00:00.000000',75,59,'2025-04-08 01:35:19.749000','2025-04-08 01:52:03.679225',20,'0012462623269831','0017721548032965','0019802590429947','CONFIRMED'),(_binary '',15,_binary '',_binary '\0',200000,2,2,'2025-04-08 06:07:03.094874','2025-04-08 05:55:26.490365',NULL,'2029-04-15 00:00:00.000000',76,60,'2025-04-08 05:55:29.832000','2025-04-08 06:23:48.135181',21,'0017874688640516','0014228292349533','0010772089774098','CONFIRMED'),(_binary '',15,_binary '',_binary '\0',100000,1,1,'2025-04-08 06:26:05.133920','2025-04-08 06:25:38.688232',NULL,'2026-04-08 06:25:38.491000',77,61,'2025-04-08 06:25:38.491000','2025-04-08 06:26:13.548516',22,NULL,'0014228292349533','0010183056311353','CONFIRMED'),(_binary '\0',NULL,_binary '\0',_binary '\0',NULL,NULL,NULL,NULL,'2025-04-08 06:31:26.134811',NULL,NULL,78,62,NULL,'2025-04-08 06:31:26.134811',NULL,NULL,NULL,NULL,'DRAFT'),(_binary '',15,_binary '',_binary '\0',100000,1,1,'2025-04-08 06:33:48.047641','2025-04-08 06:33:07.126559',NULL,'2026-04-08 06:33:06.936000',79,63,'2025-04-08 06:33:06.936000','2025-04-08 06:33:56.498429',NULL,NULL,'0014228292349533','0015947589850662','CONFIRMED'),(_binary '\0',15,_binary '\0',_binary '\0',200000,2,NULL,NULL,'2025-04-08 07:03:39.374631',NULL,'2026-04-08 07:03:39.391000',80,64,'2025-04-08 07:03:39.391000','2025-04-08 07:49:47.298364',NULL,NULL,'0014228292349533','0011418794070803','DRAFT'),(_binary '\0',15,_binary '\0',_binary '\0',100000,1,1,NULL,'2025-04-08 10:07:58.542466',NULL,'2026-04-08 10:07:59.031000',83,65,'2025-04-08 10:07:59.031000','2025-04-08 10:08:16.461859',NULL,NULL,'12','0017032465039182','PENDING'),(_binary '\0',17,_binary '\0',_binary '\0',500000,4,NULL,NULL,'2025-04-08 22:25:58.651877',NULL,'2051-09-17 00:00:00.000000',84,66,'2025-04-09 00:26:36.853000','2025-04-09 00:26:52.604512',NULL,NULL,NULL,NULL,'DRAFT'),(_binary '',10,_binary '',_binary '\0',200000,6,2,'2025-04-09 02:50:33.541862','2025-04-09 02:47:13.485072',NULL,'2026-04-10 00:00:00.000000',85,67,'2025-04-10 00:00:00.000000','2025-04-09 02:50:41.891470',23,NULL,'0017721548032965','0018071534991405','CONFIRMED'),(_binary '',15,_binary '',_binary '\0',200000,2,2,'2025-04-09 05:02:09.307312','2025-04-09 04:57:43.450689',NULL,'2026-04-09 04:57:43.678000',87,68,'2025-04-09 04:57:43.678000','2025-04-09 05:02:18.028908',NULL,NULL,'0017721548032965','0015599767034592','CONFIRMED'),(_binary '',15,_binary '',_binary '\0',300000,3,3,'2025-04-09 07:55:34.589438','2025-04-09 05:33:23.011282',NULL,'2026-04-09 05:33:23.010000',88,69,'2025-04-09 05:33:23.010000','2025-04-09 07:55:43.222830',24,NULL,'0013726118517620','0015653323853245','CONFIRMED'),(_binary '',10,_binary '',_binary '\0',100000,3,2,'2025-04-09 10:59:55.123278','2025-04-09 10:49:27.000814',NULL,'2025-12-10 00:00:00.000000',90,70,'2025-04-09 10:50:46.913000','2025-04-09 11:00:39.544559',25,NULL,'0013514633218809','0012705375129805','CONFIRMED'),(_binary '\0',NULL,_binary '\0',_binary '\0',100000,1,NULL,NULL,'2025-04-09 11:10:03.709217',NULL,NULL,91,71,NULL,'2025-04-09 12:53:42.888817',26,NULL,'123456789','0010407386590540','DRAFT'),(_binary '',11,_binary '',_binary '\0',200000,2,2,'2025-04-09 12:13:11.557909','2025-04-09 11:50:06.970357',NULL,'2025-12-11 00:00:00.000000',92,72,'2025-04-09 12:10:39.967000','2025-04-09 12:16:10.542876',NULL,'0016273158167941','0013514633218809','0010483474956847','CONFIRMED'),(_binary '',10,_binary '',_binary '\0',200000,2,2,'2025-04-10 06:27:00.039368','2025-04-10 06:13:08.169354',NULL,'2025-12-10 00:00:00.000000',94,73,'2025-04-10 06:25:31.187000','2025-04-10 06:27:09.118253',NULL,NULL,'0015319665261737','0012654485527420','CONFIRMED'),(_binary '',10,_binary '',_binary '\0',1000000,5,3,'2025-04-10 06:45:52.170184','2025-04-10 06:41:15.952588',NULL,'2025-12-10 00:00:00.000000',95,74,'2025-04-10 06:43:58.429000','2025-04-10 11:34:00.634231',27,'0017821980662677','0016243197019500','0012826204519685','CONFIRMED'),(_binary '',11,_binary '',_binary '\0',200000,3,2,'2025-04-10 08:17:04.129521','2025-04-10 08:15:49.139426',NULL,'2025-12-11 00:00:00.000000',96,75,'2025-04-10 08:16:00.376000','2025-04-10 08:17:31.474532',NULL,'0017807666387983','0015319665261737','0018009936771056','CONFIRMED'),(_binary '',10,_binary '',_binary '\0',200000,3,2,'2025-04-10 08:34:50.594657','2025-04-10 08:32:14.024221',NULL,'2025-12-10 00:00:00.000000',97,76,'2025-04-10 08:32:57.611000','2025-04-10 08:34:59.495869',NULL,NULL,'0015319665261737','0015453113810921','CONFIRMED'),(_binary '',11,_binary '',_binary '\0',200000,3,2,'2025-04-10 08:47:02.593458','2025-04-10 08:45:30.306974',NULL,'2025-12-11 00:00:00.000000',100,77,'2025-04-10 08:45:36.070000','2025-04-10 08:47:07.559721',NULL,NULL,'0015319665261737','0016800970904691','CONFIRMED'),(_binary '',12,_binary '',_binary '\0',300000,10,3,'2025-04-10 10:19:57.175248','2025-04-10 09:11:13.837682',NULL,'2025-06-12 00:00:00.000000',98,78,'2025-04-10 09:33:18.661000','2025-04-10 11:34:45.667052',28,'0010984874417337','0014404007246419','0015939027804075','CONFIRMED'),(_binary '',15,_binary '',_binary '\0',200000,2,2,'2025-04-10 09:47:58.320243','2025-04-10 09:46:43.912781',NULL,'2026-04-10 09:46:44.712000',101,79,'2025-04-10 09:46:44.712000','2025-04-10 09:48:16.517736',29,NULL,'0017989339885828','0012308396722764','CONFIRMED'),(_binary '',11,_binary '',_binary '\0',1000000,3,2,'2025-04-10 11:29:14.986246','2025-04-10 11:18:57.867824',NULL,'2025-12-11 00:00:00.000000',102,80,'2025-04-10 11:24:31.366000','2025-04-10 11:40:36.936869',NULL,'0016903572330748','0019384082305355','0018798754257985','CONFIRMED'),(_binary '',11,_binary '',_binary '\0',200000,2,2,'2025-04-10 12:33:57.337007','2025-04-10 12:30:59.725085',NULL,'2025-12-11 00:00:00.000000',103,81,'2025-04-11 00:00:00.000000','2025-04-10 12:34:06.233759',30,NULL,'0019384082305355','0010154107912943','CONFIRMED'),(_binary '\0',NULL,_binary '\0',_binary '\0',NULL,NULL,NULL,NULL,'2025-04-10 13:22:09.077144',NULL,NULL,104,82,NULL,'2025-04-10 13:22:09.077144',NULL,NULL,NULL,NULL,'DRAFT'),(_binary '\0',15,_binary '\0',_binary '\0',100000,1,1,NULL,'2025-04-10 13:24:51.265703',NULL,'2026-04-10 13:24:51.775000',107,83,'2025-04-10 13:24:51.775000','2025-04-10 13:25:06.509906',NULL,NULL,'0014228292349533','0016500192848847','PENDING'),(_binary '',15,_binary '',_binary '\0',100000,1,1,'2025-04-10 13:40:58.116258','2025-04-10 13:39:43.616054',NULL,'2026-04-10 13:39:44.176000',108,84,'2025-04-10 13:39:44.176000','2025-04-10 13:41:06.568700',NULL,NULL,'0014228292349533','0018074348858201','CONFIRMED'),(_binary '',11,_binary '',_binary '\0',100000,1,1,'2025-04-10 14:02:00.244196','2025-04-10 13:58:17.838786',NULL,'2028-12-11 00:00:00.000000',109,85,'2025-04-10 14:01:12.208000','2025-04-10 14:02:05.956421',NULL,NULL,'0013726118517620','0014534594777156','CONFIRMED'),(_binary '',15,_binary '',_binary '\0',200000,2,2,'2025-04-10 14:07:00.693442','2025-04-10 14:06:03.237028',NULL,'2026-04-10 14:06:04.521000',110,86,'2025-04-10 14:06:04.521000','2025-04-10 14:07:05.813164',NULL,NULL,'2343243223','0012277736302242','CONFIRMED'),(_binary '',5,_binary '',_binary '\0',1000,6,1,'2025-04-10 14:54:50.009852','2025-04-10 14:34:50.742820',NULL,'2026-12-05 00:00:00.000000',111,87,'2025-04-10 14:53:52.928000','2025-04-10 14:54:58.379520',31,NULL,'2343243223','0011133752040897','CONFIRMED'),(_binary '\0',0,_binary '\0',_binary '\0',0,0,NULL,NULL,'2025-04-10 14:40:25.860132',NULL,NULL,112,88,NULL,'2025-04-10 14:40:25.974682',NULL,NULL,'','','DRAFT'),(_binary '\0',0,_binary '\0',_binary '\0',0,0,NULL,NULL,'2025-04-10 14:44:40.388328',NULL,NULL,113,89,NULL,'2025-04-10 14:44:40.525216',NULL,NULL,'','','DRAFT'),(_binary '',15,_binary '',_binary '\0',100000,1,1,'2025-04-10 14:53:07.222205','2025-04-10 14:52:38.709854',NULL,'2026-04-10 14:52:39.917000',114,90,'2025-04-10 14:52:39.917000','2025-04-10 14:53:15.384214',NULL,NULL,'0014228292349533','0019223673720139','CONFIRMED');
/*!40000 ALTER TABLE `contracts` ENABLE KEYS */;
UNLOCK TABLES;

--
-- Table structure for table `duties`
--

DROP TABLE IF EXISTS `duties`;
/*!40101 SET @saved_cs_client     = @@character_set_client */;
/*!50503 SET character_set_client = utf8mb4 */;
CREATE TABLE `duties` (
  `is_deleted` bit(1) DEFAULT NULL,
  `use_time` bit(1) NOT NULL,
  `created_at` datetime(6) NOT NULL,
  `deleted_at` datetime(6) DEFAULT NULL,
  `duty_time` varchar(255) DEFAULT NULL,
  `group_id` bigint NOT NULL,
  `id` bigint NOT NULL AUTO_INCREMENT,
  `updated_at` datetime(6) NOT NULL,
  `category` varchar(255) NOT NULL,
  `day_of_week` varchar(255) NOT NULL,
  `title` varchar(255) NOT NULL,
  PRIMARY KEY (`id`),
  KEY `group_id` (`group_id`),
  CONSTRAINT `duties_ibfk_1` FOREIGN KEY (`group_id`) REFERENCES `groups` (`id`)
) ENGINE=InnoDB AUTO_INCREMENT=161 DEFAULT CHARSET=utf8mb4 COLLATE=utf8mb4_0900_ai_ci;
/*!40101 SET character_set_client = @saved_cs_client */;

--
-- Dumping data for table `duties`
--

LOCK TABLES `duties` WRITE;
/*!40000 ALTER TABLE `duties` DISABLE KEYS */;
INSERT INTO `duties` VALUES (_binary '\0',_binary '','2025-04-02 05:49:15.745595',NULL,'15:00Z',1,27,'2025-04-02 05:49:15.745595','string','string','string'),(_binary '\0',_binary '','2025-04-02 05:51:17.585127',NULL,'15:00Z',1,28,'2025-04-02 05:51:17.585127','','string','string'),(_binary '\0',_binary '','2025-04-02 05:51:27.074819',NULL,'15:00Z',1,29,'2025-04-02 05:51:27.074819','','string','string'),(_binary '\0',_binary '','2025-04-02 06:53:37.869829',NULL,'00:00Z',17,35,'2025-04-02 06:53:37.869829','string','string','string'),(_binary '\0',_binary '\0','2025-04-02 06:56:53.206918',NULL,'15:00Z',17,39,'2025-04-02 06:56:53.206918','string','string','string'),(_binary '\0',_binary '\0','2025-04-02 07:03:02.058580',NULL,NULL,17,43,'2025-04-02 07:03:02.058580','string','string','string'),(_binary '\0',_binary '','2025-04-03 02:59:51.374723',NULL,'21:00Z',17,69,'2025-04-03 08:12:31.577505','RENT','thursday',''),(_binary '\0',_binary '','2025-04-03 03:06:32.095217',NULL,'15:00Z',17,70,'2025-04-03 03:06:32.095217','string','string','string'),(_binary '\0',_binary '','2025-04-03 08:11:37.567135',NULL,'15:00Z',17,72,'2025-04-03 08:11:37.567135','string','monday','string'),(_binary '\0',_binary '','2025-04-05 08:25:16.116912',NULL,'22:00Z',24,74,'2025-04-05 08:54:04.454891','CLEAN','tuesday','d'),(_binary '\0',_binary '','2025-04-05 08:54:19.264496',NULL,'00:00Z',24,75,'2025-04-05 08:54:19.264496','CLEAN','thursday','d'),(_binary '\0',_binary '','2025-04-05 08:55:02.323949',NULL,'00:00Z',24,76,'2025-04-05 08:55:02.323949','CLEAN','sunday','d'),(_binary '\0',_binary '','2025-04-05 08:55:03.387179',NULL,'00:00Z',24,77,'2025-04-05 08:55:03.387179','CLEAN','sunday','d'),(_binary '\0',_binary '','2025-04-05 08:55:25.761100',NULL,'02:00Z',24,78,'2025-04-05 08:55:25.761100','CLEAN','sunday','d'),(_binary '\0',_binary '','2025-04-05 09:02:30.816746',NULL,'19:00Z',24,81,'2025-04-05 09:02:30.816746','CLEAN','saturday','asdf'),(_binary '\0',_binary '','2025-04-05 09:02:31.491861',NULL,'19:00Z',24,82,'2025-04-05 09:02:31.491861','CLEAN','saturday','asdf'),(_binary '\0',_binary '','2025-04-05 09:02:32.589502',NULL,'19:00Z',24,83,'2025-04-05 09:02:32.589502','CLEAN','saturday','asdf'),(_binary '\0',_binary '','2025-04-06 09:27:09.043495',NULL,'14:00Z',48,84,'2025-04-06 09:27:09.043495','CLEAN','wednesday',' 11 '),(_binary '\0',_binary '','2025-04-06 10:16:57.009500',NULL,'15:00Z',48,85,'2025-04-06 10:16:57.009500','CLEAN','sunday',''),(_binary '\0',_binary '','2025-04-06 11:17:32.914629',NULL,'15:00Z',49,86,'2025-04-06 11:17:32.914629','CLEAN','sunday',''),(_binary '\0',_binary '','2025-04-06 14:49:58.797981',NULL,'12:00Z',52,87,'2025-04-06 14:49:58.797981','CLEAN','sunday',''),(_binary '\0',_binary '\0','2025-04-06 14:50:27.982604',NULL,NULL,52,88,'2025-04-06 14:50:27.982604','CLEAN','sunday',''),(_binary '\0',_binary '\0','2025-04-07 00:14:13.273555',NULL,NULL,24,89,'2025-04-07 00:14:13.273555','CLEAN','monday',' '),(_binary '\0',_binary '','2025-04-07 01:10:51.769801',NULL,'02:00Z',24,90,'2025-04-07 01:10:51.769801','CLEAN','monday','qa'),(_binary '\0',_binary '','2025-04-07 01:39:20.152789',NULL,'02:00Z',24,91,'2025-04-07 01:39:20.152789','CLEAN','wednesday',' '),(_binary '\0',_binary '','2025-04-07 01:42:59.357782',NULL,'02:00Z',53,92,'2025-04-07 01:50:15.180318','CLEAN','wednesday',''),(_binary '\0',_binary '\0','2025-04-07 02:24:47.809266',NULL,NULL,49,93,'2025-04-07 02:24:47.809266','CLEAN','monday','   '),(_binary '\0',_binary '','2025-04-07 04:41:57.376948',NULL,'15:00Z',24,94,'2025-04-07 04:41:57.376948','CLEAN','friday','asdf'),(_binary '\0',_binary '\0','2025-04-07 05:21:48.017943',NULL,NULL,24,95,'2025-04-07 05:21:48.017943','CLEAN','sunday','asdf'),(_binary '\0',_binary '','2025-04-07 05:23:52.864217',NULL,'00:00Z',24,96,'2025-04-07 05:23:52.864217','CLEAN','sunday','  '),(_binary '\0',_binary '\0','2025-04-07 07:20:58.123180',NULL,NULL,24,97,'2025-04-07 07:20:58.123180','MAINTENANCE','saturday',''),(_binary '\0',_binary '\0','2025-04-07 07:21:25.641636',NULL,NULL,24,98,'2025-04-07 07:21:25.641636','COOKING','saturday',' '),(_binary '\0',_binary '','2025-04-07 11:38:37.158876',NULL,'09:00Z',71,100,'2025-04-07 11:38:37.158876','GARBAGE','tuesday',' '),(_binary '\0',_binary '','2025-04-07 11:39:05.885431',NULL,'04:00Z',71,101,'2025-04-07 11:39:05.885431','COOKING','saturday',''),(_binary '\0',_binary '\0','2025-04-07 11:40:25.948570',NULL,NULL,71,102,'2025-04-07 11:40:25.948570','OTHER','monday','QA'),(_binary '\0',_binary '','2025-04-08 01:43:06.739633',NULL,'03:00Z',75,103,'2025-04-08 01:44:33.220609','CLEANING','tuesday',' '),(_binary '\0',_binary '','2025-04-08 01:46:18.898929',NULL,'21:00Z',75,106,'2025-04-08 01:46:18.898929','OTHER','thursday',''),(_binary '\0',_binary '','2025-04-08 01:46:20.963491',NULL,'04:00Z',75,107,'2025-04-08 01:46:20.963491','SETTLEMENT','tuesday','12   !'),(_binary '\0',_binary '','2025-04-08 02:07:13.264209',NULL,'12:00Z',75,108,'2025-04-08 02:07:13.264209','SETTLEMENT','tuesday','UTC+9   '),(_binary '\0',_binary '','2025-04-08 02:32:24.932196',NULL,'04:00Z',75,109,'2025-04-08 02:32:24.932196','SETTLEMENT','tuesday','   1'),(_binary '\0',_binary '','2025-04-08 02:58:26.544551',NULL,'17:00Z',41,110,'2025-04-08 02:58:26.544551','SETTLEMENT','tuesday',' 2 '),(_binary '\0',_binary '','2025-04-08 03:00:10.823517',NULL,'00:00Z',41,112,'2025-04-08 03:00:10.823517','SETTLEMENT','tuesday',' 9 '),(_binary '\0',_binary '','2025-04-08 03:11:57.057050',NULL,'01:00Z',41,113,'2025-04-08 03:11:57.057050','SETTLEMENT','tuesday',' 10 '),(_binary '\0',_binary '','2025-04-08 03:16:05.777589',NULL,'20:00Z',41,114,'2025-04-08 03:16:05.777589','SETTLEMENT','tuesday',' 5 '),(_binary '\0',_binary '','2025-04-08 03:42:04.287894',NULL,'17:00Z',41,115,'2025-04-08 03:42:04.287894','SETTLEMENT','tuesday',' 2 '),(_binary '\0',_binary '','2025-04-08 03:52:22.184361',NULL,'00:00Z',24,116,'2025-04-08 03:52:22.184361','SETTLEMENT','tuesday',' 9'),(_binary '\0',_binary '\0','2025-04-08 04:43:23.780105',NULL,NULL,75,117,'2025-04-08 04:43:23.780105','OTHER','tuesday','143 '),(_binary '\0',_binary '','2025-04-08 04:48:00.930642',NULL,'06:00Z',75,118,'2025-04-08 04:48:00.930642','SETTLEMENT','friday','147 '),(_binary '\0',_binary '\0','2025-04-08 04:49:21.580405',NULL,NULL,75,119,'2025-04-08 04:49:21.580405','OTHER','saturday','149'),(_binary '\0',_binary '\0','2025-04-08 04:50:02.294382',NULL,NULL,75,120,'2025-04-08 04:50:02.294382','OTHER','saturday','150'),(_binary '\0',_binary '\0','2025-04-08 04:50:56.317522',NULL,NULL,75,121,'2025-04-08 04:50:56.317522','OTHER','thursday','150'),(_binary '\0',_binary '','2025-04-08 08:46:39.014917',NULL,'22:00Z',75,122,'2025-04-08 08:46:39.014917','SETTLEMENT','tuesday','7 '),(_binary '\0',_binary '','2025-04-08 08:49:31.167618',NULL,'10:00Z',75,123,'2025-04-08 08:49:31.167618','OTHER','tuesday','7 '),(_binary '\0',_binary '','2025-04-08 08:53:32.670830',NULL,'10:00Z',75,124,'2025-04-08 08:53:32.670830','OTHER','tuesday','7'),(_binary '\0',_binary '','2025-04-08 09:27:47.393861',NULL,'11:00Z',75,125,'2025-04-08 09:27:47.393861','OTHER','tuesday',' 8 '),(_binary '\0',_binary '','2025-04-08 10:47:30.336166',NULL,'12:00Z',75,126,'2025-04-08 10:47:30.336166','SETTLEMENT','tuesday',' 9 '),(_binary '\0',_binary '\0','2025-04-09 01:14:45.979825',NULL,NULL,75,127,'2025-04-09 01:14:45.979825','CLEANING','wednesday',''),(_binary '\0',_binary '\0','2025-04-09 02:17:28.280416',NULL,NULL,75,128,'2025-04-09 02:17:28.280416','PET_CARE','tuesday',' '),(_binary '\0',_binary '\0','2025-04-09 02:17:29.485227',NULL,NULL,75,129,'2025-04-09 02:17:49.475159','PET_CARE','wednesday',' '),(_binary '\0',_binary '','2025-04-09 02:53:21.754471',NULL,'15:00Z',85,131,'2025-04-09 03:26:38.026607','CLEANING','tuesday',''),(_binary '\0',_binary '\0','2025-04-09 03:49:09.638953',NULL,NULL,85,132,'2025-04-09 03:49:09.638953','OTHER','wednesday','1'),(_binary '\0',_binary '','2025-04-09 03:49:20.993084',NULL,'09:00Z',85,133,'2025-04-09 03:49:50.411448','OTHER','wednesday','2'),(_binary '\0',_binary '','2025-04-09 03:50:18.002867',NULL,'00:00Z',85,134,'2025-04-09 03:50:18.002867','OTHER','wednesday','9'),(_binary '\0',_binary '','2025-04-09 03:50:30.113960',NULL,'01:00Z',85,135,'2025-04-09 03:50:30.113960','GARBAGE','wednesday',''),(_binary '\0',_binary '','2025-04-09 03:50:48.476341',NULL,'12:00Z',85,136,'2025-04-09 03:50:48.476341','OTHER','wednesday',''),(_binary '\0',_binary '','2025-04-09 03:51:06.277159',NULL,'04:00Z',85,137,'2025-04-09 03:51:06.277159','OTHER','wednesday',''),(_binary '\0',_binary '','2025-04-09 05:37:09.085785',NULL,'07:00Z',87,138,'2025-04-09 05:37:09.085785','SETTLEMENT','wednesday',' 4 '),(_binary '\0',_binary '','2025-04-09 05:37:48.011151',NULL,'08:00Z',87,139,'2025-04-09 05:37:48.011151','CLEANING','sunday',' '),(_binary '\0',_binary '\0','2025-04-09 08:05:55.524141',NULL,NULL,88,140,'2025-04-09 08:05:55.524141','PET_CARE','thursday','  '),(_binary '\0',_binary '\0','2025-04-09 08:49:04.071567',NULL,NULL,88,141,'2025-04-09 08:49:04.071567','OTHER','wednesday','asd'),(_binary '\0',_binary '','2025-04-09 09:19:56.423485',NULL,'00:00Z',88,142,'2025-04-09 09:19:56.423485','PET_CARE','wednesday','  '),(_binary '\0',_binary '\0','2025-04-09 09:26:01.279363',NULL,NULL,88,143,'2025-04-09 09:26:01.279363','COOKING','wednesday',' '),(_binary '\0',_binary '','2025-04-09 11:27:51.955330',NULL,'13:00Z',90,144,'2025-04-09 11:27:51.955330','OTHER','wednesday','10'),(_binary '\0',_binary '\0','2025-04-09 12:24:18.243433',NULL,NULL,92,145,'2025-04-09 12:24:18.243433','CLEANING','sunday',''),(_binary '\0',_binary '\0','2025-04-09 12:25:05.456946',NULL,NULL,92,146,'2025-04-09 12:25:05.456946','SHOPPING','sunday',''),(_binary '\0',_binary '\0','2025-04-10 00:28:08.004041',NULL,NULL,88,147,'2025-04-10 00:28:08.004041','COOKING','thursday','  '),(_binary '\0',_binary '','2025-04-10 01:01:30.185261',NULL,'03:00Z',92,148,'2025-04-10 01:01:30.185261','COOKING','thursday',''),(_binary '\0',_binary '','2025-04-10 07:04:43.087463',NULL,'10:00Z',95,149,'2025-04-10 07:04:43.087463','SETTLEMENT','friday','   '),(_binary '\0',_binary '','2025-04-10 07:08:34.370013',NULL,'14:00Z',95,150,'2025-04-10 07:08:34.370013','GARBAGE','friday',''),(_binary '\0',_binary '','2025-04-10 07:19:01.605329',NULL,'00:00Z',95,151,'2025-04-10 07:19:13.005245','PET_CARE','thursday',' '),(_binary '\0',_binary '','2025-04-10 08:18:11.285527',NULL,'12:00Z',96,152,'2025-04-10 08:18:11.285527','OTHER','thursday',' '),(_binary '\0',_binary '','2025-04-10 08:18:15.413572',NULL,'12:00Z',96,153,'2025-04-10 08:18:15.413572','OTHER','thursday',' '),(_binary '\0',_binary '','2025-04-10 08:18:46.335627',NULL,'13:00Z',96,154,'2025-04-10 08:18:46.335627','CLEANING','thursday',''),(_binary '\0',_binary '','2025-04-10 11:51:16.581600',NULL,'08:00Z',102,155,'2025-04-10 11:51:16.581600','COOKING','friday','  '),(_binary '\0',_binary '','2025-04-10 11:51:19.647335',NULL,'12:00Z',102,156,'2025-04-10 11:51:32.132034','GARBAGE','monday',' '),(_binary '\0',_binary '','2025-04-10 11:51:30.758190',NULL,'00:00Z',102,157,'2025-04-10 11:51:30.758190','OTHER','friday','  '),(_binary '\0',_binary '\0','2025-04-10 11:52:29.410818',NULL,NULL,102,159,'2025-04-10 11:52:29.410818','CLEANING','saturday',''),(_binary '\0',_binary '','2025-04-10 12:59:01.287388',NULL,'14:00Z',92,160,'2025-04-10 12:59:01.287388','COOKING','thursday','');
/*!40000 ALTER TABLE `duties` ENABLE KEYS */;
UNLOCK TABLES;

--
-- Table structure for table `duty_assignees`
--

DROP TABLE IF EXISTS `duty_assignees`;
/*!40101 SET @saved_cs_client     = @@character_set_client */;
/*!50503 SET character_set_client = utf8mb4 */;
CREATE TABLE `duty_assignees` (
  `is_deleted` bit(1) DEFAULT NULL,
  `created_at` datetime(6) NOT NULL,
  `deleted_at` datetime(6) DEFAULT NULL,
  `duty_id` bigint NOT NULL,
  `group_user_id` bigint NOT NULL,
  `id` bigint NOT NULL AUTO_INCREMENT,
  `updated_at` datetime(6) NOT NULL,
  PRIMARY KEY (`id`),
  KEY `group_user_id` (`group_user_id`),
  KEY `duty_id` (`duty_id`),
  CONSTRAINT `duty_assignees_ibfk_1` FOREIGN KEY (`group_user_id`) REFERENCES `group_user` (`id`),
  CONSTRAINT `duty_assignees_ibfk_2` FOREIGN KEY (`duty_id`) REFERENCES `duties` (`id`)
) ENGINE=InnoDB AUTO_INCREMENT=250 DEFAULT CHARSET=utf8mb4 COLLATE=utf8mb4_0900_ai_ci;
/*!40101 SET character_set_client = @saved_cs_client */;

--
-- Dumping data for table `duty_assignees`
--

LOCK TABLES `duty_assignees` WRITE;
/*!40000 ALTER TABLE `duty_assignees` DISABLE KEYS */;
INSERT INTO `duty_assignees` VALUES (_binary '\0','2025-04-02 05:49:15.747899',NULL,27,3,31,'2025-04-02 05:49:15.747899'),(_binary '\0','2025-04-02 05:49:15.749355',NULL,27,5,32,'2025-04-02 05:49:15.749355'),(_binary '\0','2025-04-02 05:51:17.638129',NULL,28,3,33,'2025-04-02 05:51:17.638129'),(_binary '\0','2025-04-02 05:51:17.645143',NULL,28,5,34,'2025-04-02 05:51:17.645143'),(_binary '\0','2025-04-02 05:51:27.077652',NULL,29,5,35,'2025-04-02 05:51:27.077652'),(_binary '\0','2025-04-02 05:51:27.080803',NULL,29,3,36,'2025-04-02 05:51:27.080803'),(_binary '\0','2025-04-02 06:53:37.873725',NULL,35,23,42,'2025-04-02 06:53:37.873725'),(_binary '\0','2025-04-02 06:56:53.210191',NULL,39,24,46,'2025-04-02 06:56:53.210191'),(_binary '\0','2025-04-02 07:03:02.061783',NULL,43,24,50,'2025-04-02 07:03:02.061783'),(_binary '\0','2025-04-03 03:06:32.097271',NULL,70,24,77,'2025-04-03 03:06:32.097271'),(_binary '\0','2025-04-03 08:11:57.318843',NULL,72,24,80,'2025-04-03 08:11:57.318843'),(_binary '\0','2025-04-03 08:12:31.568777',NULL,69,24,81,'2025-04-03 08:12:31.568777'),(_binary '\0','2025-04-05 08:54:04.451502',NULL,74,38,88,'2025-04-05 08:54:04.451502'),(_binary '\0','2025-04-05 08:54:19.266561',NULL,75,39,89,'2025-04-05 08:54:19.266561'),(_binary '\0','2025-04-05 08:55:02.327650',NULL,76,39,90,'2025-04-05 08:55:02.327650'),(_binary '\0','2025-04-05 08:55:03.389225',NULL,77,39,91,'2025-04-05 08:55:03.389225'),(_binary '\0','2025-04-05 08:55:25.763597',NULL,78,39,92,'2025-04-05 08:55:25.763597'),(_binary '\0','2025-04-05 09:02:30.819087',NULL,81,39,95,'2025-04-05 09:02:30.819087'),(_binary '\0','2025-04-05 09:02:31.495377',NULL,82,39,96,'2025-04-05 09:02:31.495377'),(_binary '\0','2025-04-05 09:02:32.591791',NULL,83,39,97,'2025-04-05 09:02:32.591791'),(_binary '\0','2025-04-06 09:27:09.048982',NULL,84,83,98,'2025-04-06 09:27:09.048982'),(_binary '\0','2025-04-06 09:27:09.055077',NULL,84,82,99,'2025-04-06 09:27:09.055077'),(_binary '\0','2025-04-06 10:16:57.061022',NULL,85,82,100,'2025-04-06 10:16:57.061022'),(_binary '\0','2025-04-06 10:16:57.067804',NULL,85,83,101,'2025-04-06 10:16:57.067804'),(_binary '\0','2025-04-06 11:17:32.917103',NULL,86,84,102,'2025-04-06 11:17:32.917103'),(_binary '\0','2025-04-06 14:49:58.802172',NULL,87,89,103,'2025-04-06 14:49:58.802172'),(_binary '\0','2025-04-06 14:50:27.985205',NULL,88,91,104,'2025-04-06 14:50:27.985205'),(_binary '\0','2025-04-07 00:14:13.277464',NULL,89,37,105,'2025-04-07 00:14:13.277464'),(_binary '\0','2025-04-07 01:10:51.776108',NULL,90,37,106,'2025-04-07 01:10:51.776108'),(_binary '\0','2025-04-07 01:39:20.155223',NULL,91,37,107,'2025-04-07 01:39:20.155223'),(_binary '\0','2025-04-07 01:50:15.158325',NULL,92,93,109,'2025-04-07 01:50:15.158325'),(_binary '\0','2025-04-07 02:24:47.811714',NULL,93,84,110,'2025-04-07 02:24:47.811714'),(_binary '\0','2025-04-07 04:41:57.383312',NULL,94,38,112,'2025-04-07 04:41:57.383312'),(_binary '\0','2025-04-07 05:21:48.020370',NULL,95,38,113,'2025-04-07 05:21:48.020370'),(_binary '\0','2025-04-07 05:23:52.867143',NULL,96,39,114,'2025-04-07 05:23:52.867143'),(_binary '\0','2025-04-07 07:20:58.129634',NULL,97,38,115,'2025-04-07 07:20:58.129634'),(_binary '\0','2025-04-07 07:21:25.644176',NULL,98,38,116,'2025-04-07 07:21:25.644176'),(_binary '\0','2025-04-07 11:38:37.161399',NULL,100,134,119,'2025-04-07 11:38:37.161399'),(_binary '\0','2025-04-07 11:39:05.887584',NULL,101,135,120,'2025-04-07 11:39:05.887584'),(_binary '\0','2025-04-07 11:39:05.890688',NULL,101,134,121,'2025-04-07 11:39:05.890688'),(_binary '\0','2025-04-07 11:40:25.950738',NULL,102,134,122,'2025-04-07 11:40:25.950738'),(_binary '\0','2025-04-07 11:40:25.953980',NULL,102,135,123,'2025-04-07 11:40:25.953980'),(_binary '\0','2025-04-08 01:44:33.197090',NULL,103,142,127,'2025-04-08 01:44:33.197090'),(_binary '\0','2025-04-08 01:46:18.901493',NULL,106,142,128,'2025-04-08 01:46:18.901493'),(_binary '\0','2025-04-08 01:46:20.966222',NULL,107,143,129,'2025-04-08 01:46:20.966222'),(_binary '\0','2025-04-08 01:46:20.967624',NULL,107,142,130,'2025-04-08 01:46:20.967624'),(_binary '\0','2025-04-08 02:07:13.267003',NULL,108,143,131,'2025-04-08 02:07:13.267003'),(_binary '\0','2025-04-08 02:07:13.270186',NULL,108,142,132,'2025-04-08 02:07:13.270186'),(_binary '\0','2025-04-08 02:32:24.935455',NULL,109,143,133,'2025-04-08 02:32:24.935455'),(_binary '\0','2025-04-08 02:32:24.937128',NULL,109,142,134,'2025-04-08 02:32:24.937128'),(_binary '\0','2025-04-08 02:58:26.547414',NULL,110,77,135,'2025-04-08 02:58:26.547414'),(_binary '\0','2025-04-08 02:58:26.549379',NULL,110,79,136,'2025-04-08 02:58:26.549379'),(_binary '\0','2025-04-08 02:58:26.551443',NULL,110,78,137,'2025-04-08 02:58:26.551443'),(_binary '\0','2025-04-08 03:00:10.827118',NULL,112,77,141,'2025-04-08 03:00:10.827118'),(_binary '\0','2025-04-08 03:00:10.831815',NULL,112,79,142,'2025-04-08 03:00:10.831815'),(_binary '\0','2025-04-08 03:00:10.833674',NULL,112,78,143,'2025-04-08 03:00:10.833674'),(_binary '\0','2025-04-08 03:11:57.059152',NULL,113,78,144,'2025-04-08 03:11:57.059152'),(_binary '\0','2025-04-08 03:11:57.060743',NULL,113,79,145,'2025-04-08 03:11:57.060743'),(_binary '\0','2025-04-08 03:11:57.062077',NULL,113,77,146,'2025-04-08 03:11:57.062077'),(_binary '\0','2025-04-08 03:16:05.779427',NULL,114,77,147,'2025-04-08 03:16:05.779427'),(_binary '\0','2025-04-08 03:16:05.780987',NULL,114,78,148,'2025-04-08 03:16:05.780987'),(_binary '\0','2025-04-08 03:16:05.783149',NULL,114,79,149,'2025-04-08 03:16:05.783149'),(_binary '\0','2025-04-08 03:42:04.290448',NULL,115,79,150,'2025-04-08 03:42:04.290448'),(_binary '\0','2025-04-08 03:42:04.293635',NULL,115,78,151,'2025-04-08 03:42:04.293635'),(_binary '\0','2025-04-08 03:42:04.295380',NULL,115,77,152,'2025-04-08 03:42:04.295380'),(_binary '\0','2025-04-08 03:52:22.187232',NULL,116,37,153,'2025-04-08 03:52:22.187232'),(_binary '\0','2025-04-08 04:43:23.782021',NULL,117,143,154,'2025-04-08 04:43:23.782021'),(_binary '\0','2025-04-08 04:43:23.783680',NULL,117,142,155,'2025-04-08 04:43:23.783680'),(_binary '\0','2025-04-08 04:48:00.933184',NULL,118,142,156,'2025-04-08 04:48:00.933184'),(_binary '\0','2025-04-08 04:48:00.935162',NULL,118,143,157,'2025-04-08 04:48:00.935162'),(_binary '\0','2025-04-08 04:49:21.582830',NULL,119,143,158,'2025-04-08 04:49:21.582830'),(_binary '\0','2025-04-08 04:49:21.584900',NULL,119,142,159,'2025-04-08 04:49:21.584900'),(_binary '\0','2025-04-08 04:50:02.297861',NULL,120,142,160,'2025-04-08 04:50:02.297861'),(_binary '\0','2025-04-08 04:50:02.299569',NULL,120,143,161,'2025-04-08 04:50:02.299569'),(_binary '\0','2025-04-08 04:50:56.319221',NULL,121,142,162,'2025-04-08 04:50:56.319221'),(_binary '\0','2025-04-08 08:46:39.064207',NULL,122,143,163,'2025-04-08 08:46:39.064207'),(_binary '\0','2025-04-08 08:46:39.071098',NULL,122,142,164,'2025-04-08 08:46:39.071098'),(_binary '\0','2025-04-08 08:49:31.170188',NULL,123,142,165,'2025-04-08 08:49:31.170188'),(_binary '\0','2025-04-08 08:49:31.173042',NULL,123,143,166,'2025-04-08 08:49:31.173042'),(_binary '\0','2025-04-08 08:53:32.675144',NULL,124,143,167,'2025-04-08 08:53:32.675144'),(_binary '\0','2025-04-08 08:53:32.676934',NULL,124,142,168,'2025-04-08 08:53:32.676934'),(_binary '\0','2025-04-08 09:27:47.440964',NULL,125,142,169,'2025-04-08 09:27:47.440964'),(_binary '\0','2025-04-08 09:27:47.446564',NULL,125,143,170,'2025-04-08 09:27:47.446564'),(_binary '\0','2025-04-08 10:47:30.342891',NULL,126,143,171,'2025-04-08 10:47:30.342891'),(_binary '\0','2025-04-08 10:47:30.345840',NULL,126,142,172,'2025-04-08 10:47:30.345840'),(_binary '\0','2025-04-09 01:14:45.987105',NULL,127,143,173,'2025-04-09 01:14:45.987105'),(_binary '\0','2025-04-09 01:14:45.992032',NULL,127,142,174,'2025-04-09 01:14:45.992032'),(_binary '\0','2025-04-09 02:17:28.282726',NULL,128,142,175,'2025-04-09 02:17:28.282726'),(_binary '\0','2025-04-09 02:17:28.285444',NULL,128,143,176,'2025-04-09 02:17:28.285444'),(_binary '\0','2025-04-09 02:17:49.422172',NULL,129,142,179,'2025-04-09 02:17:49.422172'),(_binary '\0','2025-04-09 02:17:49.431767',NULL,129,143,180,'2025-04-09 02:17:49.431767'),(_binary '\0','2025-04-09 03:26:38.007672',NULL,131,158,187,'2025-04-09 03:26:38.007672'),(_binary '\0','2025-04-09 03:49:09.641611',NULL,132,157,188,'2025-04-09 03:49:09.641611'),(_binary '\0','2025-04-09 03:49:09.643143',NULL,132,158,189,'2025-04-09 03:49:09.643143'),(_binary '\0','2025-04-09 03:49:50.395085',NULL,133,158,192,'2025-04-09 03:49:50.395085'),(_binary '\0','2025-04-09 03:50:18.005196',NULL,134,157,193,'2025-04-09 03:50:18.005196'),(_binary '\0','2025-04-09 03:50:18.007525',NULL,134,158,194,'2025-04-09 03:50:18.007525'),(_binary '\0','2025-04-09 03:50:48.478922',NULL,136,158,195,'2025-04-09 03:50:48.478922'),(_binary '\0','2025-04-09 03:50:48.481092',NULL,136,157,196,'2025-04-09 03:50:48.481092'),(_binary '\0','2025-04-09 03:51:22.928444',NULL,137,157,197,'2025-04-09 03:51:22.928444'),(_binary '\0','2025-04-09 05:37:09.131067',NULL,138,161,198,'2025-04-09 05:37:09.131067'),(_binary '\0','2025-04-09 05:37:09.137471',NULL,138,160,199,'2025-04-09 05:37:09.137471'),(_binary '\0','2025-04-09 05:37:48.014458',NULL,139,160,200,'2025-04-09 05:37:48.014458'),(_binary '\0','2025-04-09 08:05:55.528072',NULL,140,163,201,'2025-04-09 08:05:55.528072'),(_binary '\0','2025-04-09 08:49:04.073357',NULL,141,164,202,'2025-04-09 08:49:04.073357'),(_binary '\0','2025-04-09 08:49:04.075325',NULL,141,163,203,'2025-04-09 08:49:04.075325'),(_binary '\0','2025-04-09 08:49:04.078523',NULL,141,162,204,'2025-04-09 08:49:04.078523'),(_binary '\0','2025-04-09 09:19:56.426190',NULL,142,163,205,'2025-04-09 09:19:56.426190'),(_binary '\0','2025-04-09 09:19:56.428062',NULL,142,162,206,'2025-04-09 09:19:56.428062'),(_binary '\0','2025-04-09 09:19:56.430278',NULL,142,164,207,'2025-04-09 09:19:56.430278'),(_binary '\0','2025-04-09 09:26:01.281639',NULL,143,164,208,'2025-04-09 09:26:01.281639'),(_binary '\0','2025-04-09 09:26:01.283080',NULL,143,162,209,'2025-04-09 09:26:01.283080'),(_binary '\0','2025-04-09 09:26:01.284579',NULL,143,163,210,'2025-04-09 09:26:01.284579'),(_binary '\0','2025-04-09 11:27:51.988758',NULL,144,168,211,'2025-04-09 11:27:51.988758'),(_binary '\0','2025-04-09 11:27:51.993499',NULL,144,166,212,'2025-04-09 11:27:51.993499'),(_binary '\0','2025-04-09 12:24:18.245585',NULL,145,170,213,'2025-04-09 12:24:18.245585'),(_binary '\0','2025-04-09 12:24:18.247398',NULL,145,171,214,'2025-04-09 12:24:18.247398'),(_binary '\0','2025-04-09 12:25:05.459203',NULL,146,171,215,'2025-04-09 12:25:05.459203'),(_binary '\0','2025-04-09 12:25:05.461703',NULL,146,170,216,'2025-04-09 12:25:05.461703'),(_binary '\0','2025-04-10 00:28:08.012425',NULL,147,162,217,'2025-04-10 00:28:08.012425'),(_binary '\0','2025-04-10 00:28:08.018146',NULL,147,164,218,'2025-04-10 00:28:08.018146'),(_binary '\0','2025-04-10 00:28:08.021812',NULL,147,163,219,'2025-04-10 00:28:08.021812'),(_binary '\0','2025-04-10 01:01:30.187607',NULL,148,170,220,'2025-04-10 01:01:30.187607'),(_binary '\0','2025-04-10 01:01:30.189892',NULL,148,171,221,'2025-04-10 01:01:30.189892'),(_binary '\0','2025-04-10 07:04:43.093587',NULL,149,176,222,'2025-04-10 07:04:43.093587'),(_binary '\0','2025-04-10 07:04:43.097162',NULL,149,177,223,'2025-04-10 07:04:43.097162'),(_binary '\0','2025-04-10 07:04:43.099382',NULL,149,175,224,'2025-04-10 07:04:43.099382'),(_binary '\0','2025-04-10 07:08:34.373994',NULL,150,177,225,'2025-04-10 07:08:34.373994'),(_binary '\0','2025-04-10 07:08:34.375622',NULL,150,176,226,'2025-04-10 07:08:34.375622'),(_binary '\0','2025-04-10 07:19:12.940140',NULL,151,177,230,'2025-04-10 07:19:12.940140'),(_binary '\0','2025-04-10 07:19:12.946763',NULL,151,175,231,'2025-04-10 07:19:12.946763'),(_binary '\0','2025-04-10 07:19:12.954941',NULL,151,176,232,'2025-04-10 07:19:12.954941'),(_binary '\0','2025-04-10 08:18:11.287321',NULL,152,179,236,'2025-04-10 08:18:11.287321'),(_binary '\0','2025-04-10 08:18:15.416191',NULL,153,179,237,'2025-04-10 08:18:15.416191'),(_binary '\0','2025-04-10 08:18:46.337722',NULL,154,179,238,'2025-04-10 08:18:46.337722'),(_binary '\0','2025-04-10 11:51:32.117544',NULL,156,189,241,'2025-04-10 11:51:32.117544'),(_binary '\0','2025-04-10 11:51:38.123623',NULL,157,190,242,'2025-04-10 11:51:38.123623'),(_binary '\0','2025-04-10 11:52:29.413392',NULL,159,190,245,'2025-04-10 11:52:29.413392'),(_binary '\0','2025-04-10 11:52:40.212133',NULL,155,189,246,'2025-04-10 11:52:40.212133'),(_binary '\0','2025-04-10 11:52:40.218274',NULL,155,190,247,'2025-04-10 11:52:40.218274'),(_binary '\0','2025-04-10 12:59:01.289647',NULL,160,170,248,'2025-04-10 12:59:01.289647'),(_binary '\0','2025-04-10 12:59:01.290914',NULL,160,171,249,'2025-04-10 12:59:01.290914');
/*!40000 ALTER TABLE `duty_assignees` ENABLE KEYS */;
UNLOCK TABLES;

--
-- Table structure for table `group_user`
--

DROP TABLE IF EXISTS `group_user`;
/*!40101 SET @saved_cs_client     = @@character_set_client */;
/*!50503 SET character_set_client = utf8mb4 */;
CREATE TABLE `group_user` (
  `is_deleted` bit(1) DEFAULT NULL,
  `created_at` datetime(6) NOT NULL,
  `deleted_at` datetime(6) DEFAULT NULL,
  `group_id` bigint NOT NULL,
  `id` bigint NOT NULL AUTO_INCREMENT,
  `updated_at` datetime(6) NOT NULL,
  `user_id` bigint NOT NULL,
  PRIMARY KEY (`id`),
  KEY `group_id` (`group_id`),
  KEY `user_id` (`user_id`),
  CONSTRAINT `group_user_ibfk_1` FOREIGN KEY (`group_id`) REFERENCES `groups` (`id`),
  CONSTRAINT `group_user_ibfk_2` FOREIGN KEY (`user_id`) REFERENCES `users` (`id`)
) ENGINE=InnoDB AUTO_INCREMENT=203 DEFAULT CHARSET=utf8mb4 COLLATE=utf8mb4_0900_ai_ci;
/*!40101 SET character_set_client = @saved_cs_client */;

--
-- Dumping data for table `group_user`
--

LOCK TABLES `group_user` WRITE;
/*!40000 ALTER TABLE `group_user` DISABLE KEYS */;
INSERT INTO `group_user` VALUES (_binary '\0','2025-03-31 03:44:11.782256',NULL,1,1,'2025-03-31 03:44:11.782256',3),(_binary '\0','2025-03-31 03:48:08.170518',NULL,2,2,'2025-03-31 03:48:08.170518',7),(_binary '\0','2025-03-31 04:09:13.198629',NULL,1,3,'2025-03-31 04:09:13.198629',8),(_binary '\0','2025-03-31 04:10:48.738566',NULL,3,4,'2025-03-31 04:10:48.738566',9),(_binary '\0','2025-03-31 04:25:20.387032',NULL,1,5,'2025-03-31 04:25:20.387032',10),(_binary '\0','2025-03-31 04:32:42.909274',NULL,1,6,'2025-03-31 04:32:42.909274',11),(_binary '\0','2025-03-31 04:36:14.429245',NULL,4,7,'2025-03-31 04:36:14.429245',12),(_binary '\0','2025-03-31 04:47:47.638391',NULL,1,8,'2025-03-31 04:47:47.638391',13),(_binary '\0','2025-03-31 04:48:44.249014',NULL,6,9,'2025-03-31 04:48:44.249014',14),(_binary '\0','2025-03-31 05:06:05.386369',NULL,8,10,'2025-03-31 05:06:05.386369',15),(_binary '\0','2025-03-31 05:21:14.375724',NULL,9,11,'2025-03-31 05:21:14.375724',16),(_binary '\0','2025-03-31 05:23:24.783800',NULL,10,12,'2025-03-31 05:23:24.783800',17),(_binary '\0','2025-03-31 05:26:33.547811',NULL,11,13,'2025-03-31 05:26:33.547811',18),(_binary '\0','2025-03-31 05:35:12.328493',NULL,13,14,'2025-03-31 05:35:12.328493',19),(_binary '\0','2025-03-31 05:56:00.330550',NULL,14,15,'2025-03-31 05:56:00.330550',20),(_binary '\0','2025-03-31 05:57:38.260317',NULL,14,16,'2025-03-31 05:57:38.260317',21),(_binary '\0','2025-03-31 06:02:32.603078',NULL,1,17,'2025-03-31 06:02:32.603078',22),(_binary '\0','2025-03-31 06:03:16.155331',NULL,15,18,'2025-03-31 06:03:16.155331',23),(_binary '\0','2025-03-31 06:14:36.299399',NULL,15,19,'2025-03-31 06:14:36.299399',24),(_binary '\0','2025-03-31 06:18:51.173820',NULL,15,20,'2025-03-31 06:18:51.173820',25),(_binary '\0','2025-03-31 06:20:47.103435',NULL,15,21,'2025-03-31 06:20:47.103435',26),(_binary '\0','2025-03-31 07:37:54.053482',NULL,16,22,'2025-03-31 07:37:54.053482',1),(_binary '\0','2025-03-31 11:16:50.106284',NULL,17,23,'2025-03-31 11:16:50.106284',28),(_binary '\0','2025-03-31 11:17:54.141218',NULL,17,24,'2025-03-31 11:17:54.141218',29),(_binary '\0','2025-04-01 05:30:17.574219',NULL,18,25,'2025-04-01 05:30:17.574219',31),(_binary '\0','2025-04-01 05:43:42.751038',NULL,19,26,'2025-04-01 05:43:42.751038',32),(_binary '\0','2025-04-01 06:32:21.965132',NULL,20,27,'2025-04-01 06:32:21.965132',33),(_binary '\0','2025-04-01 11:03:59.702284',NULL,21,28,'2025-04-01 11:03:59.702284',36),(_binary '\0','2025-04-01 11:05:16.142203',NULL,21,29,'2025-04-01 11:05:16.142203',35),(_binary '\0','2025-04-01 11:05:36.438920',NULL,21,30,'2025-04-01 11:05:36.438920',34),(_binary '\0','2025-04-02 06:49:59.338384',NULL,22,31,'2025-04-02 06:49:59.338384',37),(_binary '\0','2025-04-02 06:50:36.209469',NULL,22,32,'2025-04-02 06:50:36.209469',38),(_binary '\0','2025-04-02 06:51:53.214271',NULL,22,33,'2025-04-02 06:51:53.214271',39),(_binary '\0','2025-04-02 08:05:06.188405',NULL,23,34,'2025-04-02 08:05:06.188405',154),(_binary '\0','2025-04-02 08:07:29.417414',NULL,23,35,'2025-04-02 08:07:29.417414',155),(_binary '\0','2025-04-02 08:07:42.796793',NULL,23,36,'2025-04-02 08:07:42.796793',156),(_binary '\0','2025-04-03 05:53:31.346160',NULL,24,37,'2025-04-03 05:53:31.346160',46),(_binary '\0','2025-04-03 05:56:10.215506',NULL,24,38,'2025-04-03 05:56:10.215506',47),(_binary '\0','2025-04-03 05:56:27.647227',NULL,24,39,'2025-04-03 05:56:27.647227',48),(_binary '\0','2025-04-03 06:03:33.561276',NULL,25,40,'2025-04-03 06:03:33.561276',166),(_binary '\0','2025-04-03 06:07:27.915844',NULL,25,43,'2025-04-03 06:07:27.915844',165),(_binary '\0','2025-04-03 06:07:45.879237',NULL,25,44,'2025-04-03 06:07:45.879237',164),(_binary '\0','2025-04-03 08:42:21.856386',NULL,28,45,'2025-04-03 08:42:21.856386',231),(_binary '\0','2025-04-03 08:42:21.922819',NULL,28,46,'2025-04-03 08:42:21.922819',232),(_binary '\0','2025-04-03 08:42:21.963564',NULL,28,47,'2025-04-03 08:42:21.963564',233),(_binary '\0','2025-04-03 08:43:56.690668',NULL,29,48,'2025-04-03 08:43:56.690668',234),(_binary '\0','2025-04-03 08:43:56.718739',NULL,29,49,'2025-04-03 08:43:56.718739',235),(_binary '\0','2025-04-03 08:43:56.747728',NULL,29,50,'2025-04-03 08:43:56.747728',236),(_binary '\0','2025-04-03 08:44:03.895897',NULL,30,51,'2025-04-03 08:44:03.895897',237),(_binary '\0','2025-04-03 08:44:03.923185',NULL,30,52,'2025-04-03 08:44:03.923185',238),(_binary '\0','2025-04-03 08:44:03.957390',NULL,30,53,'2025-04-03 08:44:03.957390',239),(_binary '\0','2025-04-03 08:44:24.298090',NULL,31,54,'2025-04-03 08:44:24.298090',240),(_binary '\0','2025-04-03 08:44:24.327108',NULL,31,55,'2025-04-03 08:44:24.327108',241),(_binary '\0','2025-04-03 08:44:24.356942',NULL,31,56,'2025-04-03 08:44:24.356942',242),(_binary '\0','2025-04-03 08:44:27.941561',NULL,32,57,'2025-04-03 08:44:27.941561',243),(_binary '\0','2025-04-03 08:44:27.968957',NULL,32,58,'2025-04-03 08:44:27.968957',244),(_binary '\0','2025-04-03 08:44:27.996756',NULL,32,59,'2025-04-03 08:44:27.996756',245),(_binary '\0','2025-04-03 08:44:32.139038',NULL,33,60,'2025-04-03 08:44:32.139038',246),(_binary '\0','2025-04-03 08:44:32.161821',NULL,33,61,'2025-04-03 08:44:32.161821',247),(_binary '\0','2025-04-03 08:44:32.192090',NULL,33,62,'2025-04-03 08:44:32.192090',248),(_binary '\0','2025-04-03 08:44:39.935483',NULL,34,63,'2025-04-03 08:44:39.935483',249),(_binary '\0','2025-04-03 08:44:39.960601',NULL,34,64,'2025-04-03 08:44:39.960601',250),(_binary '\0','2025-04-03 08:44:39.991881',NULL,34,65,'2025-04-03 08:44:39.991881',251),(_binary '\0','2025-04-03 08:49:30.710396',NULL,35,66,'2025-04-03 08:49:30.710396',252),(_binary '\0','2025-04-03 08:49:30.735896',NULL,35,67,'2025-04-03 08:49:30.735896',253),(_binary '\0','2025-04-03 08:49:30.769095',NULL,35,68,'2025-04-03 08:49:30.769095',254),(_binary '\0','2025-04-03 08:50:41.351954',NULL,36,69,'2025-04-03 08:50:41.351954',41),(_binary '\0','2025-04-03 12:00:18.928144',NULL,37,70,'2025-04-03 12:00:18.928144',42),(_binary '\0','2025-04-03 12:04:08.165152',NULL,38,71,'2025-04-03 12:04:08.165152',43),(_binary '\0','2025-04-03 12:06:42.725505',NULL,38,72,'2025-04-03 12:06:42.725505',45),(_binary '\0','2025-04-04 07:06:04.415466',NULL,39,73,'2025-04-04 07:06:04.415466',71),(_binary '\0','2025-04-04 07:46:34.425646',NULL,40,74,'2025-04-04 07:46:34.425646',255),(_binary '\0','2025-04-04 07:46:34.463469',NULL,40,75,'2025-04-04 07:46:34.463469',256),(_binary '\0','2025-04-04 07:46:34.490778',NULL,40,76,'2025-04-04 07:46:34.490778',257),(_binary '\0','2025-04-04 08:51:34.727103',NULL,41,77,'2025-04-04 08:51:34.727103',258),(_binary '\0','2025-04-04 08:51:34.777475',NULL,41,78,'2025-04-04 08:51:34.777475',259),(_binary '\0','2025-04-04 08:51:34.818481',NULL,41,79,'2025-04-04 08:51:34.818481',260),(_binary '\0','2025-04-05 04:33:30.194782',NULL,46,80,'2025-04-05 04:33:30.194782',44),(_binary '\0','2025-04-05 13:55:11.823354',NULL,47,81,'2025-04-05 13:55:11.823354',261),(_binary '\0','2025-04-06 06:11:59.455179',NULL,48,82,'2025-04-06 06:11:59.455179',56),(_binary '\0','2025-04-06 06:24:01.042747',NULL,48,83,'2025-04-06 06:24:01.042747',57),(_binary '\0','2025-04-06 07:01:11.030618',NULL,49,84,'2025-04-06 07:01:11.030618',58),(_binary '\0','2025-04-06 07:03:30.833721',NULL,49,85,'2025-04-06 07:03:30.833721',59),(_binary '\0','2025-04-06 07:07:04.167809',NULL,50,86,'2025-04-06 07:07:04.167809',60),(_binary '\0','2025-04-06 07:08:23.168917',NULL,50,87,'2025-04-06 07:08:23.168917',61),(_binary '\0','2025-04-06 07:16:14.505403',NULL,51,88,'2025-04-06 07:16:14.505403',62),(_binary '\0','2025-04-06 14:44:41.942844',NULL,52,89,'2025-04-06 14:44:41.942844',262),(_binary '\0','2025-04-06 14:46:28.275098',NULL,52,90,'2025-04-06 14:46:28.275098',263),(_binary '\0','2025-04-06 14:47:18.768979',NULL,52,91,'2025-04-06 14:47:18.768979',264),(_binary '\0','2025-04-07 00:10:10.444506',NULL,53,92,'2025-04-07 00:10:10.444506',91),(_binary '\0','2025-04-07 00:31:30.514230',NULL,53,93,'2025-04-07 00:31:30.514230',92),(_binary '\0','2025-04-07 00:52:43.244535',NULL,54,94,'2025-04-07 00:52:43.244535',63),(_binary '\0','2025-04-07 00:53:25.404380',NULL,54,95,'2025-04-07 00:53:25.404380',64),(_binary '\0','2025-04-07 00:54:47.907425',NULL,54,96,'2025-04-07 00:54:47.907425',65),(_binary '\0','2025-04-07 01:04:21.966794',NULL,55,97,'2025-04-07 01:04:21.966794',94),(_binary '\0','2025-04-07 01:06:35.702031',NULL,55,98,'2025-04-07 01:06:35.702031',93),(_binary '\0','2025-04-07 02:02:47.695430',NULL,56,99,'2025-04-07 02:02:47.695430',265),(_binary '\0','2025-04-07 02:03:53.705069',NULL,56,100,'2025-04-07 02:03:53.705069',266),(_binary '\0','2025-04-07 02:28:05.913493',NULL,57,101,'2025-04-07 02:28:05.913493',267),(_binary '\0','2025-04-07 03:13:50.118340',NULL,58,102,'2025-04-07 03:13:50.118340',73),(_binary '\0','2025-04-07 03:14:39.973383',NULL,58,103,'2025-04-07 03:14:39.973383',74),(_binary '\0','2025-04-07 04:00:04.126972',NULL,59,104,'2025-04-07 04:00:04.126972',95),(_binary '\0','2025-04-07 04:00:44.304681',NULL,59,105,'2025-04-07 04:00:44.304681',96),(_binary '\0','2025-04-07 04:14:26.190214',NULL,60,106,'2025-04-07 04:14:26.190214',98),(_binary '\0','2025-04-07 04:15:53.421965',NULL,60,108,'2025-04-07 04:15:53.421965',97),(_binary '\0','2025-04-07 04:46:18.066093',NULL,61,109,'2025-04-07 04:46:18.066093',99),(_binary '\0','2025-04-07 04:47:06.524728',NULL,61,110,'2025-04-07 04:47:06.524728',100),(_binary '\0','2025-04-07 05:18:09.486313',NULL,62,111,'2025-04-07 05:18:09.486313',105),(_binary '\0','2025-04-07 05:20:18.800407',NULL,62,112,'2025-04-07 05:20:18.800407',106),(_binary '\0','2025-04-07 07:10:13.939111',NULL,63,113,'2025-04-07 07:10:13.939111',270),(_binary '\0','2025-04-07 07:10:14.008979',NULL,63,114,'2025-04-07 07:10:14.008979',271),(_binary '\0','2025-04-07 07:10:14.057218',NULL,63,115,'2025-04-07 07:10:14.057218',272),(_binary '\0','2025-04-07 07:49:17.731595',NULL,64,116,'2025-04-07 07:49:17.731595',77),(_binary '\0','2025-04-07 07:49:58.531458',NULL,64,117,'2025-04-07 07:49:58.531458',76),(_binary '\0','2025-04-07 07:50:14.426812',NULL,64,118,'2025-04-07 07:50:14.426812',75),(_binary '\0','2025-04-07 07:52:11.774750',NULL,65,119,'2025-04-07 07:52:11.774750',273),(_binary '\0','2025-04-07 08:12:58.491770',NULL,66,120,'2025-04-07 08:12:58.491770',83),(_binary '\0','2025-04-07 08:13:39.659068',NULL,66,121,'2025-04-07 08:13:39.659068',81),(_binary '\0','2025-04-07 08:13:52.949369',NULL,66,122,'2025-04-07 08:13:52.949369',82),(_binary '\0','2025-04-07 08:34:32.566630',NULL,67,123,'2025-04-07 08:34:32.566630',67),(_binary '\0','2025-04-07 08:35:18.968587',NULL,67,124,'2025-04-07 08:35:18.968587',66),(_binary '\0','2025-04-07 09:27:11.264569',NULL,68,125,'2025-04-07 09:27:11.264569',274),(_binary '\0','2025-04-07 09:27:11.315558',NULL,68,126,'2025-04-07 09:27:11.315558',275),(_binary '\0','2025-04-07 09:27:11.357446',NULL,68,127,'2025-04-07 09:27:11.357446',276),(_binary '\0','2025-04-07 11:08:26.265654',NULL,69,128,'2025-04-07 11:08:26.265654',277),(_binary '\0','2025-04-07 11:08:26.343457',NULL,69,129,'2025-04-07 11:08:26.343457',278),(_binary '\0','2025-04-07 11:08:26.394124',NULL,69,130,'2025-04-07 11:08:26.394124',279),(_binary '\0','2025-04-07 11:12:37.423657',NULL,70,131,'2025-04-07 11:12:37.423657',280),(_binary '\0','2025-04-07 11:12:37.461186',NULL,70,132,'2025-04-07 11:12:37.461186',281),(_binary '\0','2025-04-07 11:12:37.498954',NULL,70,133,'2025-04-07 11:12:37.498954',282),(_binary '\0','2025-04-07 11:22:10.040019',NULL,71,134,'2025-04-07 11:22:10.040019',108),(_binary '\0','2025-04-07 11:23:30.504685',NULL,71,135,'2025-04-07 11:23:30.504685',107),(_binary '\0','2025-04-07 14:23:43.026818',NULL,72,136,'2025-04-07 14:23:43.026818',283),(_binary '\0','2025-04-07 14:24:36.164008',NULL,72,137,'2025-04-07 14:24:36.164008',284),(_binary '\0','2025-04-07 16:20:48.423674',NULL,73,138,'2025-04-07 16:20:48.423674',285),(_binary '\0','2025-04-07 16:21:49.089617',NULL,73,139,'2025-04-07 16:21:49.089617',286),(_binary '\0','2025-04-08 01:15:31.865842',NULL,74,140,'2025-04-08 01:15:31.865842',109),(_binary '\0','2025-04-08 01:16:09.430856',NULL,74,141,'2025-04-08 01:16:09.430856',110),(_binary '\0','2025-04-08 01:33:28.587816',NULL,75,142,'2025-04-08 01:33:28.587816',112),(_binary '\0','2025-04-08 01:33:53.094273',NULL,75,143,'2025-04-08 01:33:53.094273',111),(_binary '\0','2025-04-08 05:54:37.580211',NULL,76,144,'2025-04-08 05:54:37.580211',287),(_binary '\0','2025-04-08 05:55:23.037058',NULL,76,145,'2025-04-08 05:55:23.037058',288),(_binary '\0','2025-04-08 06:25:34.306434',NULL,77,146,'2025-04-08 06:25:34.306434',290),(_binary '\0','2025-04-08 06:31:23.759679',NULL,78,147,'2025-04-08 06:31:23.759679',291),(_binary '\0','2025-04-08 06:33:03.990478',NULL,79,148,'2025-04-08 06:33:03.990478',292),(_binary '\0','2025-04-08 07:01:00.555783',NULL,80,149,'2025-04-08 07:01:00.555783',293),(_binary '\0','2025-04-08 07:03:23.789420',NULL,80,150,'2025-04-08 07:03:23.789420',294),(_binary '\0','2025-04-08 07:26:06.449725',NULL,81,151,'2025-04-08 07:26:06.449725',295),(_binary '\0','2025-04-08 08:50:00.459499',NULL,82,152,'2025-04-08 08:50:00.459499',294),(_binary '\0','2025-04-08 10:07:52.440666',NULL,83,153,'2025-04-08 10:07:52.440666',296),(_binary '\0','2025-04-08 22:11:25.522529',NULL,84,154,'2025-04-08 22:11:25.522529',297),(_binary '\0','2025-04-08 22:13:31.734425',NULL,84,155,'2025-04-08 22:13:31.734425',298),(_binary '\0','2025-04-08 22:25:55.381771',NULL,84,156,'2025-04-08 22:25:55.381771',299),(_binary '\0','2025-04-09 02:46:23.740162',NULL,85,157,'2025-04-09 02:46:23.740162',300),(_binary '\0','2025-04-09 02:47:08.101323',NULL,85,158,'2025-04-09 02:47:08.101323',301),(_binary '\0','2025-04-09 04:39:39.101255',NULL,86,159,'2025-04-09 04:39:39.101255',113),(_binary '\0','2025-04-09 04:57:04.240570',NULL,87,160,'2025-04-09 04:57:04.240570',303),(_binary '\0','2025-04-09 04:57:33.617816',NULL,87,161,'2025-04-09 04:57:33.617816',304),(_binary '\0','2025-04-09 05:27:21.624492',NULL,88,162,'2025-04-09 05:27:21.624492',305),(_binary '\0','2025-04-09 05:31:44.813149',NULL,88,163,'2025-04-09 05:31:44.813149',306),(_binary '\0','2025-04-09 05:33:15.938686',NULL,88,164,'2025-04-09 05:33:15.938686',302),(_binary '\0','2025-04-09 06:09:17.072327',NULL,89,165,'2025-04-09 06:09:17.072327',307),(_binary '\0','2025-04-09 10:43:04.448845',NULL,90,166,'2025-04-09 10:43:04.448845',114),(_binary '\0','2025-04-09 10:45:52.077751',NULL,90,168,'2025-04-09 10:45:52.077751',115),(_binary '\0','2025-04-09 10:59:46.202550',NULL,91,169,'2025-04-09 10:59:46.202550',308),(_binary '\0','2025-04-09 11:47:53.070547',NULL,92,170,'2025-04-09 11:47:53.070547',116),(_binary '\0','2025-04-09 11:49:57.760234',NULL,92,171,'2025-04-09 11:49:57.760234',117),(_binary '\0','2025-04-10 01:00:58.104176',NULL,93,172,'2025-04-10 01:00:58.104176',310),(_binary '\0','2025-04-10 06:07:08.950439',NULL,94,173,'2025-04-10 06:07:08.950439',119),(_binary '\0','2025-04-10 06:12:59.937737',NULL,94,174,'2025-04-10 06:12:59.937737',118),(_binary '\0','2025-04-10 06:38:14.477137',NULL,95,175,'2025-04-10 06:38:14.477137',120),(_binary '\0','2025-04-10 06:39:35.659741',NULL,95,176,'2025-04-10 06:39:35.659741',121),(_binary '\0','2025-04-10 06:41:06.522436',NULL,95,177,'2025-04-10 06:41:06.522436',122),(_binary '\0','2025-04-10 08:10:26.920549',NULL,96,178,'2025-04-10 08:10:26.920549',123),(_binary '\0','2025-04-10 08:15:08.397417',NULL,96,179,'2025-04-10 08:15:08.397417',124),(_binary '\0','2025-04-10 08:31:31.069947',NULL,97,180,'2025-04-10 08:31:31.069947',125),(_binary '\0','2025-04-10 08:32:07.783057',NULL,97,181,'2025-04-10 08:32:07.783057',126),(_binary '\0','2025-04-10 08:41:48.133481',NULL,98,182,'2025-04-10 08:41:48.133481',314),(_binary '\0','2025-04-10 08:44:39.284757',NULL,100,183,'2025-04-10 08:44:39.284757',127),(_binary '\0','2025-04-10 08:45:23.648649',NULL,100,184,'2025-04-10 08:45:23.648649',128),(_binary '\0','2025-04-10 08:57:53.359077',NULL,98,185,'2025-04-10 08:57:53.359077',315),(_binary '\0','2025-04-10 09:04:38.048957',NULL,98,186,'2025-04-10 09:04:38.048957',316),(_binary '\0','2025-04-10 09:45:24.444176',NULL,101,187,'2025-04-10 09:45:24.444176',317),(_binary '\0','2025-04-10 09:46:39.111034',NULL,101,188,'2025-04-10 09:46:39.111034',318),(_binary '\0','2025-04-10 11:16:47.478635',NULL,102,189,'2025-04-10 11:16:47.478635',144),(_binary '\0','2025-04-10 11:18:35.996842',NULL,102,190,'2025-04-10 11:18:35.996842',146),(_binary '\0','2025-04-10 12:29:33.692774',NULL,103,191,'2025-04-10 12:29:33.692774',194),(_binary '\0','2025-04-10 12:30:51.296147',NULL,103,192,'2025-04-10 12:30:51.296147',196),(_binary '\0','2025-04-10 13:18:52.845625',NULL,104,193,'2025-04-10 13:18:52.845625',320),(_binary '\0','2025-04-10 13:24:47.135475',NULL,107,194,'2025-04-10 13:24:47.135475',321),(_binary '\0','2025-04-10 13:39:36.040464',NULL,108,195,'2025-04-10 13:39:36.040464',322),(_binary '\0','2025-04-10 13:58:09.199269',NULL,109,196,'2025-04-10 13:58:09.199269',323),(_binary '\0','2025-04-10 14:03:12.677206',NULL,110,197,'2025-04-10 14:03:12.677206',324),(_binary '\0','2025-04-10 14:05:29.699748',NULL,110,198,'2025-04-10 14:05:29.699748',325),(_binary '\0','2025-04-10 14:34:45.333838',NULL,111,199,'2025-04-10 14:34:45.333838',326),(_binary '\0','2025-04-10 14:40:22.931385',NULL,112,200,'2025-04-10 14:40:22.931385',327),(_binary '\0','2025-04-10 14:44:37.435209',NULL,113,201,'2025-04-10 14:44:37.435209',328),(_binary '\0','2025-04-10 14:52:33.680688',NULL,114,202,'2025-04-10 14:52:33.680688',329);
/*!40000 ALTER TABLE `group_user` ENABLE KEYS */;
UNLOCK TABLES;

--
-- Table structure for table `groups`
--

DROP TABLE IF EXISTS `groups`;
/*!40101 SET @saved_cs_client     = @@character_set_client */;
/*!50503 SET character_set_client = utf8mb4 */;
CREATE TABLE `groups` (
  `is_active` bit(1) NOT NULL,
  `is_deleted` bit(1) DEFAULT NULL,
  `max_participants` int NOT NULL,
  `contract_id` bigint DEFAULT NULL,
  `created_at` datetime(6) NOT NULL,
  `deleted_at` datetime(6) DEFAULT NULL,
  `id` bigint NOT NULL AUTO_INCREMENT,
  `owner_id` bigint NOT NULL,
  `updated_at` datetime(6) NOT NULL,
  `group_code` varchar(255) NOT NULL,
  `name` varchar(255) DEFAULT NULL,
  PRIMARY KEY (`id`),
  UNIQUE KEY `owner_id` (`owner_id`),
  CONSTRAINT `groups_ibfk_1` FOREIGN KEY (`owner_id`) REFERENCES `users` (`id`)
) ENGINE=InnoDB AUTO_INCREMENT=115 DEFAULT CHARSET=utf8mb4 COLLATE=utf8mb4_0900_ai_ci;
/*!40101 SET character_set_client = @saved_cs_client */;

--
-- Dumping data for table `groups`
--

LOCK TABLES `groups` WRITE;
/*!40000 ALTER TABLE `groups` DISABLE KEYS */;
INSERT INTO `groups` VALUES (_binary '',_binary '\0',6,NULL,'2025-03-31 03:44:11.766420',NULL,1,3,'2025-03-31 03:44:11.766420','6kTGNB',''),(_binary '',_binary '\0',6,NULL,'2025-03-31 03:48:08.166708',NULL,2,7,'2025-03-31 03:48:08.166708','wrf63Y',''),(_binary '',_binary '\0',3,NULL,'2025-03-31 04:10:48.735325',NULL,3,9,'2025-03-31 04:10:48.735325','XKRtnm',''),(_binary '',_binary '\0',3,NULL,'2025-03-31 04:36:14.425850',NULL,4,12,'2025-03-31 04:36:14.425850','g6yZno','33'),(_binary '',_binary '\0',6,NULL,'2025-03-31 04:48:44.246796',NULL,6,14,'2025-03-31 04:48:44.246796','n9fuyi','yy'),(_binary '',_binary '\0',4,NULL,'2025-03-31 05:06:05.381555',NULL,8,15,'2025-03-31 05:06:05.381555','UQbchB','fff'),(_binary '',_binary '\0',2,NULL,'2025-03-31 05:21:14.363051',NULL,9,16,'2025-03-31 05:21:14.363051','SGx1NO','er'),(_binary '',_binary '\0',2,NULL,'2025-03-31 05:23:24.779464',NULL,10,17,'2025-03-31 05:23:24.779464','BIIMf7','1212'),(_binary '',_binary '\0',2,NULL,'2025-03-31 05:26:33.543692',NULL,11,18,'2025-03-31 05:26:33.543692','taBMPy','we'),(_binary '',_binary '\0',5,NULL,'2025-03-31 05:35:12.325164',NULL,13,19,'2025-03-31 05:35:12.325164','bXAezP','de'),(_binary '',_binary '\0',7,NULL,'2025-03-31 05:56:00.327603',NULL,14,20,'2025-03-31 05:56:00.327603','Vo6Xor','77'),(_binary '',_binary '\0',4,NULL,'2025-03-31 06:03:16.151770',NULL,15,23,'2025-03-31 06:03:16.151770','H6Ofp2',''),(_binary '',_binary '\0',4,NULL,'2025-03-31 07:37:54.018415',NULL,16,1,'2025-03-31 07:37:54.018415','HmLduo','ssss'),(_binary '',_binary '\0',2,5,'2025-03-31 11:16:50.097989',NULL,17,28,'2025-04-02 21:58:53.790048','w8Ixog','lifeRule'),(_binary '',_binary '\0',3,NULL,'2025-04-01 05:30:17.560203',NULL,18,31,'2025-04-01 05:30:17.560203','8kxtFs','gergedge'),(_binary '',_binary '\0',4,NULL,'2025-04-01 05:43:42.747974',NULL,19,32,'2025-04-01 05:43:42.747974','YPJvA3','ddd'),(_binary '',_binary '\0',2,NULL,'2025-04-01 06:32:21.961751',NULL,20,33,'2025-04-01 06:32:21.961751','Gpg5Xq','test'),(_binary '',_binary '\0',3,2,'2025-04-01 11:03:59.689775',NULL,21,36,'2025-04-02 06:04:15.329485','uCFXcu','test'),(_binary '',_binary '\0',3,3,'2025-04-02 06:49:59.285495',NULL,22,37,'2025-04-02 06:52:16.031424','7utDzY','new2'),(_binary '',_binary '\0',3,4,'2025-04-02 08:05:06.179689',NULL,23,154,'2025-04-02 08:08:13.640873','pRdVT4','chaney'),(_binary '',_binary '\0',3,6,'2025-04-03 05:53:31.289269',NULL,24,46,'2025-04-03 05:56:56.926868','YjT6NM','4 3  '),(_binary '',_binary '\0',3,7,'2025-04-03 06:03:33.558030',NULL,25,166,'2025-04-03 06:08:38.528820','ObYog1','4 4  '),(_binary '',_binary '\0',3,8,'2025-04-03 08:42:21.843264',NULL,28,231,'2025-04-03 08:42:22.040783','1yPRYU','testGroup'),(_binary '',_binary '\0',3,9,'2025-04-03 08:43:56.687740',NULL,29,234,'2025-04-03 08:43:56.789620','JATLPF','testGroup'),(_binary '',_binary '\0',3,10,'2025-04-03 08:44:03.891955',NULL,30,237,'2025-04-03 08:44:03.995998','QYgssh','testGroup'),(_binary '',_binary '\0',3,11,'2025-04-03 08:44:24.294842',NULL,31,240,'2025-04-03 08:44:24.394186','VrgNLW','testGroup'),(_binary '',_binary '\0',3,12,'2025-04-03 08:44:27.937740',NULL,32,243,'2025-04-03 08:44:28.029582','8JDLS8','testGroup'),(_binary '',_binary '\0',3,13,'2025-04-03 08:44:32.135888',NULL,33,246,'2025-04-03 08:44:32.230545','NgZXWS','testGroup'),(_binary '',_binary '\0',3,14,'2025-04-03 08:44:39.932857',NULL,34,249,'2025-04-03 08:44:40.028206','VBC7SW','testGroup'),(_binary '',_binary '\0',3,15,'2025-04-03 08:49:30.707987',NULL,35,252,'2025-04-03 08:49:30.811533','WaGFlZ','testGroup'),(_binary '',_binary '\0',3,16,'2025-04-03 08:50:41.349102',NULL,36,41,'2025-04-03 08:51:13.529940','zQtqNV','3'),(_binary '',_binary '\0',2,18,'2025-04-03 12:00:18.925341',NULL,37,42,'2025-04-03 12:00:25.080485','r3pWvu','41-42'),(_binary '',_binary '\0',2,20,'2025-04-03 12:04:08.161190',NULL,38,43,'2025-04-03 12:04:24.055114','DqW81Y','4243'),(_binary '',_binary '\0',1,41,'2025-04-04 07:06:04.405790',NULL,39,71,'2025-04-07 03:12:22.332141','r4Xcs9',''),(_binary '',_binary '\0',3,22,'2025-04-04 07:46:34.422589',NULL,40,255,'2025-04-04 07:46:34.523912','cj1bSA','testGroup'),(_binary '',_binary '\0',3,23,'2025-04-04 08:51:34.715508',NULL,41,258,'2025-04-04 08:51:34.874900','GuQlwR','testGroup'),(_binary '',_binary '\0',1,24,'2025-04-05 04:33:30.189497',NULL,46,44,'2025-04-05 14:02:03.076851','Rcvrxn',''),(_binary '',_binary '\0',2,NULL,'2025-04-05 13:55:11.809224',NULL,47,261,'2025-04-05 13:55:11.809224','k8imyA',''),(_binary '',_binary '\0',2,26,'2025-04-06 06:11:59.421870',NULL,48,56,'2025-04-06 06:47:36.406102','wMQbZp','55 56  '),(_binary '',_binary '\0',2,28,'2025-04-06 07:01:11.025936',NULL,49,58,'2025-04-06 07:03:35.003282','v5eH4D','57 58 '),(_binary '',_binary '\0',2,30,'2025-04-06 07:07:04.134205',NULL,50,60,'2025-04-06 07:08:26.933626','CexITZ','59-60'),(_binary '',_binary '\0',1,32,'2025-04-06 07:16:14.500591',NULL,51,62,'2025-04-06 07:17:08.225232','tIRBsU',''),(_binary '',_binary '\0',3,33,'2025-04-06 14:44:41.934818',NULL,52,262,'2025-04-06 14:47:26.581821','sZf5h9',''),(_binary '',_binary '\0',2,34,'2025-04-07 00:10:10.439350',NULL,53,91,'2025-04-07 00:31:39.229883','1TbTPf',''),(_binary '',_binary '\0',3,36,'2025-04-07 00:52:43.237291',NULL,54,63,'2025-04-07 00:54:50.232000','MCDEVK','   '),(_binary '',_binary '\0',2,37,'2025-04-07 01:04:21.935287',NULL,55,94,'2025-04-07 01:06:43.904271','CFwoPc','302'),(_binary '',_binary '\0',2,38,'2025-04-07 02:02:47.687110',NULL,56,265,'2025-04-07 02:03:57.255101','GfEJVs',''),(_binary '',_binary '\0',1,40,'2025-04-07 02:28:05.909219',NULL,57,267,'2025-04-07 02:28:11.493767','VCoMKW',' Solo'),(_binary '',_binary '\0',2,42,'2025-04-07 03:13:50.115378',NULL,58,73,'2025-04-07 03:14:43.028506','IdId4w','72 - 73'),(_binary '',_binary '\0',2,43,'2025-04-07 04:00:04.123748',NULL,59,95,'2025-04-07 04:00:48.691817','aX06eo',''),(_binary '',_binary '\0',2,44,'2025-04-07 04:14:26.160096',NULL,60,98,'2025-04-07 04:15:59.359171','OgbFWR',''),(_binary '',_binary '\0',2,45,'2025-04-07 04:46:18.057639',NULL,61,99,'2025-04-07 04:47:12.832178','iOl58F','146'),(_binary '',_binary '\0',2,46,'2025-04-07 05:18:09.483888',NULL,62,105,'2025-04-07 05:20:38.950986','HYqBmP',''),(_binary '',_binary '\0',3,47,'2025-04-07 07:10:13.926762',NULL,63,270,'2025-04-07 07:10:14.147802','NC9i18','testGroup'),(_binary '',_binary '\0',3,48,'2025-04-07 07:49:17.729192',NULL,64,77,'2025-04-07 07:52:12.208162','u3t7fW','4 48  8'),(_binary '',_binary '\0',1,49,'2025-04-07 07:52:11.771120',NULL,65,273,'2025-04-07 07:52:23.686087','rrUHFA',''),(_binary '',_binary '\0',3,50,'2025-04-07 08:12:58.488744',NULL,66,83,'2025-04-07 08:14:00.282719','ehVsep','8'),(_binary '',_binary '\0',2,51,'2025-04-07 08:34:32.564176',NULL,67,67,'2025-04-07 08:35:25.927033','Y8M6ld','8'),(_binary '',_binary '\0',3,52,'2025-04-07 09:27:11.257414',NULL,68,274,'2025-04-07 09:27:11.442146','OsSU0G','testGroup'),(_binary '',_binary '\0',3,53,'2025-04-07 11:08:26.253873',NULL,69,277,'2025-04-07 11:08:26.485265','UI4YqF','testGroup'),(_binary '',_binary '\0',3,54,'2025-04-07 11:12:37.419862',NULL,70,280,'2025-04-07 11:12:37.576982','5YYiNR','testGroup'),(_binary '',_binary '\0',2,55,'2025-04-07 11:22:10.036669',NULL,71,108,'2025-04-07 11:23:38.843792','2bsKm0',' '),(_binary '',_binary '\0',2,56,'2025-04-07 14:23:43.014118',NULL,72,283,'2025-04-07 14:24:39.566674','g5GPFj','aaabbb'),(_binary '',_binary '\0',2,57,'2025-04-07 16:20:48.410570',NULL,73,285,'2025-04-07 16:21:56.369211','l9EHDv',''),(_binary '',_binary '\0',2,58,'2025-04-08 01:15:31.863148',NULL,74,109,'2025-04-08 01:16:15.294742','E0tXrT','8'),(_binary '',_binary '\0',2,59,'2025-04-08 01:33:28.578127',NULL,75,112,'2025-04-08 01:33:58.983266','1YnMLE','9 '),(_binary '',_binary '\0',2,60,'2025-04-08 05:54:37.567966',NULL,76,287,'2025-04-08 05:55:26.539711','1EdcV3','newnew'),(_binary '',_binary '\0',1,61,'2025-04-08 06:25:34.303654',NULL,77,290,'2025-04-08 06:25:38.715698','KD81ci',''),(_binary '',_binary '\0',1,62,'2025-04-08 06:31:23.757147',NULL,78,291,'2025-04-08 06:31:26.167656','qbesXK',''),(_binary '',_binary '\0',1,63,'2025-04-08 06:33:03.986918',NULL,79,292,'2025-04-08 06:33:07.161325','yZ6CWR','df'),(_binary '',_binary '\0',2,64,'2025-04-08 07:01:00.548355',NULL,80,293,'2025-04-08 07:03:39.418335','sdKccH',' '),(_binary '',_binary '\0',2,NULL,'2025-04-08 07:26:06.447493',NULL,81,295,'2025-04-08 07:26:06.447493','obmfZ8',''),(_binary '',_binary '\0',1,NULL,'2025-04-08 08:50:00.449539',NULL,82,294,'2025-04-08 08:50:00.449539','CtAR9i','qoq'),(_binary '',_binary '\0',1,65,'2025-04-08 10:07:52.428329',NULL,83,296,'2025-04-08 10:07:58.573746','CfAIwN',''),(_binary '',_binary '\0',3,66,'2025-04-08 22:11:25.510688',NULL,84,297,'2025-04-08 22:25:58.725269','mjCUlC',''),(_binary '',_binary '\0',2,67,'2025-04-09 02:46:23.731221',NULL,85,300,'2025-04-09 02:47:13.539330','5F1v4l',''),(_binary '',_binary '\0',10,NULL,'2025-04-09 04:39:39.092153',NULL,86,113,'2025-04-09 04:39:39.092153','EKfrBq','10'),(_binary '',_binary '\0',2,68,'2025-04-09 04:57:04.237927',NULL,87,303,'2025-04-09 04:57:43.517196','QWwCqr',''),(_binary '',_binary '\0',3,69,'2025-04-09 05:27:21.622050',NULL,88,305,'2025-04-09 05:33:23.082912','LpmeNj',''),(_binary '',_binary '\0',1,NULL,'2025-04-09 06:09:17.065756',NULL,89,307,'2025-04-09 06:09:17.065756','1cx7Ri','ABCD'),(_binary '',_binary '\0',2,70,'2025-04-09 10:43:04.443336',NULL,90,114,'2025-04-09 10:49:27.036527','8cnHPb','110,111'),(_binary '',_binary '\0',1,71,'2025-04-09 10:59:46.200835',NULL,91,308,'2025-04-09 11:10:03.732331','1UtNRN','  '),(_binary '',_binary '\0',2,72,'2025-04-09 11:47:53.061237',NULL,92,116,'2025-04-09 11:50:07.014115','gwRXqp','112,113'),(_binary '',_binary '\0',10,NULL,'2025-04-10 01:00:58.096605',NULL,93,310,'2025-04-10 01:00:58.096605','XPnLJb','222'),(_binary '',_binary '\0',2,73,'2025-04-10 06:07:08.941614',NULL,94,119,'2025-04-10 06:13:08.224401','swJ1EY',''),(_binary '',_binary '\0',3,74,'2025-04-10 06:38:14.473165',NULL,95,120,'2025-04-10 06:41:16.008116','07UKhj','16,18'),(_binary '',_binary '\0',2,75,'2025-04-10 08:10:26.918015',NULL,96,123,'2025-04-10 08:15:49.177394','tNZOU4',''),(_binary '',_binary '\0',2,76,'2025-04-10 08:31:31.067107',NULL,97,125,'2025-04-10 08:32:14.064268','5mvtYG',''),(_binary '',_binary '\0',3,78,'2025-04-10 08:41:48.130480',NULL,98,314,'2025-04-10 09:11:13.891247','xxgb3b',' '),(_binary '',_binary '\0',2,77,'2025-04-10 08:44:39.281973',NULL,100,127,'2025-04-10 08:45:30.343250','1uF2US',''),(_binary '',_binary '\0',2,79,'2025-04-10 09:45:24.440520',NULL,101,317,'2025-04-10 09:46:43.954388','TNfzDw','   '),(_binary '',_binary '\0',2,80,'2025-04-10 11:16:47.476939',NULL,102,144,'2025-04-10 11:18:57.898662','Of2xgN',''),(_binary '',_binary '\0',2,81,'2025-04-10 12:29:33.690343',NULL,103,194,'2025-04-10 12:30:59.762643','QTbazH',''),(_binary '',_binary '\0',1,82,'2025-04-10 13:18:52.843872',NULL,104,320,'2025-04-10 13:22:09.094870','6IiflS',''),(_binary '',_binary '\0',1,83,'2025-04-10 13:24:47.133096',NULL,107,321,'2025-04-10 13:24:51.289122','8OHC0c','ffdfds'),(_binary '',_binary '\0',1,84,'2025-04-10 13:39:36.038889',NULL,108,322,'2025-04-10 13:39:43.637032','8jMM1l','gfgf'),(_binary '',_binary '\0',1,85,'2025-04-10 13:58:09.197000',NULL,109,323,'2025-04-10 13:58:17.862116','CG5hvL',''),(_binary '',_binary '\0',2,86,'2025-04-10 14:03:12.674857',NULL,110,324,'2025-04-10 14:06:03.272493','sSEhSp','c1c2'),(_binary '',_binary '\0',1,87,'2025-04-10 14:34:45.332345',NULL,111,326,'2025-04-10 14:34:50.762255','soO3Pn',''),(_binary '',_binary '\0',1,88,'2025-04-10 14:40:22.929435',NULL,112,327,'2025-04-10 14:40:25.885159','H2xpZh',''),(_binary '',_binary '\0',1,89,'2025-04-10 14:44:37.433244',NULL,113,328,'2025-04-10 14:44:40.411896','hRG7Vv','c5'),(_binary '',_binary '\0',1,90,'2025-04-10 14:52:33.679161',NULL,114,329,'2025-04-10 14:52:38.730248','HEa2Pz',' ');
/*!40000 ALTER TABLE `groups` ENABLE KEYS */;
UNLOCK TABLES;

--
-- Table structure for table `life_rule_change_items`
--

DROP TABLE IF EXISTS `life_rule_change_items`;
/*!40101 SET @saved_cs_client     = @@character_set_client */;
/*!50503 SET character_set_client = utf8mb4 */;
CREATE TABLE `life_rule_change_items` (
  `is_deleted` bit(1) DEFAULT NULL,
  `change_request_id` bigint NOT NULL,
  `created_at` datetime(6) NOT NULL,
  `deleted_at` datetime(6) DEFAULT NULL,
  `id` bigint NOT NULL AUTO_INCREMENT,
  `rule_item_id` bigint DEFAULT NULL,
  `updated_at` datetime(6) NOT NULL,
  `category` varchar(255) DEFAULT NULL,
  `new_value` varchar(255) DEFAULT NULL,
  `action_type` enum('CREATE','DELETE','UPDATE') NOT NULL,
  PRIMARY KEY (`id`),
  KEY `change_request_id` (`change_request_id`),
  CONSTRAINT `life_rule_change_items_ibfk_1` FOREIGN KEY (`change_request_id`) REFERENCES `life_rule_change_requests` (`id`)
) ENGINE=InnoDB AUTO_INCREMENT=205 DEFAULT CHARSET=utf8mb4 COLLATE=utf8mb4_0900_ai_ci;
/*!40101 SET character_set_client = @saved_cs_client */;

--
-- Dumping data for table `life_rule_change_items`
--

LOCK TABLES `life_rule_change_items` WRITE;
/*!40000 ALTER TABLE `life_rule_change_items` DISABLE KEYS */;
INSERT INTO `life_rule_change_items` VALUES (_binary '',2,'2025-03-31 11:36:12.507649',NULL,1,NULL,'2025-03-31 11:41:38.980800','clean','dddddddddd','CREATE'),(_binary '',2,'2025-03-31 11:43:16.974385',NULL,2,NULL,'2025-03-31 11:45:10.324889','clean','ertfwefwe','CREATE'),(_binary '',2,'2025-03-31 11:43:16.977376',NULL,3,NULL,'2025-03-31 11:45:10.325030','clean','werfwefwe','CREATE'),(_binary '',2,'2025-03-31 11:43:16.979925',NULL,4,NULL,'2025-03-31 11:45:10.325123','clean','wefwefwef','CREATE'),(_binary '',2,'2025-03-31 11:48:16.092985',NULL,5,NULL,'2025-03-31 11:55:15.697844','clean','fsdfdsdfsdf','CREATE'),(_binary '',2,'2025-03-31 11:48:16.096029',NULL,6,NULL,'2025-03-31 11:55:15.698581','clean','sdfdsfsdf','CREATE'),(_binary '',2,'2025-04-01 07:46:32.675973',NULL,7,7,'2025-04-01 07:49:28.046720','clean','','CREATE'),(_binary '',2,'2025-04-01 07:46:32.701379',NULL,8,8,'2025-04-01 07:49:28.046901','clean','','CREATE'),(_binary '',2,'2025-04-01 07:46:32.704496',NULL,9,9,'2025-04-01 07:49:28.046981','clean','','CREATE'),(_binary '',2,'2025-04-01 07:50:11.614250',NULL,10,1,'2025-04-01 08:12:21.255039','clean','dddddddddd','DELETE'),(_binary '',2,'2025-04-01 07:50:11.617590',NULL,11,2,'2025-04-01 08:12:21.263627','clean','ertfwefwe','DELETE'),(_binary '',2,'2025-04-01 07:50:11.619602',NULL,12,3,'2025-04-01 08:12:21.263775','clean','werfwefwe','DELETE'),(_binary '',2,'2025-04-01 08:15:31.696072',NULL,13,4,'2025-04-02 00:50:03.486180','clean','wefwefwef','DELETE'),(_binary '',2,'2025-04-01 08:15:31.718639',NULL,14,5,'2025-04-02 00:50:03.489268','clean','fsdfdsdfsdf','DELETE'),(_binary '',2,'2025-04-01 08:15:31.722756',NULL,15,6,'2025-04-02 00:50:03.489404','clean','sdfdsfsdf','DELETE'),(_binary '',2,'2025-04-01 08:15:31.727551',NULL,16,10,'2025-04-02 00:50:03.489488','clean','','CREATE'),(_binary '',2,'2025-04-01 08:22:59.325960',NULL,17,10,'2025-04-02 00:50:03.489558','clean','','CREATE'),(_binary '',2,'2025-04-01 08:23:18.404146',NULL,18,10,'2025-04-02 00:50:03.489626','clean','','CREATE'),(_binary '',2,'2025-04-01 08:28:51.074868',NULL,19,4,'2025-04-02 00:50:03.489692','clean','wefwefwef','UPDATE'),(_binary '',2,'2025-04-02 01:36:20.895754',NULL,20,4,'2025-04-02 02:03:16.059693','clean','wefwefwef','DELETE'),(_binary '',2,'2025-04-02 01:36:20.901234',NULL,21,5,'2025-04-02 02:03:16.059619','clean','fsdfdsdfsdf','DELETE'),(_binary '',2,'2025-04-02 01:36:20.903637',NULL,22,6,'2025-04-02 02:03:16.059503','clean','sdfdsfsdf','DELETE'),(_binary '',2,'2025-04-02 01:36:20.907349',NULL,23,7,'2025-04-02 02:03:16.059427','clean','','UPDATE'),(_binary '',2,'2025-04-02 01:36:20.911851',NULL,24,8,'2025-04-02 02:03:16.059339','clean','','DELETE'),(_binary '',2,'2025-04-02 01:36:20.914072',NULL,25,10,'2025-04-02 02:03:16.059089','clean','','CREATE'),(_binary '',2,'2025-04-02 05:43:37.352678',NULL,38,9,'2025-04-02 05:44:23.540418','new new','new new','UPDATE'),(_binary '',2,'2025-04-02 06:05:56.249356',NULL,39,7,'2025-04-02 06:08:34.421183','string','string','DELETE'),(_binary '',2,'2025-04-02 06:05:56.255334',NULL,40,9,'2025-04-02 06:08:34.421094','update','updtae','UPDATE'),(_binary '',2,'2025-04-02 06:05:56.257949',NULL,41,NULL,'2025-04-02 06:08:34.420805','new','new','CREATE'),(_binary '',2,'2025-04-02 06:19:17.431273',NULL,42,9,'2025-04-02 06:20:31.723827','update','','UPDATE'),(_binary '',2,'2025-04-02 06:19:17.477218',NULL,43,10,'2025-04-02 06:20:31.723752','clean','','DELETE'),(_binary '',2,'2025-04-02 06:19:17.480493',NULL,44,12,'2025-04-02 06:20:31.723530','clean',' ','CREATE'),(_binary '',2,'2025-04-02 06:35:10.846621',NULL,45,13,'2025-04-02 06:45:23.750817','clean',' 10 ','CREATE'),(_binary '',2,'2025-04-02 06:50:06.140126',NULL,46,11,'2025-04-02 06:55:02.607844','new','new','DELETE'),(_binary '',2,'2025-04-02 06:55:29.519164',NULL,47,14,'2025-04-02 06:59:12.987120','clean',' ','CREATE'),(_binary '',2,'2025-04-02 07:16:37.975169',NULL,48,15,'2025-04-02 07:17:31.300657','clean',' ','CREATE'),(_binary '',2,'2025-04-02 07:18:55.389605',NULL,49,16,'2025-04-02 07:19:56.175428','clean','  222','CREATE'),(_binary '',2,'2025-04-02 07:27:47.894588',NULL,50,9,'2025-04-02 07:31:23.486109','update','','DELETE'),(_binary '',2,'2025-04-02 07:27:47.897106',NULL,51,12,'2025-04-02 07:31:23.486375','clean',' ','UPDATE'),(_binary '',2,'2025-04-02 07:27:47.899665',NULL,52,17,'2025-04-02 07:31:23.486442','clean',' ','CREATE'),(_binary '',2,'2025-04-02 07:35:25.409529',NULL,53,14,'2025-04-02 07:36:52.126984','clean',' ','DELETE'),(_binary '',2,'2025-04-02 07:35:25.413049',NULL,54,16,'2025-04-02 07:36:52.127169','clean','  222','DELETE'),(_binary '',2,'2025-04-02 07:35:25.416222',NULL,55,17,'2025-04-02 07:36:52.127217','clean',' 222','UPDATE'),(_binary '',2,'2025-04-02 07:35:25.418354',NULL,56,18,'2025-04-02 07:36:52.127613','clean','/ ','CREATE'),(_binary '',2,'2025-04-02 07:57:31.251074',NULL,57,19,'2025-04-02 07:58:41.705066','clean',' ','CREATE'),(_binary '',2,'2025-04-02 07:59:16.457728',NULL,58,12,'2025-04-02 08:00:15.759781','clean',' ','DELETE'),(_binary '',2,'2025-04-02 07:59:16.460681',NULL,59,17,'2025-04-02 08:00:15.759915','clean',' ','UPDATE'),(_binary '',2,'2025-04-02 07:59:16.463348',NULL,60,20,'2025-04-02 08:00:15.759993','clean','','CREATE'),(_binary '',2,'2025-04-02 09:36:40.271009',NULL,61,13,'2025-04-02 09:37:12.263467','clean',' 10 ','DELETE'),(_binary '',2,'2025-04-02 09:36:40.277053',NULL,62,15,'2025-04-02 09:37:12.263796','clean',' ','UPDATE'),(_binary '',2,'2025-04-02 09:36:40.280012',NULL,63,21,'2025-04-02 09:37:12.264885','clean','','CREATE'),(_binary '\0',3,'2025-04-06 09:10:28.361704',NULL,64,29,'2025-04-06 09:10:28.361704','clean','','CREATE'),(_binary '',4,'2025-04-06 09:25:06.149946',NULL,65,1,'2025-04-06 09:26:12.682645','clean','','CREATE'),(_binary '\0',5,'2025-04-06 14:51:05.181816',NULL,66,1,'2025-04-06 14:51:05.181816','clean','  ','UPDATE'),(_binary '',6,'2025-04-07 07:28:34.870015',NULL,67,1,'2025-04-08 01:07:19.649409',' ','','CREATE'),(_binary '',6,'2025-04-08 01:29:51.001874',NULL,68,1,'2025-04-08 01:32:35.491818','  (Others)','','CREATE'),(_binary '',6,'2025-04-08 01:29:51.039158',NULL,69,2,'2025-04-08 01:32:35.492076',' ','','CREATE'),(_binary '',6,'2025-04-08 01:29:51.042753',NULL,70,3,'2025-04-08 01:32:35.492154',' ','','CREATE'),(_binary '',6,'2025-04-08 01:33:18.868420',NULL,71,30,'2025-04-08 01:33:56.264866',' ','','DELETE'),(_binary '',6,'2025-04-08 01:33:18.872941',NULL,72,31,'2025-04-08 01:33:56.265091',' ','','DELETE'),(_binary '',6,'2025-04-08 01:33:18.875384',NULL,73,32,'2025-04-08 01:33:56.265151',' ','','DELETE'),(_binary '',6,'2025-04-08 01:33:18.878245',NULL,74,33,'2025-04-08 01:33:56.265208',' ','','CREATE'),(_binary '',6,'2025-04-08 01:47:46.018048',NULL,75,30,'2025-04-08 01:49:37.725699',' ','ASDF','UPDATE'),(_binary '',6,'2025-04-08 01:47:46.021633',NULL,76,31,'2025-04-08 01:49:37.725877',' ','ASDF','UPDATE'),(_binary '',6,'2025-04-08 01:47:46.023778',NULL,77,32,'2025-04-08 01:49:37.725930',' ','ASDF','UPDATE'),(_binary '',6,'2025-04-08 01:52:37.891483',NULL,78,30,'2025-04-08 02:08:58.212885',' ','ASDFasdf','UPDATE'),(_binary '',6,'2025-04-08 02:17:50.896942',NULL,79,32,'2025-04-08 02:18:38.739344',' ','ASDF','UPDATE'),(_binary '',6,'2025-04-08 02:21:58.354719',NULL,80,33,'2025-04-08 02:24:05.689871',' ','rlagusfo','CREATE'),(_binary '',6,'2025-04-08 02:29:13.495610',NULL,81,34,'2025-04-08 02:29:39.721606',' ','','CREATE'),(_binary '',6,'2025-04-08 02:30:09.485708',NULL,82,30,'2025-04-08 02:30:50.912902',' ','ASDF','UPDATE'),(_binary '',6,'2025-04-08 02:33:02.139567',NULL,83,33,'2025-04-08 02:33:37.389657',' ','rlagusfo','UPDATE'),(_binary '',6,'2025-04-08 02:54:25.002075',NULL,84,32,'2025-04-08 02:55:07.840705',' ','ASDF','UPDATE'),(_binary '',6,'2025-04-08 02:55:28.216879',NULL,85,34,'2025-04-08 04:04:55.914986',' ','dd','CREATE'),(_binary '',6,'2025-04-08 04:06:44.901536',NULL,86,30,'2025-04-08 04:07:19.077104',' ','ASDF','UPDATE'),(_binary '',6,'2025-04-08 04:07:51.243189',NULL,87,31,'2025-04-08 06:36:37.518930',' ','ASDF','DELETE'),(_binary '',6,'2025-04-08 06:37:10.753673',NULL,88,34,'2025-04-08 06:37:33.796819',' ','dd','DELETE'),(_binary '',6,'2025-04-08 06:37:10.756611',NULL,89,35,'2025-04-08 06:37:33.797080',' ','','CREATE'),(_binary '',6,'2025-04-08 06:38:34.272760',NULL,90,34,'2025-04-08 06:40:51.334769',' ',' dd  4 ','UPDATE'),(_binary '',6,'2025-04-08 06:42:14.413069',NULL,91,34,'2025-04-08 06:42:52.553394','  (Others)',' dd  4 ','UPDATE'),(_binary '',6,'2025-04-08 07:11:38.558987',NULL,92,33,'2025-04-08 07:15:27.950777',' ','rlagusfo','UPDATE'),(_binary '',6,'2025-04-08 07:11:38.566328',NULL,93,34,'2025-04-08 07:15:27.950976','  (Miscellaneous)',' dd  4 ','DELETE'),(_binary '',6,'2025-04-08 07:11:38.569079',NULL,94,35,'2025-04-08 07:15:27.951044',' ','ASDFASDF','CREATE'),(_binary '',6,'2025-04-08 07:17:04.305172',NULL,95,36,'2025-04-08 07:17:47.923095',' ','','CREATE'),(_binary '',7,'2025-04-09 02:51:23.096341',NULL,96,1,'2025-04-09 02:51:50.165024','  (Food intake)','','CREATE'),(_binary '',6,'2025-04-09 03:32:18.035107',NULL,97,30,'2025-04-09 03:41:32.419143',' ','ASDF','UPDATE'),(_binary '\0',6,'2025-04-09 03:41:48.901390',NULL,98,36,'2025-04-09 03:41:48.901390','Life Rules','   ','CREATE'),(_binary '\0',2,'2025-04-09 03:46:55.492518',NULL,99,22,'2025-04-09 03:46:55.492518','  (Miscellaneous Matters)','','CREATE'),(_binary '\0',2,'2025-04-09 03:46:55.495372',NULL,100,23,'2025-04-09 03:46:55.495372','Room temperature','','CREATE'),(_binary '\0',2,'2025-04-09 03:46:55.497989',NULL,101,24,'2025-04-09 03:46:55.497989','Cleaning','','CREATE'),(_binary '\0',2,'2025-04-09 03:46:55.500117',NULL,102,25,'2025-04-09 03:46:55.500117','Household Items','','CREATE'),(_binary '\0',2,'2025-04-09 03:46:55.502716',NULL,103,26,'2025-04-09 03:46:55.502716','  (Visitors and access)','','CREATE'),(_binary '\0',2,'2025-04-09 03:46:55.505208',NULL,104,27,'2025-04-09 03:46:55.505208','Food intake','','CREATE'),(_binary '\0',2,'2025-04-09 03:46:55.507112',NULL,105,28,'2025-04-09 03:46:55.507112','Noise management','','CREATE'),(_binary '\0',2,'2025-04-09 03:46:55.508976',NULL,106,29,'2025-04-09 03:46:55.508976','Pet care','','CREATE'),(_binary '\0',2,'2025-04-09 03:46:55.510899',NULL,107,30,'2025-04-09 03:46:55.510899','Pets management','','CREATE'),(_binary '\0',2,'2025-04-09 03:46:55.512968',NULL,108,31,'2025-04-09 03:46:55.512968','\"Lifestyle Rules\"','','CREATE'),(_binary '\0',2,'2025-04-09 03:46:55.515065',NULL,109,32,'2025-04-09 03:46:55.515065','Living rules',' ','CREATE'),(_binary '',7,'2025-04-09 03:58:41.062141',NULL,110,37,'2025-04-09 04:06:52.404227',' ','dstestw','CREATE'),(_binary '',7,'2025-04-09 04:07:29.076212',NULL,111,38,'2025-04-09 04:22:32.043652','Visitor Restriction ( )','','CREATE'),(_binary '',7,'2025-04-09 04:23:23.746752',NULL,112,39,'2025-04-09 04:24:35.731079','VISITOR','  ','UPDATE'),(_binary '',7,'2025-04-09 04:25:15.438800',NULL,113,39,'2025-04-09 07:47:39.692690','FOOD','','UPDATE'),(_binary '',7,'2025-04-09 04:25:15.441546',NULL,114,40,'2025-04-09 07:47:39.692736','VISITOR',' ','CREATE'),(_binary '',7,'2025-04-09 04:25:15.444615',NULL,115,41,'2025-04-09 07:47:39.692772','SLEEP_HABIT',' ','CREATE'),(_binary '',8,'2025-04-09 05:02:41.979777',NULL,116,1,'2025-04-09 05:08:36.538009','CLEANING','','CREATE'),(_binary '',8,'2025-04-09 05:02:41.982269',NULL,117,2,'2025-04-09 05:08:36.538227','VISITOR',' ','CREATE'),(_binary '',8,'2025-04-09 05:09:19.303573',NULL,118,40,'2025-04-09 05:09:39.768119','VISITOR',' ','UPDATE'),(_binary '',8,'2025-04-09 05:20:31.062328',NULL,119,39,'2025-04-09 05:21:47.148422','OTHER','string','DELETE'),(_binary '',8,'2025-04-09 05:38:39.710096',NULL,120,40,'2025-04-09 05:46:07.700996','VISITOR',' ','UPDATE'),(_binary '',8,'2025-04-09 05:38:39.717264',NULL,121,41,'2025-04-09 05:46:07.701079','FOOD','','CREATE'),(_binary '',8,'2025-04-09 05:48:55.561465',NULL,122,42,'2025-04-09 05:50:02.521075','CLEANING','','CREATE'),(_binary '',8,'2025-04-09 06:26:43.061483',NULL,123,40,'2025-04-09 06:35:00.526499','VISITOR',' ','DELETE'),(_binary '',8,'2025-04-09 06:26:43.063946',NULL,124,42,'2025-04-09 06:35:00.526570','CLEANING','','UPDATE'),(_binary '',8,'2025-04-09 06:26:43.066864',NULL,125,99999,'2025-04-09 06:35:00.526611','LIFE_RULE','','CREATE'),(_binary '',8,'2025-04-09 06:35:59.526255',NULL,126,41,'2025-04-09 06:38:28.279273','FOOD','','UPDATE'),(_binary '',8,'2025-04-09 06:35:59.529353',NULL,127,99999,'2025-04-09 06:38:28.279348','OTHER','rlagusfof','CREATE'),(_binary '',8,'2025-04-09 06:35:59.530875',NULL,128,99999,'2025-04-09 06:38:28.279391','OTHER','','CREATE'),(_binary '',8,'2025-04-09 06:41:36.425944',NULL,129,40,'2025-04-09 06:55:24.859700','VISITOR',' ','UPDATE'),(_binary '',8,'2025-04-09 06:41:36.429208',NULL,130,41,'2025-04-09 06:55:24.859753','FOOD','t','UPDATE'),(_binary '',8,'2025-04-09 06:41:36.430649',NULL,131,99999,'2025-04-09 06:55:24.859810','OTHER','','CREATE'),(_binary '',8,'2025-04-09 06:41:36.433209',NULL,132,99999,'2025-04-09 06:55:24.859859','OTHER','','CREATE'),(_binary '',8,'2025-04-09 06:41:36.435094',NULL,133,99999,'2025-04-09 06:55:24.860282','OTHER','','CREATE'),(_binary '',8,'2025-04-09 07:09:37.369845',NULL,134,42,'2025-04-09 07:10:08.089471','VISITOR','  ','UPDATE'),(_binary '',8,'2025-04-09 07:09:37.372931',NULL,135,43,'2025-04-09 07:10:08.089518','OTHER','','DELETE'),(_binary '',8,'2025-04-09 07:09:37.375044',NULL,136,44,'2025-04-09 07:10:08.089554','OTHER','','DELETE'),(_binary '',8,'2025-04-09 07:09:37.376839',NULL,137,45,'2025-04-09 07:10:08.089588','OTHER','','DELETE'),(_binary '',8,'2025-04-09 07:09:37.379060',NULL,138,1744182550507,'2025-04-09 07:10:08.089624','FOOD',' ','CREATE'),(_binary '',8,'2025-04-09 07:09:37.380929',NULL,139,1744182559597,'2025-04-09 07:10:08.089662','FOOD',' ','CREATE'),(_binary '',8,'2025-04-09 07:48:08.497190',NULL,140,46,'2025-04-09 07:48:45.048399','FOOD',' ','DELETE'),(_binary '',8,'2025-04-09 07:48:08.499128',NULL,141,47,'2025-04-09 07:48:45.048449','FOOD',' ','DELETE'),(_binary '',7,'2025-04-09 07:51:12.015648',NULL,142,38,'2025-04-09 07:54:12.019936','VISITOR','','UPDATE'),(_binary '',7,'2025-04-09 07:51:12.017676',NULL,143,1744185065945,'2025-04-09 07:54:12.019981','OTHER','asdfasdf','CREATE'),(_binary '',7,'2025-04-09 07:54:50.550424',NULL,144,36,'2025-04-09 08:35:05.934403','FOOD','','DELETE'),(_binary '',7,'2025-04-09 07:54:50.553104',NULL,145,37,'2025-04-09 08:35:05.934450','OTHER','dstestw','DELETE'),(_binary '',7,'2025-04-09 07:54:50.555231',NULL,146,48,'2025-04-09 08:35:05.934495','OTHER','asdfasdf','DELETE'),(_binary '',7,'2025-04-09 07:54:50.556896',NULL,147,1744185257703,'2025-04-09 08:35:05.934526','FOOD','','CREATE'),(_binary '',7,'2025-04-09 07:54:50.559053',NULL,148,1744185262121,'2025-04-09 08:35:05.934563','FOOD','  ','CREATE'),(_binary '',7,'2025-04-09 07:54:50.561169',NULL,149,1744185266244,'2025-04-09 08:35:05.934598','HOUSEHOLD_ITEM','','CREATE'),(_binary '',7,'2025-04-09 07:54:50.562923',NULL,150,1744185275223,'2025-04-09 08:35:05.934629','LIFE_RULE',' ','CREATE'),(_binary '',7,'2025-04-09 07:54:50.564334',NULL,151,1744185281748,'2025-04-09 08:35:05.934665','ROOM_TEMPERATURE','','CREATE'),(_binary '',9,'2025-04-09 11:30:14.980677',NULL,152,1744198200463,'2025-04-09 11:32:00.282688','OTHER','?','CREATE'),(_binary '',9,'2025-04-09 11:30:14.987998',NULL,153,1744198208745,'2025-04-09 11:32:00.282764','OTHER','??','CREATE'),(_binary '',9,'2025-04-09 11:32:37.472871',NULL,154,55,'2025-04-09 11:33:02.491773','OTHER','??','UPDATE'),(_binary '',9,'2025-04-09 11:32:37.476357',NULL,155,1744198341526,'2025-04-09 11:33:02.491857','OTHER','','CREATE'),(_binary '',9,'2025-04-09 11:34:50.701006',NULL,156,56,'2025-04-09 11:35:09.036381','OTHER','','DELETE'),(_binary '',10,'2025-04-09 12:27:47.705432',NULL,157,1744201652358,'2025-04-09 12:27:54.277882','SLEEP_HABIT','11  !','CREATE'),(_binary '',10,'2025-04-10 00:41:34.092269',NULL,158,1744245679373,'2025-04-10 00:42:22.941145','LIFE_RULE','','CREATE'),(_binary '',10,'2025-04-10 00:59:48.505163',NULL,159,1744246769504,'2025-04-10 07:20:47.083100','OTHER',' ','CREATE'),(_binary '',11,'2025-04-10 07:01:55.752675',NULL,160,1744268458929,'2025-04-10 07:02:20.446787','SLEEP_HABIT','1 ','CREATE'),(_binary '',11,'2025-04-10 07:01:55.757862',NULL,161,1744268467881,'2025-04-10 07:02:20.446835','VISITOR','   ','CREATE'),(_binary '',11,'2025-04-10 07:01:55.761045',NULL,162,1744268480701,'2025-04-10 07:02:20.446892','CLEANING','  !','CREATE'),(_binary '',11,'2025-04-10 07:01:55.764041',NULL,163,1744268486868,'2025-04-10 07:02:20.446930','CLEANING','  ','CREATE'),(_binary '',11,'2025-04-10 07:01:55.765756',NULL,164,1744268494418,'2025-04-10 07:02:20.446965','FOOD','   ','CREATE'),(_binary '',12,'2025-04-10 10:34:28.404155',NULL,165,1744281245164,'2025-04-10 10:40:24.540141','PET_CARE','  ','CREATE'),(_binary '',12,'2025-04-10 10:34:28.407481',NULL,166,1744281255911,'2025-04-10 10:40:24.540165','LIFE_RULE',' ','CREATE'),(_binary '',12,'2025-04-10 10:34:28.408871',NULL,167,1744281260869,'2025-04-10 10:40:24.540181','FOOD','','CREATE'),(_binary '',12,'2025-04-10 10:48:00.052142',NULL,168,1744281705328,'2025-04-10 10:52:33.646589','OTHER','','UPDATE'),(_binary '',12,'2025-04-10 10:48:00.054122',NULL,169,1744281713218,'2025-04-10 10:52:33.646658','OTHER',' ','DELETE'),(_binary '',12,'2025-04-10 10:48:00.056157',NULL,170,1744282012734,'2025-04-10 10:52:33.646680','OTHER','  ?','UPDATE'),(_binary '',12,'2025-04-10 10:48:00.057439',NULL,171,1744282064123,'2025-04-10 10:52:33.646698','LIFE_RULE',' ','DELETE'),(_binary '',12,'2025-04-10 10:52:56.827486',NULL,172,1744282359987,'2025-04-10 10:53:22.407693','LIFE_RULE','','CREATE'),(_binary '',12,'2025-04-10 10:52:56.829498',NULL,173,1744282366047,'2025-04-10 10:53:22.407723','LIFE_RULE','','CREATE'),(_binary '',12,'2025-04-10 10:52:56.833465',NULL,174,1744282370284,'2025-04-10 10:53:22.407743','FOOD','','CREATE'),(_binary '',12,'2025-04-10 11:05:22.658791',NULL,175,1744283115085,'2025-04-10 11:06:02.201595','OTHER','dsfdsfs','CREATE'),(_binary '',12,'2025-04-10 11:05:22.661150',NULL,176,1744283118895,'2025-04-10 11:06:02.201627','OTHER','sdfsdf','CREATE'),(_binary '',12,'2025-04-10 11:07:07.242388',NULL,177,65,'2025-04-10 11:07:31.601249','OTHER','sdfsdfsdfdsfsdf','UPDATE'),(_binary '',12,'2025-04-10 11:07:07.245179',NULL,178,1744283169535,'2025-04-10 11:07:31.601275','OTHER','','CREATE'),(_binary '',12,'2025-04-10 11:07:07.246885',NULL,179,1744283223789,'2025-04-10 11:07:31.601292','OTHER','','CREATE'),(_binary '',12,'2025-04-10 11:07:43.622371',NULL,180,68,'2025-04-10 11:08:04.457583','OTHER','dsfdsfs','DELETE'),(_binary '',12,'2025-04-10 11:07:43.625317',NULL,181,69,'2025-04-10 11:08:04.457608','OTHER','sdfsdf','DELETE'),(_binary '',12,'2025-04-10 11:07:43.627926',NULL,182,70,'2025-04-10 11:08:04.457624','OTHER','','DELETE'),(_binary '',12,'2025-04-10 11:07:43.629763',NULL,183,71,'2025-04-10 11:08:04.457640','OTHER','','DELETE'),(_binary '',12,'2025-04-10 11:08:14.951590',NULL,184,65,'2025-04-10 11:08:47.039542','OTHER','sdfsdfsdfdsfsdf','DELETE'),(_binary '',12,'2025-04-10 11:08:14.953632',NULL,185,66,'2025-04-10 11:08:47.039566','LIFE_RULE','','DELETE'),(_binary '',12,'2025-04-10 11:08:14.955224',NULL,186,69,'2025-04-10 11:08:47.039604','OTHER','sdfsdf','DELETE'),(_binary '',12,'2025-04-10 11:08:14.958625',NULL,187,70,'2025-04-10 11:08:47.039620','OTHER','','DELETE'),(_binary '',12,'2025-04-10 11:08:14.960862',NULL,188,71,'2025-04-10 11:08:47.039634','OTHER','','DELETE'),(_binary '',14,'2025-04-10 11:37:46.858727',NULL,189,1744284973032,'2025-04-10 11:37:55.668720','SLEEP_HABIT','1 ','CREATE'),(_binary '',14,'2025-04-10 11:37:46.861579',NULL,190,1744284988496,'2025-04-10 11:37:55.668746','LIFE_RULE','  !','CREATE'),(_binary '',14,'2025-04-10 11:37:46.863887',NULL,191,1744285008636,'2025-04-10 11:37:55.668761','FOOD','   ','CREATE'),(_binary '',14,'2025-04-10 11:37:46.866369',NULL,192,1744285024036,'2025-04-10 11:37:55.668774','CLEANING',' !','CREATE'),(_binary '',14,'2025-04-10 11:37:46.872536',NULL,193,1744285044693,'2025-04-10 11:37:55.668788','CLEANING','  ','CREATE'),(_binary '',14,'2025-04-10 11:38:51.927515',NULL,194,75,'2025-04-10 11:39:34.311681','CLEANING',' !','UPDATE'),(_binary '',14,'2025-04-10 11:38:51.930059',NULL,195,1744285111973,'2025-04-10 11:39:34.311705','OTHER','','CREATE'),(_binary '',14,'2025-04-10 11:40:06.710397',NULL,196,75,'2025-04-10 11:40:59.856555','CLEANING',' !','UPDATE'),(_binary '',14,'2025-04-10 11:40:06.712313',NULL,197,1744285180712,'2025-04-10 11:40:59.856577','OTHER','','CREATE'),(_binary '',14,'2025-04-10 11:41:18.371658',NULL,198,77,'2025-04-10 11:41:50.434804','OTHER','','DELETE'),(_binary '',14,'2025-04-10 11:41:18.374387',NULL,199,1744285269810,'2025-04-10 11:41:50.434829','OTHER','','CREATE'),(_binary '',14,'2025-04-10 11:42:13.452145',NULL,200,1744285325778,'2025-04-10 11:43:07.449184','OTHER','','CREATE'),(_binary '',14,'2025-04-10 11:43:17.988234',NULL,201,78,'2025-04-10 11:43:33.449751','OTHER','','DELETE'),(_binary '',14,'2025-04-10 11:43:17.990373',NULL,202,79,'2025-04-10 11:43:33.449781','OTHER','','DELETE'),(_binary '',10,'2025-04-10 13:00:46.207498',NULL,203,57,'2025-04-10 13:01:53.339007','SLEEP_HABIT','11  !','DELETE'),(_binary '',10,'2025-04-10 13:00:46.209880',NULL,204,1744289990378,'2025-04-10 13:01:53.339078','SLEEP_HABIT','','CREATE');
/*!40000 ALTER TABLE `life_rule_change_items` ENABLE KEYS */;
UNLOCK TABLES;

--
-- Table structure for table `life_rule_change_requests`
--

DROP TABLE IF EXISTS `life_rule_change_requests`;
/*!40101 SET @saved_cs_client     = @@character_set_client */;
/*!50503 SET character_set_client = utf8mb4 */;
CREATE TABLE `life_rule_change_requests` (
  `approval_count` int NOT NULL,
  `is_deleted` bit(1) DEFAULT NULL,
  `total_group_member` int NOT NULL,
  `created_at` datetime(6) NOT NULL,
  `deleted_at` datetime(6) DEFAULT NULL,
  `id` bigint NOT NULL AUTO_INCREMENT,
  `life_rule_id` bigint NOT NULL,
  `requested_at` datetime(6) NOT NULL,
  `updated_at` datetime(6) NOT NULL,
  `status` enum('APPROVED','PROGRESS','REJECTED','IDLE') NOT NULL,
  PRIMARY KEY (`id`),
  KEY `life_rule_id` (`life_rule_id`),
  CONSTRAINT `life_rule_change_requests_ibfk_1` FOREIGN KEY (`life_rule_id`) REFERENCES `life_rules` (`id`)
) ENGINE=InnoDB AUTO_INCREMENT=15 DEFAULT CHARSET=utf8mb4 COLLATE=utf8mb4_0900_ai_ci;
/*!40101 SET character_set_client = @saved_cs_client */;

--
-- Dumping data for table `life_rule_change_requests`
--

LOCK TABLES `life_rule_change_requests` WRITE;
/*!40000 ALTER TABLE `life_rule_change_requests` DISABLE KEYS */;
INSERT INTO `life_rule_change_requests` VALUES (1,_binary '\0',1,'2025-03-31 10:35:05.542035',NULL,1,1,'2025-03-31 10:35:05.540169','2025-03-31 10:35:05.542035','PROGRESS'),(1,_binary '\0',2,'2025-03-31 11:20:23.800392',NULL,2,2,'2025-03-31 11:20:23.800208','2025-04-09 03:46:55.523722','PROGRESS'),(1,_binary '\0',2,'2025-04-06 09:06:32.037394',NULL,3,13,'2025-04-06 09:06:32.037289','2025-04-06 09:10:28.378161','PROGRESS'),(1,_binary '\0',2,'2025-04-06 09:24:47.588450',NULL,4,14,'2025-04-06 09:24:47.587526','2025-04-06 09:26:12.682803','IDLE'),(2,_binary '\0',3,'2025-04-06 14:50:42.903010',NULL,5,15,'2025-04-06 14:50:42.902364','2025-04-06 14:51:35.549329','PROGRESS'),(2,_binary '\0',3,'2025-04-07 04:39:41.794771',NULL,6,16,'2025-04-07 04:39:41.793845','2025-04-10 00:02:05.617282','PROGRESS'),(1,_binary '\0',2,'2025-04-09 02:51:11.608477',NULL,7,17,'2025-04-09 02:51:11.607762','2025-04-09 08:35:05.934257','IDLE'),(1,_binary '\0',2,'2025-04-09 05:02:16.791411',NULL,8,18,'2025-04-09 05:02:16.791047','2025-04-09 07:48:45.048268','IDLE'),(1,_binary '\0',2,'2025-04-09 11:29:58.559891',NULL,9,19,'2025-04-09 11:29:58.559133','2025-04-09 11:35:09.036191','IDLE'),(1,_binary '\0',2,'2025-04-09 12:23:31.629621',NULL,10,20,'2025-04-09 12:23:31.629498','2025-04-10 13:01:53.338947','IDLE'),(1,_binary '\0',3,'2025-04-10 06:54:41.867141',NULL,11,21,'2025-04-10 06:54:41.866498','2025-04-10 07:02:20.446662','IDLE'),(1,_binary '\0',2,'2025-04-10 10:09:06.111369',NULL,12,22,'2025-04-10 10:09:06.111233','2025-04-10 11:08:47.039461','IDLE'),(1,_binary '\0',3,'2025-04-10 10:24:57.177675',NULL,13,23,'2025-04-10 10:24:57.177561','2025-04-10 10:24:57.177675','IDLE'),(1,_binary '\0',2,'2025-04-10 11:33:08.733756',NULL,14,24,'2025-04-10 11:33:08.733685','2025-04-10 11:43:33.449676','IDLE');
/*!40000 ALTER TABLE `life_rule_change_requests` ENABLE KEYS */;
UNLOCK TABLES;

--
-- Table structure for table `life_rule_items`
--

DROP TABLE IF EXISTS `life_rule_items`;
/*!40101 SET @saved_cs_client     = @@character_set_client */;
/*!50503 SET character_set_client = utf8mb4 */;
CREATE TABLE `life_rule_items` (
  `is_deleted` bit(1) DEFAULT NULL,
  `created_at` datetime(6) NOT NULL,
  `deleted_at` datetime(6) DEFAULT NULL,
  `id` bigint NOT NULL AUTO_INCREMENT,
  `life_rule_id` bigint NOT NULL,
  `updated_at` datetime(6) NOT NULL,
  `content` varchar(500) NOT NULL,
  `category` varchar(255) NOT NULL,
  PRIMARY KEY (`id`),
  KEY `life_rule_id` (`life_rule_id`),
  CONSTRAINT `life_rule_items_ibfk_1` FOREIGN KEY (`life_rule_id`) REFERENCES `life_rules` (`id`)
) ENGINE=InnoDB AUTO_INCREMENT=81 DEFAULT CHARSET=utf8mb4 COLLATE=utf8mb4_0900_ai_ci;
/*!40101 SET character_set_client = @saved_cs_client */;

--
-- Dumping data for table `life_rule_items`
--

LOCK TABLES `life_rule_items` WRITE;
/*!40000 ALTER TABLE `life_rule_items` DISABLE KEYS */;
INSERT INTO `life_rule_items` VALUES (_binary '\0','2025-04-02 07:17:31.268433',NULL,15,2,'2025-04-02 07:17:31.268433',' ','clean'),(_binary '\0','2025-04-02 07:31:23.467681',NULL,17,2,'2025-04-02 08:00:15.759667',' ','clean'),(_binary '\0','2025-04-02 07:36:52.110911',NULL,18,2,'2025-04-02 07:36:52.110911','/ ','clean'),(_binary '\0','2025-04-02 07:58:41.693132',NULL,19,2,'2025-04-02 07:58:41.693132',' ','clean'),(_binary '\0','2025-04-02 08:00:15.747858',NULL,20,2,'2025-04-02 08:00:15.747858','','clean'),(_binary '\0','2025-04-02 09:37:12.238684',NULL,21,2,'2025-04-02 09:37:12.238684','','clean'),(_binary '\0','2025-04-06 09:06:32.035356',NULL,28,13,'2025-04-06 09:06:32.035356','start','start'),(_binary '\0','2025-04-06 09:26:12.665009',NULL,29,14,'2025-04-06 09:26:12.665009','','clean'),(_binary '\0','2025-04-08 01:32:35.465340',NULL,30,16,'2025-04-09 03:41:32.418936','ASDF',' '),(_binary '\0','2025-04-08 01:32:35.474625',NULL,32,16,'2025-04-08 01:49:37.725655','ASDF',' '),(_binary '\0','2025-04-08 02:24:05.677152',NULL,33,16,'2025-04-08 02:24:05.677152','rlagusfo',' '),(_binary '\0','2025-04-08 07:15:27.934159',NULL,35,16,'2025-04-08 07:15:27.934159','ASDFASDF',' '),(_binary '\0','2025-04-09 04:22:31.981838',NULL,38,17,'2025-04-09 07:54:12.019742','','VISITOR'),(_binary '\0','2025-04-09 05:08:36.527154',NULL,40,18,'2025-04-09 06:55:24.859466',' ','VISITOR'),(_binary '\0','2025-04-09 05:46:07.687354',NULL,41,18,'2025-04-09 06:55:24.859570','t','FOOD'),(_binary '\0','2025-04-09 05:50:02.506396',NULL,42,18,'2025-04-09 07:10:08.089211','  ','VISITOR'),(_binary '\0','2025-04-09 08:35:05.883818',NULL,49,17,'2025-04-09 08:35:05.883818','','FOOD'),(_binary '\0','2025-04-09 08:35:05.886870',NULL,50,17,'2025-04-09 08:35:05.886870','  ','FOOD'),(_binary '\0','2025-04-09 08:35:05.888363',NULL,51,17,'2025-04-09 08:35:05.888363','','HOUSEHOLD_ITEM'),(_binary '\0','2025-04-09 08:35:05.890107',NULL,52,17,'2025-04-09 08:35:05.890107',' ','LIFE_RULE'),(_binary '\0','2025-04-09 08:35:05.891703',NULL,53,17,'2025-04-09 08:35:05.891703','','ROOM_TEMPERATURE'),(_binary '\0','2025-04-09 11:32:00.263260',NULL,54,19,'2025-04-09 11:32:00.263260','?','OTHER'),(_binary '\0','2025-04-09 11:32:00.269015',NULL,55,19,'2025-04-09 11:32:00.269015','??','OTHER'),(_binary '\0','2025-04-10 00:42:22.924143',NULL,58,20,'2025-04-10 00:42:22.924143','','LIFE_RULE'),(_binary '\0','2025-04-10 07:02:20.426323',NULL,59,21,'2025-04-10 07:02:20.426323','1 ','SLEEP_HABIT'),(_binary '\0','2025-04-10 07:02:20.430938',NULL,60,21,'2025-04-10 07:02:20.430938','   ','VISITOR'),(_binary '\0','2025-04-10 07:02:20.433834',NULL,61,21,'2025-04-10 07:02:20.433834','  !','CLEANING'),(_binary '\0','2025-04-10 07:02:20.435486',NULL,62,21,'2025-04-10 07:02:20.435486','  ','CLEANING'),(_binary '\0','2025-04-10 07:02:20.436838',NULL,63,21,'2025-04-10 07:02:20.436838','   ','FOOD'),(_binary '\0','2025-04-10 07:20:47.072452',NULL,64,20,'2025-04-10 07:20:47.072452',' ','OTHER'),(_binary '\0','2025-04-10 10:53:22.399417',NULL,67,22,'2025-04-10 10:53:22.399417','','FOOD'),(_binary '\0','2025-04-10 11:06:02.189725',NULL,68,22,'2025-04-10 11:06:02.189725','dsfdsfs','OTHER'),(_binary '\0','2025-04-10 11:37:55.650830',NULL,72,24,'2025-04-10 11:37:55.650830','1 ','SLEEP_HABIT'),(_binary '\0','2025-04-10 11:37:55.653523',NULL,73,24,'2025-04-10 11:37:55.653523','  !','LIFE_RULE'),(_binary '\0','2025-04-10 11:37:55.657013',NULL,74,24,'2025-04-10 11:37:55.657013','   ','FOOD'),(_binary '\0','2025-04-10 11:37:55.658810',NULL,75,24,'2025-04-10 11:37:55.658810',' !','CLEANING'),(_binary '\0','2025-04-10 11:37:55.660433',NULL,76,24,'2025-04-10 11:37:55.660433','  ','CLEANING'),(_binary '\0','2025-04-10 13:01:53.331674',NULL,80,20,'2025-04-10 13:01:53.331674','','SLEEP_HABIT');
/*!40000 ALTER TABLE `life_rule_items` ENABLE KEYS */;
UNLOCK TABLES;

--
-- Table structure for table `life_rule_user`
--

DROP TABLE IF EXISTS `life_rule_user`;
/*!40101 SET @saved_cs_client     = @@character_set_client */;
/*!50503 SET character_set_client = utf8mb4 */;
CREATE TABLE `life_rule_user` (
  `is_voted` bit(1) DEFAULT NULL,
  `id` bigint NOT NULL AUTO_INCREMENT,
  `life_rule_id` bigint NOT NULL,
  `user_id` bigint NOT NULL,
  PRIMARY KEY (`id`),
  UNIQUE KEY `user_id` (`user_id`),
  KEY `life_rule_id` (`life_rule_id`),
  CONSTRAINT `life_rule_user_ibfk_1` FOREIGN KEY (`life_rule_id`) REFERENCES `life_rules` (`id`),
  CONSTRAINT `life_rule_user_ibfk_2` FOREIGN KEY (`user_id`) REFERENCES `users` (`id`)
) ENGINE=InnoDB AUTO_INCREMENT=32 DEFAULT CHARSET=utf8mb4 COLLATE=utf8mb4_0900_ai_ci;
/*!40101 SET character_set_client = @saved_cs_client */;

--
-- Dumping data for table `life_rule_user`
--

LOCK TABLES `life_rule_user` WRITE;
/*!40000 ALTER TABLE `life_rule_user` DISABLE KEYS */;
INSERT INTO `life_rule_user` VALUES (_binary '\0',1,1,18),(_binary '',2,2,28),(_binary '\0',3,2,29),(_binary '',4,13,61),(_binary '\0',5,13,60),(_binary '\0',6,14,56),(_binary '\0',7,14,57),(_binary '\0',8,15,262),(_binary '',9,15,264),(_binary '',10,15,263),(_binary '',11,16,48),(_binary '',12,16,46),(_binary '\0',13,16,47),(_binary '\0',14,17,300),(_binary '\0',15,17,301),(_binary '\0',16,18,304),(_binary '\0',17,18,303),(_binary '\0',18,19,114),(_binary '\0',19,19,115),(_binary '\0',20,20,117),(_binary '\0',21,20,116),(_binary '\0',22,21,120),(_binary '\0',23,21,121),(_binary '\0',24,21,122),(_binary '\0',25,22,318),(_binary '\0',26,22,317),(_binary '\0',27,23,314),(_binary '\0',28,23,315),(_binary '\0',29,23,316),(_binary '\0',30,24,146),(_binary '\0',31,24,144);
/*!40000 ALTER TABLE `life_rule_user` ENABLE KEYS */;
UNLOCK TABLES;

--
-- Table structure for table `life_rules`
--

DROP TABLE IF EXISTS `life_rules`;
/*!40101 SET @saved_cs_client     = @@character_set_client */;
/*!50503 SET character_set_client = utf8mb4 */;
CREATE TABLE `life_rules` (
  `is_deleted` bit(1) DEFAULT NULL,
  `change_request_id` bigint DEFAULT NULL,
  `created_at` datetime(6) NOT NULL,
  `deleted_at` datetime(6) DEFAULT NULL,
  `group_id` bigint NOT NULL,
  `id` bigint NOT NULL AUTO_INCREMENT,
  `updated_at` datetime(6) NOT NULL,
  PRIMARY KEY (`id`),
  UNIQUE KEY `group_id` (`group_id`),
  CONSTRAINT `life_rules_ibfk_1` FOREIGN KEY (`group_id`) REFERENCES `groups` (`id`)
) ENGINE=InnoDB AUTO_INCREMENT=25 DEFAULT CHARSET=utf8mb4 COLLATE=utf8mb4_0900_ai_ci;
/*!40101 SET character_set_client = @saved_cs_client */;

--
-- Dumping data for table `life_rules`
--

LOCK TABLES `life_rules` WRITE;
/*!40000 ALTER TABLE `life_rules` DISABLE KEYS */;
INSERT INTO `life_rules` VALUES (_binary '\0',NULL,'2025-03-31 10:35:05.524604',NULL,11,1,'2025-03-31 10:35:05.553817'),(_binary '\0',NULL,'2025-03-31 11:20:23.792784',NULL,17,2,'2025-03-31 11:20:23.807804'),(_binary '\0',NULL,'2025-04-06 09:06:32.031017',NULL,50,13,'2025-04-06 09:06:32.048950'),(_binary '\0',NULL,'2025-04-06 09:24:47.570816',NULL,48,14,'2025-04-06 09:24:47.610171'),(_binary '\0',NULL,'2025-04-06 14:50:42.893113',NULL,52,15,'2025-04-06 14:50:42.923069'),(_binary '\0',NULL,'2025-04-07 04:39:41.754226',NULL,24,16,'2025-04-07 04:39:41.831547'),(_binary '\0',NULL,'2025-04-09 02:51:11.598051',NULL,85,17,'2025-04-09 02:51:11.628054'),(_binary '\0',NULL,'2025-04-09 05:02:16.779878',NULL,87,18,'2025-04-09 05:02:16.803327'),(_binary '\0',NULL,'2025-04-09 11:29:58.544291',NULL,90,19,'2025-04-09 11:29:58.579523'),(_binary '\0',NULL,'2025-04-09 12:23:31.623475',NULL,92,20,'2025-04-09 12:23:31.642533'),(_binary '\0',NULL,'2025-04-10 06:54:41.856275',NULL,95,21,'2025-04-10 06:54:41.887977'),(_binary '\0',NULL,'2025-04-10 10:09:06.103561',NULL,101,22,'2025-04-10 10:09:06.124231'),(_binary '\0',NULL,'2025-04-10 10:24:57.174318',NULL,98,23,'2025-04-10 10:24:57.188415'),(_binary '\0',NULL,'2025-04-10 11:33:08.729264',NULL,102,24,'2025-04-10 11:33:08.742076');
/*!40000 ALTER TABLE `life_rules` ENABLE KEYS */;
UNLOCK TABLES;

--
-- Table structure for table `notification`
--

DROP TABLE IF EXISTS `notification`;
/*!40101 SET @saved_cs_client     = @@character_set_client */;
/*!50503 SET character_set_client = utf8mb4 */;
CREATE TABLE `notification` (
  `is_read` bit(1) NOT NULL,
  `created_at` datetime(6) NOT NULL,
  `id` bigint NOT NULL AUTO_INCREMENT,
  `user_id` bigint NOT NULL,
  `content` varchar(255) NOT NULL,
  `title` varchar(255) NOT NULL,
  `category` varchar(255) NOT NULL,
  PRIMARY KEY (`id`),
  KEY `user_id` (`user_id`),
  CONSTRAINT `notification_ibfk_1` FOREIGN KEY (`user_id`) REFERENCES `users` (`id`)
) ENGINE=InnoDB AUTO_INCREMENT=1542 DEFAULT CHARSET=utf8mb4 COLLATE=utf8mb4_0900_ai_ci;
/*!40101 SET character_set_client = @saved_cs_client */;

--
-- Dumping data for table `notification`
--

LOCK TABLES `notification` WRITE;
/*!40000 ALTER TABLE `notification` DISABLE KEYS */;
INSERT INTO `notification` VALUES (_binary '\0','2025-03-31 16:40:14.000000',1,1,'sdfsdf','sdfasdf',''),(_binary '\0','2025-03-31 17:02:40.000000',2,1,'test2','test2',''),(_binary '\0','2025-03-31 17:02:56.000000',3,1,'test3','test3',''),(_binary '\0','2025-03-31 17:03:18.000000',4,1,'test4','test4',''),(_binary '\0','2025-04-02 00:50:03.519210',5,28,'     .','  !',''),(_binary '\0','2025-04-02 00:50:03.553119',6,29,'     .','  !',''),(_binary '\0','2025-04-02 00:50:05.598662',7,28,'   .',' !',''),(_binary '\0','2025-04-02 00:50:05.601738',8,29,'   .',' !',''),(_binary '\0','2025-04-02 00:50:50.477853',9,28,'   .',' !',''),(_binary '\0','2025-04-02 00:50:50.480865',10,29,'   .',' !',''),(_binary '\0','2025-04-02 00:58:46.386876',11,28,'   .',' !',''),(_binary '\0','2025-04-02 00:58:46.412526',12,29,'   .',' !',''),(_binary '\0','2025-04-02 01:09:55.148445',13,28,'   .',' !',''),(_binary '\0','2025-04-02 01:09:55.152206',14,29,'   .',' !',''),(_binary '\0','2025-04-02 01:10:11.181135',15,28,'     .','  !',''),(_binary '\0','2025-04-02 01:10:11.184393',16,29,'     .','  !',''),(_binary '\0','2025-04-02 01:10:28.214629',17,28,'     .','  !',''),(_binary '\0','2025-04-02 01:10:28.217542',18,29,'     .','  !',''),(_binary '\0','2025-04-02 01:10:36.618554',19,28,'   .',' !',''),(_binary '\0','2025-04-02 01:10:36.621847',20,29,'   .',' !',''),(_binary '\0','2025-04-02 01:16:14.946127',21,28,'   .',' !',''),(_binary '\0','2025-04-02 01:16:14.969438',22,29,'   .',' !',''),(_binary '\0','2025-04-02 01:36:20.922236',23,28,'    .','   !',''),(_binary '\0','2025-04-02 01:36:20.926209',24,29,'    .','   !',''),(_binary '\0','2025-04-02 02:03:16.050116',25,28,'   .',' !',''),(_binary '\0','2025-04-02 02:03:16.054591',26,29,'   .',' !',''),(_binary '\0','2025-04-02 02:04:04.088919',27,28,'    .','   !',''),(_binary '\0','2025-04-02 02:04:04.093231',28,29,'    .','   !',''),(_binary '\0','2025-04-02 02:05:51.471075',29,28,'    .','   !',''),(_binary '\0','2025-04-02 02:05:51.473443',30,29,'    .','   !',''),(_binary '\0','2025-04-02 02:21:01.433442',31,28,'    .','   !',''),(_binary '\0','2025-04-02 02:21:01.436240',32,29,'    .','   !',''),(_binary '\0','2025-04-02 03:20:02.832575',33,28,'    .','   !',''),(_binary '\0','2025-04-02 03:20:02.836080',34,29,'    .','   !',''),(_binary '\0','2025-04-02 03:40:29.338821',35,28,'    .','   !',''),(_binary '\0','2025-04-02 03:40:29.344525',36,29,'    .','   !',''),(_binary '\0','2025-04-02 03:48:06.711349',37,28,'    .','   !',''),(_binary '\0','2025-04-02 03:48:06.715413',38,29,'    .','   !',''),(_binary '\0','2025-04-02 05:26:45.657667',39,28,' [12324]  .','  ','DUTY'),(_binary '\0','2025-04-02 05:28:00.662197',40,28,' [12324]  .','  ','DUTY'),(_binary '\0','2025-04-02 05:28:06.392862',41,28,' [12324]  .','  ','DUTY'),(_binary '\0','2025-04-02 05:28:31.321789',42,28,' [12324]  .','  ','DUTY'),(_binary '\0','2025-04-02 05:28:51.436849',43,28,' [12324]  .','  ','DUTY'),(_binary '\0','2025-04-02 05:31:41.904942',44,28,'    .','   !','RULE'),(_binary '\0','2025-04-02 05:31:41.907682',45,29,'    .','   !','RULE'),(_binary '\0','2025-04-02 05:38:56.503181',46,28,'    .','   !','RULE'),(_binary '\0','2025-04-02 05:38:56.505922',47,29,'    .','   !','RULE'),(_binary '\0','2025-04-02 05:43:12.644699',48,29,' [asdf]  .','  ','DUTY'),(_binary '\0','2025-04-02 05:43:13.810806',49,29,' [asdf]  .','  ','DUTY'),(_binary '\0','2025-04-02 05:43:37.356429',50,28,'    .','   !','RULE'),(_binary '\0','2025-04-02 05:43:37.359251',51,29,'    .','   !','RULE'),(_binary '\0','2025-04-02 05:44:23.532461',52,28,'   .',' !','RULE'),(_binary '\0','2025-04-02 05:44:23.536436',53,29,'   .',' !','RULE'),(_binary '\0','2025-04-02 05:45:13.580466',54,29,' [asdf]  .','  ','DUTY'),(_binary '\0','2025-04-02 05:49:15.750737',55,8,' [string]  .','  ','DUTY'),(_binary '\0','2025-04-02 05:51:17.655329',56,8,' [string]  .','  ','DUTY'),(_binary '\0','2025-04-02 05:51:27.083125',57,8,' [string]  .','  ','DUTY'),(_binary '\0','2025-04-02 06:01:49.201480',58,29,' []  .','  ','DUTY'),(_binary '\0','2025-04-02 06:05:56.270692',59,28,'    .','   !','RULE'),(_binary '\0','2025-04-02 06:05:56.274535',60,29,'    .','   !','RULE'),(_binary '\0','2025-04-02 06:08:34.410619',61,28,'   .',' !','RULE'),(_binary '\0','2025-04-02 06:08:34.415106',62,29,'   .',' !','RULE'),(_binary '\0','2025-04-02 06:12:37.269002',63,29,' []  .','  ','DUTY'),(_binary '\0','2025-04-02 06:19:17.500047',64,28,'    .','   !','RULE'),(_binary '\0','2025-04-02 06:19:17.511841',65,29,'    .','   !','RULE'),(_binary '\0','2025-04-02 06:20:31.713558',66,28,'   .',' !','RULE'),(_binary '\0','2025-04-02 06:20:31.716486',67,29,'   .',' !','RULE'),(_binary '\0','2025-04-02 06:21:10.671187',68,29,' []  .','  ','DUTY'),(_binary '\0','2025-04-02 06:35:10.854386',69,28,'    .','   !','RULE'),(_binary '\0','2025-04-02 06:35:10.857014',70,29,'    .','   !','RULE'),(_binary '\0','2025-04-02 06:36:02.086968',71,29,' []  .','  ','DUTY'),(_binary '\0','2025-04-02 06:45:23.743460',72,28,'   .',' !','RULE'),(_binary '\0','2025-04-02 06:45:23.746580',73,29,'   .',' !','RULE'),(_binary '\0','2025-04-02 06:50:06.160983',75,28,'    .','   !','RULE'),(_binary '\0','2025-04-02 06:50:06.165662',76,29,'    .','   !','RULE'),(_binary '\0','2025-04-02 06:53:37.879131',77,28,' [string]  .','  ','DUTY'),(_binary '\0','2025-04-02 06:54:07.727829',78,29,' [string]  .','  ','DUTY'),(_binary '\0','2025-04-02 06:54:24.289421',80,29,' [string]  .','  ','DUTY'),(_binary '\0','2025-04-02 06:55:02.598208',81,28,'   .',' !','RULE'),(_binary '\0','2025-04-02 06:55:02.601271',82,29,'   .',' !','RULE'),(_binary '\0','2025-04-02 06:55:29.526074',83,28,'    .','   !','RULE'),(_binary '\0','2025-04-02 06:55:29.529675',84,29,'    .','   !','RULE'),(_binary '\0','2025-04-02 06:56:53.212811',85,29,' [string]  .','  ','DUTY'),(_binary '\0','2025-04-02 06:59:12.978274',87,28,'   .',' !','RULE'),(_binary '\0','2025-04-02 06:59:12.982030',88,29,'   .',' !','RULE'),(_binary '\0','2025-04-02 07:02:46.443291',89,29,' [asdf]  .','  ','DUTY'),(_binary '\0','2025-04-02 07:02:53.579234',90,29,' [asdf]  .','  ','DUTY'),(_binary '\0','2025-04-02 07:03:02.065377',91,29,' [string]  .','  ','DUTY'),(_binary '\0','2025-04-02 07:16:38.032885',92,28,'    .','   !','RULE'),(_binary '\0','2025-04-02 07:16:38.042059',93,29,'    .','   !','RULE'),(_binary '\0','2025-04-02 07:17:31.287679',94,28,'   .',' !','RULE'),(_binary '\0','2025-04-02 07:17:31.292358',95,29,'   .',' !','RULE'),(_binary '\0','2025-04-02 07:18:55.396460',96,28,'    .','   !','RULE'),(_binary '\0','2025-04-02 07:18:55.399167',97,29,'    .','   !','RULE'),(_binary '\0','2025-04-02 07:19:56.168166',98,28,'   .',' !','RULE'),(_binary '\0','2025-04-02 07:19:56.170815',99,29,'   .',' !','RULE'),(_binary '\0','2025-04-02 07:27:47.904230',100,28,'    .','   !','RULE'),(_binary '\0','2025-04-02 07:27:47.907459',101,29,'    .','   !','RULE'),(_binary '\0','2025-04-02 07:31:23.476848',102,28,'   .',' !','RULE'),(_binary '\0','2025-04-02 07:31:23.480614',103,29,'   .',' !','RULE'),(_binary '\0','2025-04-02 07:31:44.722215',104,28,'   .',' !','RULE'),(_binary '\0','2025-04-02 07:31:44.727016',105,29,'   .',' !','RULE'),(_binary '\0','2025-04-02 07:32:18.302152',106,28,'   .',' !','RULE'),(_binary '\0','2025-04-02 07:32:18.306180',107,29,'   .',' !','RULE'),(_binary '\0','2025-04-02 07:35:25.423825',108,28,'    .','   !','RULE'),(_binary '\0','2025-04-02 07:35:25.427065',109,29,'    .','   !','RULE'),(_binary '\0','2025-04-02 07:36:52.118596',110,28,'   .',' !','RULE'),(_binary '\0','2025-04-02 07:36:52.121098',111,29,'   .',' !','RULE'),(_binary '\0','2025-04-02 07:38:09.045973',112,28,'   .',' !','RULE'),(_binary '\0','2025-04-02 07:38:09.048543',113,29,'   .',' !','RULE'),(_binary '\0','2025-04-02 07:52:41.424951',114,29,' [fdf]  .','  ','DUTY'),(_binary '\0','2025-04-02 07:52:45.732881',115,29,' [fdf]  .','  ','DUTY'),(_binary '\0','2025-04-02 07:57:31.259708',116,28,'    .','   !','RULE'),(_binary '\0','2025-04-02 07:57:31.264650',117,29,'    .','   !','RULE'),(_binary '\0','2025-04-02 07:58:41.698890',118,28,'   .',' !','RULE'),(_binary '\0','2025-04-02 07:58:41.701701',119,29,'   .',' !','RULE'),(_binary '\0','2025-04-02 07:59:16.468882',120,28,'    .','   !','RULE'),(_binary '\0','2025-04-02 07:59:16.475455',121,29,'    .','   !','RULE'),(_binary '\0','2025-04-02 08:00:15.754211',122,28,'   .',' !','RULE'),(_binary '\0','2025-04-02 08:00:15.756463',123,29,'   .',' !','RULE'),(_binary '\0','2025-04-02 08:23:17.161428',124,1,'3333  .','  ','PAYMENT'),(_binary '\0','2025-04-02 08:27:21.219784',125,28,' [12324]  .',' ','DUTY'),(_binary '\0','2025-04-02 08:28:17.664292',126,29,' []  .',' ','DUTY'),(_binary '\0','2025-04-02 08:28:35.645594',127,29,' [fdf]  .',' ','DUTY'),(_binary '\0','2025-04-02 08:37:12.363475',128,28,' [12324]  .',' ','DUTY'),(_binary '\0','2025-04-02 08:37:32.411933',129,28,' [12324]  .',' ','DUTY'),(_binary '\0','2025-04-02 08:37:38.767441',130,28,' [12324]  .',' ','DUTY'),(_binary '\0','2025-04-02 08:38:14.934352',131,29,' [asdf]  .',' ','DUTY'),(_binary '\0','2025-04-02 08:38:55.732707',132,29,' [asdf]  .',' ','DUTY'),(_binary '\0','2025-04-02 08:40:25.344444',133,29,' [asdf]  .',' ','DUTY'),(_binary '\0','2025-04-02 08:41:10.050873',134,29,' []  .',' ','DUTY'),(_binary '\0','2025-04-02 08:41:38.087527',135,29,' [asdf]  .',' ','DUTY'),(_binary '\0','2025-04-02 08:41:54.085740',136,29,' []  .',' ','DUTY'),(_binary '\0','2025-04-02 08:43:37.521954',137,29,' []  .',' ','DUTY'),(_binary '\0','2025-04-02 08:44:40.549785',138,28,' [12324]  .',' ','DUTY'),(_binary '\0','2025-04-02 08:45:44.176695',139,29,' [asdf]  .',' ','DUTY'),(_binary '\0','2025-04-02 08:48:24.682012',140,29,' [fdf]  .',' ','DUTY'),(_binary '\0','2025-04-02 08:49:06.480388',141,28,' [string]  .',' ','DUTY'),(_binary '\0','2025-04-02 08:49:31.140807',142,29,' [string]  .',' ','DUTY'),(_binary '\0','2025-04-02 08:52:58.602032',143,1,'3333   .','  ','PAYMENT'),(_binary '\0','2025-04-02 09:36:40.290837',144,28,'    .','   !','RULE'),(_binary '\0','2025-04-02 09:36:40.295016',145,29,'    .','   !','RULE'),(_binary '\0','2025-04-02 09:37:12.252470',146,28,'   .',' !','RULE'),(_binary '\0','2025-04-02 09:37:12.256115',147,29,'   .',' !','RULE'),(_binary '\0','2025-04-02 11:09:39.728656',148,29,' [string]  .','  ','DUTY'),(_binary '\0','2025-04-02 12:00:00.009367',149,29,'1  \"string\"  .','[ ] string','DUTY'),(_binary '\0','2025-04-02 13:41:13.655979',150,29,' [string]  .',' ','DUTY'),(_binary '\0','2025-04-02 15:06:01.010338',151,29,' []  .','  ','DUTY'),(_binary '\0','2025-04-02 15:06:52.100718',152,29,' []  .',' ','DUTY'),(_binary '\0','2025-04-02 15:12:02.235291',153,28,' [string]  .',' ','DUTY'),(_binary '\0','2025-04-02 15:41:14.225044',154,29,' [a1234]  .','  ','DUTY'),(_binary '\0','2025-04-02 15:41:18.000526',155,29,' [a1234]  .',' ','DUTY'),(_binary '\0','2025-04-02 15:41:40.317044',156,29,' [string]  .',' ','DUTY'),(_binary '\0','2025-04-02 15:41:58.657524',157,29,' [1234]  .','  ','DUTY'),(_binary '\0','2025-04-02 15:45:31.213273',158,28,' []  .','  ','DUTY'),(_binary '\0','2025-04-02 15:45:57.901883',159,28,' []  .',' ','DUTY'),(_binary '\0','2025-04-02 15:49:54.196322',160,29,' [1234]  .','  ','DUTY'),(_binary '\0','2025-04-02 15:50:00.284835',161,29,' [1234]  .',' ','DUTY'),(_binary '\0','2025-04-02 15:51:56.607270',162,29,' []  .','  ','DUTY'),(_binary '\0','2025-04-02 15:52:03.512886',163,29,' []  .',' ','DUTY'),(_binary '\0','2025-04-02 15:54:05.623193',164,29,' [1234]  .',' ','DUTY'),(_binary '\0','2025-04-02 16:40:07.221095',165,29,' [asdf]  .','  ','DUTY'),(_binary '\0','2025-04-02 16:40:10.659728',166,29,' [asdf]  .',' ','DUTY'),(_binary '\0','2025-04-02 17:09:48.423913',167,29,' []  .','  ','DUTY'),(_binary '\0','2025-04-02 17:09:50.875590',168,29,' []  .',' ','DUTY'),(_binary '\0','2025-04-02 17:19:13.312876',169,29,' [1234]  .','  ','DUTY'),(_binary '\0','2025-04-02 17:25:06.064493',170,28,' []  .','  ','DUTY'),(_binary '\0','2025-04-02 17:33:30.658325',171,29,' [123]  .','  ','DUTY'),(_binary '\0','2025-04-02 18:06:04.967765',172,29,' []  .','  ','DUTY'),(_binary '\0','2025-04-02 18:06:56.608575',173,28,' []  .','  ','DUTY'),(_binary '\0','2025-04-02 18:07:22.416084',174,29,' []  .','  ','DUTY'),(_binary '\0','2025-04-02 18:09:28.554538',175,29,' []  .','  ','DUTY'),(_binary '\0','2025-04-02 18:09:45.151482',176,29,' [   ?]  .','  ','DUTY'),(_binary '\0','2025-04-02 18:11:25.421160',177,29,' []  .','  ','DUTY'),(_binary '\0','2025-04-02 18:12:59.115836',178,29,' [123123]  .','  ','DUTY'),(_binary '\0','2025-04-02 18:14:50.826459',179,29,' [1234]  .',' ','DUTY'),(_binary '\0','2025-04-02 21:58:53.783791',180,28,' [lifeRule]   .','  ','CONTRACT'),(_binary '\0','2025-04-02 21:58:53.786131',181,29,' [lifeRule]   .','  ','CONTRACT'),(_binary '\0','2025-04-02 22:23:28.969922',182,28,'   . .','  ','CONTRACT'),(_binary '\0','2025-04-02 22:23:28.972618',183,29,'   . .','  ','CONTRACT'),(_binary '\0','2025-04-02 22:24:43.063187',184,28,'   . .','  ','CONTRACT'),(_binary '\0','2025-04-02 22:24:43.066380',185,29,'   . .','  ','CONTRACT'),(_binary '\0','2025-04-02 22:25:21.077277',186,28,'    .  .','  ','CONTRACT'),(_binary '\0','2025-04-02 22:25:21.079708',187,29,'    .  .','  ','CONTRACT'),(_binary '\0','2025-04-02 22:25:21.089659',188,28,'  .','  ','CONTRACT'),(_binary '\0','2025-04-02 22:25:21.092312',189,29,'  .','  ','CONTRACT'),(_binary '\0','2025-04-02 22:25:50.056045',190,28,'  .','  ','CONTRACT'),(_binary '\0','2025-04-03 00:35:47.610069',191,28,' []  .',' ','DUTY'),(_binary '\0','2025-04-03 00:35:52.712028',192,29,' [123]  .',' ','DUTY'),(_binary '\0','2025-04-03 00:35:55.072709',193,29,' []  .',' ','DUTY'),(_binary '\0','2025-04-03 00:35:56.910816',194,29,' [123123]  .',' ','DUTY'),(_binary '\0','2025-04-03 00:47:52.299047',195,29,' []  .',' ','DUTY'),(_binary '\0','2025-04-03 00:47:54.002758',196,29,' []  .',' ','DUTY'),(_binary '\0','2025-04-03 00:52:19.919823',197,28,' []  .','  ','DUTY'),(_binary '\0','2025-04-03 00:52:26.336824',198,28,' []  .',' ','DUTY'),(_binary '\0','2025-04-03 00:52:28.747444',199,29,' []  .',' ','DUTY'),(_binary '\0','2025-04-03 00:52:31.340952',200,28,' []  .','  ','DUTY'),(_binary '\0','2025-04-03 01:27:54.504437',201,29,' [   ?]  .',' ','DUTY'),(_binary '\0','2025-04-03 02:19:13.918963',202,29,' [12314]  .','  ','DUTY'),(_binary '\0','2025-04-03 02:21:02.739265',203,28,' []  .','  ','DUTY'),(_binary '\0','2025-04-03 02:59:51.380077',204,29,' []  .','  ','DUTY'),(_binary '\0','2025-04-03 03:03:31.552557',205,28,' []  .',' ','DUTY'),(_binary '\0','2025-04-03 03:03:32.955473',206,28,' []  .',' ','DUTY'),(_binary '\0','2025-04-03 03:03:34.091541',207,29,' [12314]  .',' ','DUTY'),(_binary '\0','2025-04-03 03:06:32.101470',208,29,' [string]  .','  ','DUTY'),(_binary '\0','2025-04-03 03:10:22.880365',209,29,' [string]  .','  ','DUTY'),(_binary '\0','2025-04-03 03:11:24.178747',210,29,' [string]  .',' ','DUTY'),(_binary '\0','2025-04-03 03:55:56.942381',211,28,' []  .',' ','DUTY'),(_binary '\0','2025-04-03 06:07:59.875726',212,28,'   . .','  ','CONTRACT'),(_binary '\0','2025-04-03 06:07:59.881913',213,29,'   . .','  ','CONTRACT'),(_binary '\0','2025-04-03 06:17:38.191463',214,28,'   . .','  ','CONTRACT'),(_binary '\0','2025-04-03 06:17:38.194134',215,29,'   . .','  ','CONTRACT'),(_binary '\0','2025-04-03 07:02:00.368225',216,28,'   . .','  ','CONTRACT'),(_binary '\0','2025-04-03 07:02:00.373731',217,29,'   . .','  ','CONTRACT'),(_binary '\0','2025-04-03 07:15:13.116079',218,28,'   . .','  ','CONTRACT'),(_binary '\0','2025-04-03 07:15:13.119107',219,29,'   . .','  ','CONTRACT'),(_binary '\0','2025-04-03 07:18:12.684194',220,28,'   . .','  ','CONTRACT'),(_binary '\0','2025-04-03 07:18:12.687486',221,29,'   . .','  ','CONTRACT'),(_binary '\0','2025-04-03 07:18:49.291929',222,28,'   . .','  ','CONTRACT'),(_binary '\0','2025-04-03 07:18:49.295113',223,29,'   . .','  ','CONTRACT'),(_binary '\0','2025-04-03 07:21:06.311382',224,28,'   . .','  ','CONTRACT'),(_binary '\0','2025-04-03 07:21:06.314264',225,29,'   . .','  ','CONTRACT'),(_binary '\0','2025-04-03 07:25:19.889487',226,28,'   . .','  ','CONTRACT'),(_binary '\0','2025-04-03 07:25:19.893729',227,29,'   . .','  ','CONTRACT'),(_binary '\0','2025-04-03 07:34:03.637586',228,28,'   . .','  ','CONTRACT'),(_binary '\0','2025-04-03 07:34:03.681443',229,29,'   . .','  ','CONTRACT'),(_binary '\0','2025-04-03 07:34:28.601046',230,28,'   . .','  ','CONTRACT'),(_binary '\0','2025-04-03 07:34:28.604858',231,29,'   . .','  ','CONTRACT'),(_binary '\0','2025-04-03 07:41:18.048448',232,28,'   . .','  ','CONTRACT'),(_binary '\0','2025-04-03 07:41:18.052513',233,29,'   . .','  ','CONTRACT'),(_binary '\0','2025-04-03 07:41:42.200579',234,28,'   . .','  ','CONTRACT'),(_binary '\0','2025-04-03 07:41:42.206597',235,29,'   . .','  ','CONTRACT'),(_binary '\0','2025-04-03 07:41:46.182028',236,28,'   . .','  ','CONTRACT'),(_binary '\0','2025-04-03 07:41:46.184916',237,29,'   . .','  ','CONTRACT'),(_binary '\0','2025-04-03 07:42:32.509667',238,28,'   . .','  ','CONTRACT'),(_binary '\0','2025-04-03 07:42:32.512934',239,29,'   . .','  ','CONTRACT'),(_binary '\0','2025-04-03 07:43:13.437946',240,28,'   . .','  ','CONTRACT'),(_binary '\0','2025-04-03 07:43:13.442962',241,29,'   . .','  ','CONTRACT'),(_binary '\0','2025-04-03 08:11:37.624418',242,29,' [string]  .','  ','DUTY'),(_binary '\0','2025-04-03 08:11:57.323325',243,29,' [string]   .',' ','DUTY'),(_binary '\0','2025-04-03 08:12:31.573754',244,29,' []   .',' ','DUTY'),(_binary '\0','2025-04-03 08:50:41.354667',245,41,' [3]   .',' ','GROUP'),(_binary '\0','2025-04-03 08:51:13.527941',246,41,' [3]   .','  ','CONTRACT'),(_binary '\0','2025-04-03 08:58:31.484839',247,41,'   . .','  ','CONTRACT'),(_binary '\0','2025-04-03 08:58:38.274401',248,41,'   . .','  ','CONTRACT'),(_binary '\0','2025-04-03 09:00:26.954754',249,41,'   . .','  ','CONTRACT'),(_binary '\0','2025-04-03 09:00:57.646292',250,41,'   . .','  ','CONTRACT'),(_binary '\0','2025-04-03 09:01:50.585337',251,41,'   . .','  ','CONTRACT'),(_binary '\0','2025-04-03 09:02:02.657808',252,41,'   . .','  ','CONTRACT'),(_binary '\0','2025-04-03 09:02:04.971751',253,41,'   . .','  ','CONTRACT'),(_binary '\0','2025-04-03 09:02:07.121885',254,41,'   . .','  ','CONTRACT'),(_binary '\0','2025-04-03 09:02:10.015562',255,41,'   . .','  ','CONTRACT'),(_binary '\0','2025-04-03 09:02:34.493545',256,41,'   . .','  ','CONTRACT'),(_binary '\0','2025-04-03 09:03:25.802958',257,41,'   . .','  ','CONTRACT'),(_binary '\0','2025-04-03 09:03:58.576207',258,41,'   . .','  ','CONTRACT'),(_binary '\0','2025-04-03 09:04:04.376389',259,41,'   . .','  ','CONTRACT'),(_binary '\0','2025-04-03 09:04:06.049497',260,41,'   . .','  ','CONTRACT'),(_binary '\0','2025-04-03 09:08:49.951928',261,41,'   . .','  ','CONTRACT'),(_binary '\0','2025-04-03 09:08:54.231795',262,41,'   . .','  ','CONTRACT'),(_binary '\0','2025-04-03 09:09:10.991518',263,41,'   . .','  ','CONTRACT'),(_binary '\0','2025-04-03 09:09:23.278408',264,41,'   . .','  ','CONTRACT'),(_binary '\0','2025-04-03 09:10:26.695320',265,41,'   . .','  ','CONTRACT'),(_binary '\0','2025-04-03 09:14:59.714977',266,41,'   . .','  ','CONTRACT'),(_binary '\0','2025-04-03 09:21:44.690188',267,41,'   . .','  ','CONTRACT'),(_binary '\0','2025-04-03 11:00:00.013505',268,29,'1  \"\"  .','[ ] ','DUTY'),(_binary '\0','2025-04-03 11:28:27.302060',269,41,'   . .','  ','CONTRACT'),(_binary '\0','2025-04-03 11:28:40.556780',270,41,'   . .','  ','CONTRACT'),(_binary '\0','2025-04-03 11:29:43.745484',271,41,'   . .','  ','CONTRACT'),(_binary '\0','2025-04-03 11:31:34.946918',272,41,'   . .','  ','CONTRACT'),(_binary '\0','2025-04-03 11:32:29.176699',273,41,'   . .','  ','CONTRACT'),(_binary '\0','2025-04-03 11:45:04.023557',274,41,'   . .','  ','CONTRACT'),(_binary '\0','2025-04-03 11:45:35.835738',275,41,'    .  .','  ','CONTRACT'),(_binary '\0','2025-04-03 11:45:35.842609',276,41,'  .','  ','CONTRACT'),(_binary '\0','2025-04-03 11:55:14.996460',277,41,'   . .','  ','CONTRACT'),(_binary '\0','2025-04-03 11:56:33.376289',278,41,'   . .','  ','CONTRACT'),(_binary '\0','2025-04-03 12:00:18.930355',279,42,' [41-42]   .',' ','GROUP'),(_binary '\0','2025-04-03 12:00:25.078627',280,42,' [41-42]   .','  ','CONTRACT'),(_binary '\0','2025-04-03 12:04:08.167771',281,43,' [4243]   .',' ','GROUP'),(_binary '\0','2025-04-03 12:04:24.052919',282,43,' [4243]   .','  ','CONTRACT'),(_binary '\0','2025-04-03 12:06:42.733509',283,43,'44   .','   !','GROUP'),(_binary '','2025-04-03 12:24:16.470285',284,46,'   . .','  ','CONTRACT'),(_binary '','2025-04-03 12:24:16.496604',285,47,'   . .','  ','CONTRACT'),(_binary '','2025-04-04 00:42:28.148783',286,46,'   . .','  ','CONTRACT'),(_binary '','2025-04-04 00:42:28.153629',287,47,'   . .','  ','CONTRACT'),(_binary '','2025-04-04 00:42:48.957526',288,46,'   . .','  ','CONTRACT'),(_binary '','2025-04-04 00:42:48.960467',289,47,'   . .','  ','CONTRACT'),(_binary '','2025-04-04 00:48:06.254443',290,46,'   . .','  ','CONTRACT'),(_binary '','2025-04-04 00:48:06.258667',291,47,'   . .','  ','CONTRACT'),(_binary '','2025-04-04 00:50:36.698465',292,46,'   . .','  ','CONTRACT'),(_binary '','2025-04-04 00:50:36.708419',293,47,'   . .','  ','CONTRACT'),(_binary '','2025-04-04 00:51:43.820662',294,46,'   . .','  ','CONTRACT'),(_binary '','2025-04-04 00:51:43.824339',295,47,'   . .','  ','CONTRACT'),(_binary '','2025-04-04 00:55:31.834729',296,46,'   . .','  ','CONTRACT'),(_binary '','2025-04-04 00:55:31.838541',297,47,'   . .','  ','CONTRACT'),(_binary '','2025-04-04 04:33:10.164421',300,47,'   . .','  ','CONTRACT'),(_binary '','2025-04-04 04:33:10.165174',301,46,'   . .','  ','CONTRACT'),(_binary '','2025-04-04 04:41:29.761467',302,46,'   . .','  ','CONTRACT'),(_binary '','2025-04-04 04:41:29.761948',303,47,'   . .','  ','CONTRACT'),(_binary '','2025-04-04 04:56:24.561484',304,46,'   . .','  ','CONTRACT'),(_binary '','2025-04-04 04:56:24.561649',305,47,'   . .','  ','CONTRACT'),(_binary '','2025-04-04 04:59:16.365755',306,46,'   . .','  ','CONTRACT'),(_binary '','2025-04-04 04:59:16.365994',307,47,'   . .','  ','CONTRACT'),(_binary '','2025-04-04 05:13:58.159313',308,46,'   . .','  ','CONTRACT'),(_binary '','2025-04-04 05:13:58.160185',309,47,'   . .','  ','CONTRACT'),(_binary '','2025-04-04 05:25:53.997963',310,46,'   . .','  ','CONTRACT'),(_binary '','2025-04-04 05:25:53.999159',311,47,'   . .','  ','CONTRACT'),(_binary '\0','2025-04-04 06:16:44.312914',312,48,'  .','  ','CONTRACT'),(_binary '','2025-04-04 06:40:28.402030',313,46,'  .','  ','CONTRACT'),(_binary '','2025-04-04 06:43:45.959380',314,47,'  .','  ','CONTRACT'),(_binary '','2025-04-04 06:44:02.787964',315,46,'     .','   !','CONTRACT'),(_binary '','2025-04-04 06:44:02.789570',316,47,'     .','   !','CONTRACT'),(_binary '\0','2025-04-04 06:44:02.789945',317,48,'     .','   !','CONTRACT'),(_binary '\0','2025-04-04 07:06:04.429896',318,71,' []   .',' ','GROUP'),(_binary '\0','2025-04-04 07:57:18.561226',319,1,'      !','  !','RENT'),(_binary '\0','2025-04-04 08:52:40.959545',320,1,'      !','  !','RENT'),(_binary '\0','2025-04-04 09:03:02.341452',321,1,'      !','  !','RENT'),(_binary '\0','2025-04-04 09:03:18.329288',322,1,'      !','  !','RENT'),(_binary '\0','2025-04-05 04:33:30.208985',323,44,' []   .',' ','GROUP'),(_binary '','2025-04-05 08:12:30.767264',324,47,' [ ]  .','  ','DUTY'),(_binary '','2025-04-05 08:25:01.327935',325,47,' [ ]  .',' ','DUTY'),(_binary '','2025-04-05 08:25:16.128866',326,47,' []  .','  ','DUTY'),(_binary '','2025-04-05 08:25:47.098198',327,47,' []   .',' ','DUTY'),(_binary '','2025-04-05 08:27:57.302898',328,47,' [d]   .',' ','DUTY'),(_binary '','2025-04-05 08:28:06.587038',329,47,' [d]   .',' ','DUTY'),(_binary '','2025-04-05 08:32:44.444492',330,47,' [d]   .',' ','DUTY'),(_binary '','2025-04-05 08:54:04.463349',331,47,' [d]   .',' ','DUTY'),(_binary '\0','2025-04-05 09:01:26.077387',332,1,'      !','  !','RENT'),(_binary '\0','2025-04-05 09:50:17.298001',333,1,'   . .','   ','LIVING_BUDGET'),(_binary '\0','2025-04-05 10:14:40.239089',334,1,'   . .','   ','LIVING_BUDGET'),(_binary '\0','2025-04-05 14:02:03.084991',335,44,' []   .','  ','CONTRACT'),(_binary '\0','2025-04-05 14:02:41.790273',336,44,'   . .','  ','CONTRACT'),(_binary '\0','2025-04-05 14:02:43.834291',337,44,'   . .','  ','CONTRACT'),(_binary '\0','2025-04-05 14:02:54.513456',338,44,'    .  .','  ','CONTRACT'),(_binary '\0','2025-04-05 14:02:54.516939',339,44,'  .','  ','CONTRACT'),(_binary '\0','2025-04-05 14:02:54.719150',340,44,'  .','  ','CONTRACT'),(_binary '\0','2025-04-05 14:07:08.831322',341,44,'  .','  ','CONTRACT'),(_binary '\0','2025-04-05 14:07:25.055597',342,44,'     .','   !','CONTRACT'),(_binary '\0','2025-04-05 14:07:33.787357',343,1,'   . .','   ','LIVING_BUDGET'),(_binary '\0','2025-04-06 06:11:59.476470',344,56,' [55 56  ]   .',' ','GROUP'),(_binary '\0','2025-04-06 06:47:36.416382',345,57,' [55 56  ]   .','  ','CONTRACT'),(_binary '\0','2025-04-06 07:01:11.043066',346,58,' [57 58 ]   .',' ','GROUP'),(_binary '\0','2025-04-06 07:03:35.010350',347,59,' [57 58 ]   .','  ','CONTRACT'),(_binary '\0','2025-04-06 07:07:04.188871',348,60,' [59-60]   .',' ','GROUP'),(_binary '\0','2025-04-06 07:08:26.941834',349,61,' [59-60]   .','  ','CONTRACT'),(_binary '\0','2025-04-06 07:16:14.520066',350,62,' []   .',' ','GROUP'),(_binary '\0','2025-04-06 07:17:08.233042',351,62,' []   .','  ','CONTRACT'),(_binary '\0','2025-04-06 07:27:10.762193',352,61,'   . .','  ','CONTRACT'),(_binary '\0','2025-04-06 07:27:23.990337',353,61,'   . .','  ','CONTRACT'),(_binary '\0','2025-04-06 07:27:32.139412',354,61,'   . .','  ','CONTRACT'),(_binary '\0','2025-04-06 07:35:22.172227',355,61,'   . .','  ','CONTRACT'),(_binary '\0','2025-04-06 07:40:16.167974',356,60,'   . .','  ','CONTRACT'),(_binary '\0','2025-04-06 07:40:16.168274',357,61,'   . .','  ','CONTRACT'),(_binary '\0','2025-04-06 07:45:16.970542',358,61,'   . .','  ','CONTRACT'),(_binary '\0','2025-04-06 07:45:49.316339',359,61,'   . .','  ','CONTRACT'),(_binary '\0','2025-04-06 07:46:42.455335',360,61,'   . .','  ','CONTRACT'),(_binary '\0','2025-04-06 07:46:51.282674',361,61,'   . .','  ','CONTRACT'),(_binary '\0','2025-04-06 07:51:32.814348',362,60,'   . .','  ','CONTRACT'),(_binary '\0','2025-04-06 07:55:20.860442',363,60,'   . .','  ','CONTRACT'),(_binary '\0','2025-04-06 07:55:54.009718',364,60,'   . .','  ','CONTRACT'),(_binary '\0','2025-04-06 07:55:59.626335',365,60,'    .  .','  ','CONTRACT'),(_binary '\0','2025-04-06 07:55:59.631175',366,60,'  .','  ','CONTRACT'),(_binary '\0','2025-04-06 07:55:59.883001',367,60,'  .','  ','CONTRACT'),(_binary '\0','2025-04-06 08:03:21.151585',368,60,'  .','  ','CONTRACT'),(_binary '\0','2025-04-06 08:08:04.222905',369,60,'   . .','  ','CONTRACT'),(_binary '\0','2025-04-06 08:34:46.829002',370,61,'  .','  ','CONTRACT'),(_binary '\0','2025-04-06 08:35:03.523253',371,61,'     .','   !','CONTRACT'),(_binary '\0','2025-04-06 09:01:41.074901',372,1,'      !','  !','RENT'),(_binary '\0','2025-04-06 09:06:32.040678',373,60,'   .','  !','RULE'),(_binary '\0','2025-04-06 09:06:32.043076',374,61,'   .','  !','RULE'),(_binary '\0','2025-04-06 09:10:28.372894',375,60,'    .','   !','RULE'),(_binary '\0','2025-04-06 09:10:28.375231',376,61,'    .','   !','RULE'),(_binary '\0','2025-04-06 09:16:10.582348',377,58,'   . .','  ','CONTRACT'),(_binary '\0','2025-04-06 09:16:24.046267',378,58,'    .  .','  ','CONTRACT'),(_binary '\0','2025-04-06 09:16:24.050871',379,58,'  .','  ','CONTRACT'),(_binary '\0','2025-04-06 09:16:24.320406',380,58,'  .','  ','CONTRACT'),(_binary '\0','2025-04-06 09:20:59.100413',381,56,'   . .','  ','CONTRACT'),(_binary '\0','2025-04-06 09:21:04.371427',382,56,'    .  .','  ','CONTRACT'),(_binary '\0','2025-04-06 09:21:04.375022',383,56,'  .','  ','CONTRACT'),(_binary '\0','2025-04-06 09:21:04.548110',384,56,'  .','  ','CONTRACT'),(_binary '\0','2025-04-06 09:22:14.465908',385,56,'  .','  ','CONTRACT'),(_binary '\0','2025-04-06 09:23:42.515866',386,57,'  .','  ','CONTRACT'),(_binary '\0','2025-04-06 09:23:59.383354',387,57,'     .','   !','CONTRACT'),(_binary '\0','2025-04-06 09:24:47.598829',388,56,'   .','  !','RULE'),(_binary '\0','2025-04-06 09:24:47.601228',389,57,'   .','  !','RULE'),(_binary '\0','2025-04-06 09:25:06.159331',390,56,'    .','   !','RULE'),(_binary '\0','2025-04-06 09:25:06.162495',391,57,'    .','   !','RULE'),(_binary '\0','2025-04-06 09:26:12.674565',392,56,'   .',' !','RULE'),(_binary '\0','2025-04-06 09:26:12.677193',393,57,'   .',' !','RULE'),(_binary '\0','2025-04-06 09:27:09.066048',394,56,' [ 11 ]  .','  ','DUTY'),(_binary '\0','2025-04-06 10:16:57.087899',395,56,' []  .','  ','DUTY'),(_binary '\0','2025-04-06 11:12:12.228725',396,58,'  .','  ','CONTRACT'),(_binary '\0','2025-04-06 11:12:39.816028',397,59,'  .','  ','CONTRACT'),(_binary '\0','2025-04-06 11:12:56.822700',398,59,'     .','   !','CONTRACT'),(_binary '\0','2025-04-06 11:36:12.902915',399,1,'   . .','   ','LIVING_BUDGET'),(_binary '\0','2025-04-06 14:44:41.957021',400,262,' []   .',' ','GROUP'),(_binary '\0','2025-04-06 14:46:28.297490',401,262,'   .','   !','GROUP'),(_binary '\0','2025-04-06 14:47:18.785139',402,262,'   .','   !','GROUP'),(_binary '\0','2025-04-06 14:47:26.590275',403,262,' []   .','  ','CONTRACT'),(_binary '\0','2025-04-06 14:47:26.591486',404,264,' []   .','  ','CONTRACT'),(_binary '\0','2025-04-06 14:48:21.963540',405,264,'   . .','  ','CONTRACT'),(_binary '\0','2025-04-06 14:48:21.964681',406,262,'   . .','  ','CONTRACT'),(_binary '\0','2025-04-06 14:48:50.386144',407,262,'   . .','  ','CONTRACT'),(_binary '\0','2025-04-06 14:49:00.199826',408,262,'    .  .','  ','CONTRACT'),(_binary '\0','2025-04-06 14:49:00.206939',409,262,'  .','  ','CONTRACT'),(_binary '\0','2025-04-06 14:49:00.261188',410,262,'  .','  ','CONTRACT'),(_binary '\0','2025-04-06 14:49:04.296650',411,262,'  .','  ','CONTRACT'),(_binary '\0','2025-04-06 14:49:23.984901',412,263,'  .','  ','CONTRACT'),(_binary '\0','2025-04-06 14:49:40.635330',413,264,'  .','  ','CONTRACT'),(_binary '\0','2025-04-06 14:50:27.996486',414,264,' []  .','  ','DUTY'),(_binary '\0','2025-04-06 14:50:42.911786',415,262,'   .','  !','RULE'),(_binary '\0','2025-04-06 14:50:42.913902',416,263,'   .','  !','RULE'),(_binary '\0','2025-04-06 14:50:42.915187',417,264,'   .','  !','RULE'),(_binary '\0','2025-04-06 14:51:05.191757',418,262,'    .','   !','RULE'),(_binary '\0','2025-04-06 14:51:05.193718',419,263,'    .','   !','RULE'),(_binary '\0','2025-04-06 14:51:05.195258',420,264,'    .','   !','RULE'),(_binary '\0','2025-04-06 14:53:15.506374',421,263,'     .','   !','CONTRACT'),(_binary '\0','2025-04-06 14:54:59.837179',422,1,'   . .','   ','LIVING_BUDGET'),(_binary '\0','2025-04-06 15:13:06.815116',423,43,'   . .','  ','CONTRACT'),(_binary '\0','2025-04-06 16:22:15.500282',424,1,'   . .','   ','LIVING_BUDGET'),(_binary '\0','2025-04-07 00:10:10.455501',425,91,' []   .',' ','GROUP'),(_binary '','2025-04-07 00:14:13.290893',426,46,' [ ]  .','  ','DUTY'),(_binary '\0','2025-04-07 00:31:30.589561',427,91,'   .','   !','GROUP'),(_binary '\0','2025-04-07 00:31:39.236619',428,91,' []   .','  ','CONTRACT'),(_binary '\0','2025-04-07 00:31:39.236191',429,92,' []   .','  ','CONTRACT'),(_binary '\0','2025-04-07 00:34:17.791908',430,92,'   . .','  ','CONTRACT'),(_binary '\0','2025-04-07 00:34:17.791793',431,91,'   . .','  ','CONTRACT'),(_binary '\0','2025-04-07 00:35:32.141124',432,92,'   . .','  ','CONTRACT'),(_binary '\0','2025-04-07 00:35:32.142121',433,91,'   . .','  ','CONTRACT'),(_binary '\0','2025-04-07 00:36:05.742403',434,92,'   . .','  ','CONTRACT'),(_binary '\0','2025-04-07 00:36:05.741918',435,91,'   . .','  ','CONTRACT'),(_binary '\0','2025-04-07 00:37:04.852633',436,91,'   . .','  ','CONTRACT'),(_binary '\0','2025-04-07 00:37:04.852867',437,92,'   . .','  ','CONTRACT'),(_binary '\0','2025-04-07 00:39:45.101319',438,92,'   . .','  ','CONTRACT'),(_binary '\0','2025-04-07 00:39:45.101637',439,91,'   . .','  ','CONTRACT'),(_binary '\0','2025-04-07 00:48:31.851781',440,92,'   . .','  ','CONTRACT'),(_binary '\0','2025-04-07 00:48:31.851774',441,91,'   . .','  ','CONTRACT'),(_binary '\0','2025-04-07 00:48:35.515640',442,91,'    .  .','  ','CONTRACT'),(_binary '\0','2025-04-07 00:48:35.515698',443,92,'    .  .','  ','CONTRACT'),(_binary '\0','2025-04-07 00:48:35.522814',444,91,'  .','  ','CONTRACT'),(_binary '\0','2025-04-07 00:48:35.522803',445,92,'  .','  ','CONTRACT'),(_binary '\0','2025-04-07 00:48:35.624542',446,92,'  .','  ','CONTRACT'),(_binary '\0','2025-04-07 00:48:35.624506',447,91,'  .','  ','CONTRACT'),(_binary '\0','2025-04-07 00:51:49.501753',448,62,'   . .','  ','CONTRACT'),(_binary '\0','2025-04-07 00:51:52.123601',449,62,'    .  .','  ','CONTRACT'),(_binary '\0','2025-04-07 00:51:52.125030',450,62,'  .','  ','CONTRACT'),(_binary '\0','2025-04-07 00:51:52.268677',451,62,'  .','  ','CONTRACT'),(_binary '\0','2025-04-07 00:51:57.754652',452,62,'  .','  ','CONTRACT'),(_binary '\0','2025-04-07 00:52:43.257019',453,63,' [   ]   .',' ','GROUP'),(_binary '\0','2025-04-07 00:54:50.220462',454,65,' [   ]   .','  ','CONTRACT'),(_binary '\0','2025-04-07 00:56:11.268489',455,91,'  .','  ','CONTRACT'),(_binary '\0','2025-04-07 00:56:24.668813',456,92,'  .','  ','CONTRACT'),(_binary '\0','2025-04-07 00:56:41.437270',457,91,'     .','   !','CONTRACT'),(_binary '\0','2025-04-07 00:56:41.464735',458,92,'     .','   !','CONTRACT'),(_binary '\0','2025-04-07 00:56:41.837026',459,91,'      !','  !','RENT'),(_binary '\0','2025-04-07 00:56:58.497432',460,92,'      !','  !','RENT'),(_binary '\0','2025-04-07 01:04:21.981323',461,94,' [302]   .',' ','GROUP'),(_binary '\0','2025-04-07 01:06:35.717734',462,94,'   .','   !','GROUP'),(_binary '\0','2025-04-07 01:06:43.885431',463,94,' [302]   .','  ','CONTRACT'),(_binary '','2025-04-07 01:39:20.161833',464,46,' [ ]  .','  ','DUTY'),(_binary '\0','2025-04-07 01:42:59.401089',465,92,' [ ]  .','  ','DUTY'),(_binary '\0','2025-04-07 01:50:15.166631',466,92,' []   .',' ','DUTY'),(_binary '\0','2025-04-07 02:02:47.707203',467,265,' []   .',' ','GROUP'),(_binary '\0','2025-04-07 02:03:57.245044',468,266,' []   .','  ','CONTRACT'),(_binary '\0','2025-04-07 02:28:05.919718',469,267,' [ Solo]   .',' ','GROUP'),(_binary '\0','2025-04-07 02:28:11.484139',470,267,' [ Solo]   .','  ','CONTRACT'),(_binary '\0','2025-04-07 03:12:22.322641',471,71,' []   .','  ','CONTRACT'),(_binary '\0','2025-04-07 03:13:04.847328',472,71,'    .  .','  ','CONTRACT'),(_binary '\0','2025-04-07 03:13:04.864951',473,71,'  .','  ','CONTRACT'),(_binary '\0','2025-04-07 03:13:05.007471',474,71,'  .','  ','CONTRACT'),(_binary '\0','2025-04-07 03:13:11.680616',475,71,'  .','  ','CONTRACT'),(_binary '\0','2025-04-07 03:13:50.124270',476,73,' [72 - 73]   .',' ','GROUP'),(_binary '\0','2025-04-07 03:14:43.017912',477,74,' [72 - 73]   .','  ','CONTRACT'),(_binary '\0','2025-04-07 03:15:17.498717',478,73,'    .  .','  ','CONTRACT'),(_binary '\0','2025-04-07 03:15:17.527197',479,73,'  .','  ','CONTRACT'),(_binary '\0','2025-04-07 03:15:17.776246',480,73,'  .','  ','CONTRACT'),(_binary '\0','2025-04-07 03:15:24.374963',481,73,'  .','  ','CONTRACT'),(_binary '\0','2025-04-07 03:26:17.307908',482,74,'  .','  ','CONTRACT'),(_binary '\0','2025-04-07 03:26:24.985781',483,74,'  .','  ','CONTRACT'),(_binary '\0','2025-04-07 03:40:01.972039',484,74,'  .','  ','CONTRACT'),(_binary '\0','2025-04-07 03:44:39.963739',485,267,'    .  .','  ','CONTRACT'),(_binary '\0','2025-04-07 03:44:39.986644',486,267,'  .','  ','CONTRACT'),(_binary '\0','2025-04-07 03:44:40.140122',487,267,'  .','  ','CONTRACT'),(_binary '\0','2025-04-07 03:45:06.145344',488,267,'  .','  ','CONTRACT'),(_binary '\0','2025-04-07 03:45:17.152728',489,267,'  .','  ','CONTRACT'),(_binary '\0','2025-04-07 03:45:18.422716',490,267,'       .','  ','RENT'),(_binary '\0','2025-04-07 03:45:18.547728',491,267,'      .','   !','CONTRACT'),(_binary '\0','2025-04-07 04:00:04.132861',492,95,' []   .',' ','GROUP'),(_binary '\0','2025-04-07 04:00:44.316561',493,95,'   .','   !','GROUP'),(_binary '\0','2025-04-07 04:00:48.667287',494,95,' []   .','  ','CONTRACT'),(_binary '\0','2025-04-07 04:00:48.681426',495,96,' []   .','  ','CONTRACT'),(_binary '\0','2025-04-07 04:02:17.107431',496,95,'    .  .','  ','CONTRACT'),(_binary '\0','2025-04-07 04:02:17.117867',497,96,'    .  .','  ','CONTRACT'),(_binary '\0','2025-04-07 04:02:17.139678',498,95,'  .','  ','CONTRACT'),(_binary '\0','2025-04-07 04:02:17.153617',499,96,'  .','  ','CONTRACT'),(_binary '\0','2025-04-07 04:02:17.248969',500,95,'  .','  ','CONTRACT'),(_binary '\0','2025-04-07 04:02:17.260285',501,96,'  .','  ','CONTRACT'),(_binary '\0','2025-04-07 04:05:09.831017',502,95,'  .','  ','CONTRACT'),(_binary '\0','2025-04-07 04:05:20.100226',503,96,'  .','  ','CONTRACT'),(_binary '\0','2025-04-07 04:05:21.286728',504,95,'       .','  ','RENT'),(_binary '\0','2025-04-07 04:05:21.323773',505,95,'      .','   !','CONTRACT'),(_binary '\0','2025-04-07 04:05:21.339110',506,96,'      .','   !','CONTRACT'),(_binary '\0','2025-04-07 04:05:22.049287',507,96,'       .','  ','RENT'),(_binary '\0','2025-04-07 04:05:22.848979',508,1,'       .','  ','RENT'),(_binary '\0','2025-04-07 04:14:26.206871',509,98,' []   .',' ','GROUP'),(_binary '\0','2025-04-07 04:15:53.440999',510,98,'   .','   !','GROUP'),(_binary '\0','2025-04-07 04:15:59.327895',511,98,' []   .','  ','CONTRACT'),(_binary '\0','2025-04-07 04:15:59.346546',512,97,' []   .','  ','CONTRACT'),(_binary '\0','2025-04-07 04:23:19.610821',513,98,'    .  .','  ','CONTRACT'),(_binary '\0','2025-04-07 04:23:19.628958',514,97,'    .  .','  ','CONTRACT'),(_binary '\0','2025-04-07 04:23:19.651074',515,98,'  .','  ','CONTRACT'),(_binary '\0','2025-04-07 04:23:19.668045',516,97,'  .','  ','CONTRACT'),(_binary '\0','2025-04-07 04:23:19.773625',517,98,'  .','  ','CONTRACT'),(_binary '\0','2025-04-07 04:23:19.788409',518,97,'  .','  ','CONTRACT'),(_binary '\0','2025-04-07 04:23:55.519245',519,98,'  .','  ','CONTRACT'),(_binary '\0','2025-04-07 04:23:55.534951',520,97,'  .','  ','CONTRACT'),(_binary '\0','2025-04-07 04:24:18.981606',521,97,'  .','  ','CONTRACT'),(_binary '\0','2025-04-07 04:24:43.932582',522,97,'    .  .','  ','CONTRACT'),(_binary '\0','2025-04-07 04:24:43.955799',523,98,'  .','  ','CONTRACT'),(_binary '\0','2025-04-07 04:24:43.970745',524,97,'  .','  ','CONTRACT'),(_binary '\0','2025-04-07 04:24:53.144223',525,97,'  .','  ','CONTRACT'),(_binary '\0','2025-04-07 04:25:21.189794',526,98,'  .','  ','CONTRACT'),(_binary '\0','2025-04-07 04:25:22.194977',527,98,'      .','   !','CONTRACT'),(_binary '\0','2025-04-07 04:25:22.207663',528,97,'      .','   !','CONTRACT'),(_binary '\0','2025-04-07 04:25:22.422007',529,98,'       .','  ','RENT'),(_binary '\0','2025-04-07 04:25:23.201864',530,1,'       .','  ','RENT'),(_binary '\0','2025-04-07 04:25:24.023937',531,97,'       .','  ','RENT'),(_binary '','2025-04-07 04:39:41.803201',532,46,'   .','  !','RULE'),(_binary '','2025-04-07 04:39:41.810580',533,47,'   .','  !','RULE'),(_binary '\0','2025-04-07 04:39:41.814236',534,48,'   .','  !','RULE'),(_binary '\0','2025-04-07 04:46:18.076225',535,99,' [146]   .',' ','GROUP'),(_binary '\0','2025-04-07 04:47:06.537794',536,99,'   .','   !','GROUP'),(_binary '\0','2025-04-07 04:47:12.803198',537,99,' [146]   .','  ','CONTRACT'),(_binary '\0','2025-04-07 04:47:12.820080',538,100,' [146]   .','  ','CONTRACT'),(_binary '\0','2025-04-07 04:49:54.196285',539,99,'    .  .','  ','CONTRACT'),(_binary '\0','2025-04-07 04:49:54.210742',540,100,'    .  .','  ','CONTRACT'),(_binary '\0','2025-04-07 04:49:54.235431',541,99,'  .','  ','CONTRACT'),(_binary '\0','2025-04-07 04:49:54.252230',542,100,'  .','  ','CONTRACT'),(_binary '\0','2025-04-07 04:49:54.354809',543,99,'  .','  ','CONTRACT'),(_binary '\0','2025-04-07 04:49:54.367757',544,100,'  .','  ','CONTRACT'),(_binary '\0','2025-04-07 04:50:17.293264',545,99,'  .','  ','CONTRACT'),(_binary '\0','2025-04-07 04:50:17.304256',546,100,'  .','  ','CONTRACT'),(_binary '\0','2025-04-07 04:50:59.435225',547,99,'  .','  ','CONTRACT'),(_binary '\0','2025-04-07 04:51:29.017250',548,99,'    .  .','  ','CONTRACT'),(_binary '\0','2025-04-07 04:51:29.037086',549,99,'  .','  ','CONTRACT'),(_binary '\0','2025-04-07 04:51:29.049844',550,100,'  .','  ','CONTRACT'),(_binary '\0','2025-04-07 04:51:45.636396',551,99,'  .','  ','CONTRACT'),(_binary '\0','2025-04-07 04:52:13.077452',552,100,'  .','  ','CONTRACT'),(_binary '\0','2025-04-07 04:57:49.659805',553,99,'     .','   !','CONTRACT'),(_binary '\0','2025-04-07 04:57:49.675950',554,100,'     .','   !','CONTRACT'),(_binary '\0','2025-04-07 04:57:50.090525',555,99,'      !','  !','RENT'),(_binary '\0','2025-04-07 04:59:06.802444',556,100,'      !','  !','RENT'),(_binary '\0','2025-04-07 05:00:00.016155',557,29,'1  \"string\"  .','[ ] string','DUTY'),(_binary '\0','2025-04-07 05:18:09.493005',558,105,' []   .',' ','GROUP'),(_binary '\0','2025-04-07 05:20:38.940578',559,106,' []   .','  ','CONTRACT'),(_binary '\0','2025-04-07 06:35:09.240964',560,28,'    .  .','  ','CONTRACT'),(_binary '\0','2025-04-07 06:35:09.258940',561,28,'  .','  ','CONTRACT'),(_binary '\0','2025-04-07 06:35:09.272422',562,29,'  .','  ','CONTRACT'),(_binary '','2025-04-07 07:28:34.889362',563,46,'    .','   !','RULE'),(_binary '','2025-04-07 07:28:34.901616',564,47,'    .','   !','RULE'),(_binary '\0','2025-04-07 07:28:34.904817',565,48,'    .','   !','RULE'),(_binary '\0','2025-04-07 07:37:11.853968',566,1,'   . .','   ','LIVING_BUDGET'),(_binary '\0','2025-04-07 07:39:25.426764',567,100,'   . .','   ','LIVING_BUDGET'),(_binary '\0','2025-04-07 07:39:25.442877',568,1,'   . .','   ','LIVING_BUDGET'),(_binary '\0','2025-04-07 07:49:54.499983',569,1,'       .','  ','RENT'),(_binary '\0','2025-04-07 07:50:14.444119',570,76,'Donghyun   .','   !','GROUP'),(_binary '\0','2025-04-07 07:52:11.779262',571,273,' []   .',' ','GROUP'),(_binary '\0','2025-04-07 07:52:12.186395',572,76,' [4 48  8]   .','  ','CONTRACT'),(_binary '\0','2025-04-07 07:52:23.675478',573,273,' []   .','  ','CONTRACT'),(_binary '\0','2025-04-07 07:52:40.540568',574,273,'    .  .','  ','CONTRACT'),(_binary '\0','2025-04-07 07:52:40.561555',575,273,'  .','  ','CONTRACT'),(_binary '\0','2025-04-07 07:52:40.774253',576,273,'  .','  ','CONTRACT'),(_binary '\0','2025-04-07 07:55:56.042580',577,273,'  .','  ','CONTRACT'),(_binary '\0','2025-04-07 07:57:08.671208',578,1,'   . .','   ','LIVING_BUDGET'),(_binary '\0','2025-04-07 07:57:31.133625',579,77,'    .  .','  ','CONTRACT'),(_binary '\0','2025-04-07 07:57:31.170644',580,77,'  .','  ','CONTRACT'),(_binary '\0','2025-04-07 07:57:31.312051',581,77,'  .','  ','CONTRACT'),(_binary '\0','2025-04-07 08:00:35.451340',582,77,'  .','  ','CONTRACT'),(_binary '\0','2025-04-07 08:03:37.419741',583,77,'  .','  ','CONTRACT'),(_binary '\0','2025-04-07 08:05:51.740227',584,273,'      .','   !','CONTRACT'),(_binary '\0','2025-04-07 08:14:00.267952',585,82,' [8]   .','  ','CONTRACT'),(_binary '\0','2025-04-07 08:34:32.574703',586,67,' [8]   .',' ','GROUP'),(_binary '\0','2025-04-07 08:35:18.979937',587,67,'Qwer   .','   !','GROUP'),(_binary '\0','2025-04-07 08:35:25.909473',588,67,' [8]   .','  ','CONTRACT'),(_binary '\0','2025-04-07 08:37:34.010490',589,67,'    .  .','  ','CONTRACT'),(_binary '\0','2025-04-07 08:37:34.034266',590,67,'  .','  ','CONTRACT'),(_binary '\0','2025-04-07 08:38:27.243905',591,67,'  .','  ','CONTRACT'),(_binary '\0','2025-04-07 08:39:14.545149',592,67,'  .','  ','CONTRACT'),(_binary '\0','2025-04-07 08:49:09.925612',593,67,'      .','   !','CONTRACT'),(_binary '\0','2025-04-07 09:12:36.433637',594,1,'      !','  !','RENT'),(_binary '\0','2025-04-07 09:13:23.949605',595,99,'    !','  !','RENT'),(_binary '\0','2025-04-07 09:13:23.967460',596,100,'    !','  !','RENT'),(_binary '\0','2025-04-07 09:13:25.494037',597,1,'       .','  ','RENT'),(_binary '\0','2025-04-07 09:13:26.253633',598,1,'       .','  ','RENT'),(_binary '\0','2025-04-07 09:27:14.143666',599,1,'       .','  ','RENT'),(_binary '\0','2025-04-07 11:13:18.548847',600,1,'      !','  !','RENT'),(_binary '\0','2025-04-07 11:27:06.893805',601,1,'      !','  !','RENT'),(_binary '\0','2025-04-07 11:28:19.408409',602,1,'   . .','   ','LIVING_BUDGET'),(_binary '\0','2025-04-07 14:23:43.041497',603,283,' [aaabbb]   .',' ','GROUP'),(_binary '\0','2025-04-07 14:24:36.178006',604,283,'   .','   !','GROUP'),(_binary '\0','2025-04-07 14:24:39.536911',605,283,' [aaabbb]   .','  ','CONTRACT'),(_binary '\0','2025-04-07 14:24:39.554410',606,284,' [aaabbb]   .','  ','CONTRACT'),(_binary '\0','2025-04-07 14:42:59.990761',607,283,'    .  .','  ','CONTRACT'),(_binary '\0','2025-04-07 14:43:00.007850',608,284,'    .  .','  ','CONTRACT'),(_binary '\0','2025-04-07 14:43:00.032127',609,283,'  .','  ','CONTRACT'),(_binary '\0','2025-04-07 14:43:00.045524',610,284,'  .','  ','CONTRACT'),(_binary '\0','2025-04-07 14:43:00.177266',611,283,'  .','  ','CONTRACT'),(_binary '\0','2025-04-07 14:43:00.193982',612,284,'  .','  ','CONTRACT'),(_binary '\0','2025-04-07 14:44:36.457681',613,284,'  .','  ','CONTRACT'),(_binary '\0','2025-04-07 14:45:16.381899',614,283,'  .','  ','CONTRACT'),(_binary '\0','2025-04-07 14:45:28.087419',615,283,'     .','   !','CONTRACT'),(_binary '\0','2025-04-07 16:20:48.434709',616,285,' []   .',' ','GROUP'),(_binary '\0','2025-04-07 16:21:49.109140',617,285,'   .','   !','GROUP'),(_binary '\0','2025-04-07 16:21:56.338238',618,285,' []   .','  ','CONTRACT'),(_binary '\0','2025-04-07 16:21:56.355161',619,286,' []   .','  ','CONTRACT'),(_binary '\0','2025-04-07 17:05:15.748740',620,1,' .','  ','LIVING_BUDGET'),(_binary '\0','2025-04-07 17:05:54.475102',621,1,' .','  ','LIVING_BUDGET'),(_binary '\0','2025-04-07 17:07:37.013637',622,1,' .','  ','LIVING_BUDGET'),(_binary '\0','2025-04-07 17:08:00.818210',623,1,' .','  ','LIVING_BUDGET'),(_binary '\0','2025-04-07 17:11:00.752677',624,1,' .','  ','LIVING_BUDGET'),(_binary '\0','2025-04-07 17:12:06.957008',625,1,' .','  ','LIVING_BUDGET'),(_binary '\0','2025-04-07 17:19:49.718875',626,1,' .','  ','LIVING_BUDGET'),(_binary '','2025-04-08 01:07:19.675578',627,46,'     .','  !','RULE'),(_binary '','2025-04-08 01:07:19.678440',628,47,'     .','  !','RULE'),(_binary '\0','2025-04-08 01:07:19.680699',629,48,'     .','  !','RULE'),(_binary '\0','2025-04-08 01:16:15.284382',630,110,' [8]   .','  ','CONTRACT'),(_binary '\0','2025-04-08 01:18:53.369971',631,110,'    .  .','  ','CONTRACT'),(_binary '\0','2025-04-08 01:18:53.395397',632,110,'  .','  ','CONTRACT'),(_binary '\0','2025-04-08 01:18:53.502016',633,110,'  .','  ','CONTRACT'),(_binary '\0','2025-04-08 01:19:24.961171',634,110,'  .','  ','CONTRACT'),(_binary '\0','2025-04-08 01:19:34.386449',635,110,'     .','   !','CONTRACT'),(_binary '\0','2025-04-08 01:19:41.733885',636,110,'      !','  !','RENT'),(_binary '\0','2025-04-08 01:19:49.109213',637,1,'      !','  !','RENT'),(_binary '','2025-04-08 01:29:51.058929',638,46,'    .','   !','RULE'),(_binary '','2025-04-08 01:29:51.065518',639,47,'    .','   !','RULE'),(_binary '\0','2025-04-08 01:29:51.069497',640,48,'    .','   !','RULE'),(_binary '','2025-04-08 01:32:35.482185',641,46,'   .',' !','RULE'),(_binary '','2025-04-08 01:32:35.484739',642,47,'   .',' !','RULE'),(_binary '\0','2025-04-08 01:32:35.487375',643,48,'   .',' !','RULE'),(_binary '','2025-04-08 01:33:18.883288',644,46,'    .','   !','RULE'),(_binary '','2025-04-08 01:33:18.885458',645,47,'    .','   !','RULE'),(_binary '\0','2025-04-08 01:33:18.887830',646,48,'    .','   !','RULE'),(_binary '','2025-04-08 01:33:28.600604',647,112,' [9 ]   .',' ','GROUP'),(_binary '','2025-04-08 01:33:53.106541',648,112,'   .','   !','GROUP'),(_binary '','2025-04-08 01:33:56.283335',649,46,'     .','  !','RULE'),(_binary '','2025-04-08 01:33:56.286197',650,47,'     .','  !','RULE'),(_binary '\0','2025-04-08 01:33:56.288225',651,48,'     .','  !','RULE'),(_binary '','2025-04-08 01:33:58.959756',652,112,' [9 ]   .','  ','CONTRACT'),(_binary '','2025-04-08 01:40:27.584999',653,112,'    .  .','  ','CONTRACT'),(_binary '','2025-04-08 01:40:27.614408',654,112,'  .','  ','CONTRACT'),(_binary '','2025-04-08 01:40:27.725895',655,112,'  .','  ','CONTRACT'),(_binary '','2025-04-08 01:40:38.422770',656,112,'  .','  ','CONTRACT'),(_binary '','2025-04-08 01:40:53.499129',657,112,'     .','   !','CONTRACT'),(_binary '','2025-04-08 01:43:06.757536',658,112,' [ ]  .','  ','DUTY'),(_binary '','2025-04-08 01:43:50.968113',659,112,' []  .','  ','DUTY'),(_binary '','2025-04-08 01:44:33.209475',660,112,' [ ]   .',' ','DUTY'),(_binary '','2025-04-08 01:46:18.908969',661,112,' []  .','  ','DUTY'),(_binary '','2025-04-08 01:46:20.973274',662,112,' [12   !]  .','  ','DUTY'),(_binary '','2025-04-08 01:47:46.029193',663,46,'    .','   !','RULE'),(_binary '','2025-04-08 01:47:46.032470',664,47,'    .','   !','RULE'),(_binary '\0','2025-04-08 01:47:46.035134',665,48,'    .','   !','RULE'),(_binary '','2025-04-08 01:49:37.718359',666,46,'   .',' !','RULE'),(_binary '','2025-04-08 01:49:37.720916',667,47,'   .',' !','RULE'),(_binary '\0','2025-04-08 01:49:37.722433',668,48,'   .',' !','RULE'),(_binary '','2025-04-08 01:50:01.756190',669,112,' []  .',' ','DUTY'),(_binary '\0','2025-04-08 01:52:03.669669',670,1,'   . .','   ','LIVING_BUDGET'),(_binary '','2025-04-08 01:52:37.898190',671,46,'    .','   !','RULE'),(_binary '','2025-04-08 01:52:37.900451',672,47,'    .','   !','RULE'),(_binary '\0','2025-04-08 01:52:37.902517',673,48,'    .','   !','RULE'),(_binary '','2025-04-08 02:07:13.275731',674,112,' [UTC+9   ]  .','  ','DUTY'),(_binary '','2025-04-08 02:08:58.224764',675,46,'     .','  !','RULE'),(_binary '','2025-04-08 02:08:58.227316',676,47,'     .','  !','RULE'),(_binary '\0','2025-04-08 02:08:58.229893',677,48,'     .','  !','RULE'),(_binary '','2025-04-08 02:17:50.902918',678,46,'    .','   !','RULE'),(_binary '','2025-04-08 02:17:50.910149',679,47,'    .','   !','RULE'),(_binary '\0','2025-04-08 02:17:50.913241',680,48,'    .','   !','RULE'),(_binary '','2025-04-08 02:18:38.751837',681,46,'     .','  !','RULE'),(_binary '','2025-04-08 02:18:38.753810',682,47,'     .','  !','RULE'),(_binary '\0','2025-04-08 02:18:38.755580',683,48,'     .','  !','RULE'),(_binary '','2025-04-08 02:21:58.359319',684,46,'    .','   !','RULE'),(_binary '','2025-04-08 02:21:58.362173',685,47,'    .','   !','RULE'),(_binary '\0','2025-04-08 02:21:58.364886',686,48,'    .','   !','RULE'),(_binary '','2025-04-08 02:24:05.681640',687,46,'   .',' !','RULE'),(_binary '','2025-04-08 02:24:05.683522',688,47,'   .',' !','RULE'),(_binary '\0','2025-04-08 02:24:05.685612',689,48,'   .',' !','RULE'),(_binary '','2025-04-08 02:29:13.502395',690,46,'    .','   !','RULE'),(_binary '','2025-04-08 02:29:13.506765',691,47,'    .','   !','RULE'),(_binary '\0','2025-04-08 02:29:13.508840',692,48,'    .','   !','RULE'),(_binary '','2025-04-08 02:29:39.733922',693,46,'     .','  !','RULE'),(_binary '','2025-04-08 02:29:39.736236',694,47,'     .','  !','RULE'),(_binary '\0','2025-04-08 02:29:39.739133',695,48,'     .','  !','RULE'),(_binary '','2025-04-08 02:30:09.492157',696,46,'    .','   !','RULE'),(_binary '','2025-04-08 02:30:09.495070',697,47,'    .','   !','RULE'),(_binary '\0','2025-04-08 02:30:09.496741',698,48,'    .','   !','RULE'),(_binary '','2025-04-08 02:30:50.903496',699,46,'   .',' !','RULE'),(_binary '','2025-04-08 02:30:50.906620',700,47,'   .',' !','RULE'),(_binary '\0','2025-04-08 02:30:50.908577',701,48,'   .',' !','RULE'),(_binary '','2025-04-08 02:32:24.945366',702,112,' [   1]  .','  ','DUTY'),(_binary '','2025-04-08 02:33:02.146331',703,46,'    .','   !','RULE'),(_binary '','2025-04-08 02:33:02.149087',704,47,'    .','   !','RULE'),(_binary '\0','2025-04-08 02:33:02.152216',705,48,'    .','   !','RULE'),(_binary '','2025-04-08 02:33:37.382093',706,46,'   .',' !','RULE'),(_binary '','2025-04-08 02:33:37.384105',707,47,'   .',' !','RULE'),(_binary '\0','2025-04-08 02:33:37.387546',708,48,'   .',' !','RULE'),(_binary '','2025-04-08 02:54:25.007069',709,46,'    .','   !','RULE'),(_binary '','2025-04-08 02:54:25.009788',710,47,'    .','   !','RULE'),(_binary '\0','2025-04-08 02:54:25.011991',711,48,'    .','   !','RULE'),(_binary '','2025-04-08 02:55:07.831702',712,46,'   .',' !','RULE'),(_binary '','2025-04-08 02:55:07.834647',713,47,'   .',' !','RULE'),(_binary '\0','2025-04-08 02:55:07.836872',714,48,'   .',' !','RULE'),(_binary '','2025-04-08 02:55:28.222052',715,46,'    .','   !','RULE'),(_binary '','2025-04-08 02:55:28.224889',716,47,'    .','   !','RULE'),(_binary '\0','2025-04-08 02:55:28.226988',717,48,'    .','   !','RULE'),(_binary '\0','2025-04-08 02:58:26.557769',718,258,' [ 2 ]  .','  ','DUTY'),(_binary '\0','2025-04-08 02:59:32.765404',719,258,' [ 2 ]  .','  ','DUTY'),(_binary '\0','2025-04-08 03:00:10.839188',720,258,' [ 9 ]  .','  ','DUTY'),(_binary '\0','2025-04-08 03:11:57.066553',721,258,' [ 10 ]  .','  ','DUTY'),(_binary '\0','2025-04-08 03:16:05.804208',722,258,' [ 5 ]  .','  ','DUTY'),(_binary '\0','2025-04-08 03:41:49.712827',723,258,' [ 2 ]  .',' ','DUTY'),(_binary '\0','2025-04-08 03:42:04.300533',724,258,' [ 2 ]  .','  ','DUTY'),(_binary '','2025-04-08 03:52:22.194762',725,46,' [ 9]  .','  ','DUTY'),(_binary '','2025-04-08 04:04:55.908116',726,46,'   .',' !','RULE'),(_binary '','2025-04-08 04:04:55.910762',727,47,'   .',' !','RULE'),(_binary '\0','2025-04-08 04:04:55.912234',728,48,'   .',' !','RULE'),(_binary '','2025-04-08 04:06:44.908456',729,46,'    .','   !','RULE'),(_binary '','2025-04-08 04:06:44.910697',730,47,'    .','   !','RULE'),(_binary '\0','2025-04-08 04:06:44.913884',731,48,'    .','   !','RULE'),(_binary '','2025-04-08 04:07:19.069448',732,46,'   .',' !','RULE'),(_binary '','2025-04-08 04:07:19.071541',733,47,'   .',' !','RULE'),(_binary '\0','2025-04-08 04:07:19.074243',734,48,'   .',' !','RULE'),(_binary '','2025-04-08 04:07:51.248139',735,46,'    .','   !','RULE'),(_binary '','2025-04-08 04:07:51.250825',736,47,'    .','   !','RULE'),(_binary '\0','2025-04-08 04:07:51.252762',737,48,'    .','   !','RULE'),(_binary '\0','2025-04-08 04:32:09.156684',738,48,' .','  ','LIVING_BUDGET'),(_binary '\0','2025-04-08 04:32:09.170633',739,1,' .','  ','LIVING_BUDGET'),(_binary '\0','2025-04-08 04:40:54.769643',740,111,'',' !','RENT'),(_binary '','2025-04-08 04:43:23.791003',741,112,' [143 ]  .','  ','DUTY'),(_binary '','2025-04-08 04:48:00.943189',742,112,' [147 ]  .','  ','DUTY'),(_binary '\0','2025-04-08 04:48:00.956807',743,111,' [147 ]  .','  ','DUTY'),(_binary '\0','2025-04-08 04:49:21.591526',744,111,' [149]  .','  ','DUTY'),(_binary '','2025-04-08 04:49:21.604626',745,112,' [149]  .','  ','DUTY'),(_binary '','2025-04-08 04:50:02.307879',746,112,' [150]  .','  ','DUTY'),(_binary '\0','2025-04-08 04:50:02.320251',747,111,' [150]  .','  ','DUTY'),(_binary '','2025-04-08 04:50:56.326472',748,112,' [150]  .','  ','DUTY'),(_binary '\0','2025-04-08 04:58:47.116454',749,48,' .','  ','LIVING_BUDGET'),(_binary '\0','2025-04-08 04:58:47.127182',750,1,' .','  ','LIVING_BUDGET'),(_binary '\0','2025-04-08 05:54:37.596346',751,287,' [newnew]   .',' ','GROUP'),(_binary '\0','2025-04-08 05:55:26.527415',752,288,' [newnew]   .','  ','CONTRACT'),(_binary '\0','2025-04-08 06:04:31.585260',753,287,'    .  .','  ','CONTRACT'),(_binary '\0','2025-04-08 06:04:31.613461',754,287,'  .','  ','CONTRACT'),(_binary '\0','2025-04-08 06:04:32.615102',755,287,'  .','  ','CONTRACT'),(_binary '\0','2025-04-08 06:04:37.081138',756,287,'  .','  ','CONTRACT'),(_binary '\0','2025-04-08 06:07:03.100540',757,288,'  .','  ','CONTRACT'),(_binary '\0','2025-04-08 06:07:08.562135',758,288,'     .','   !','CONTRACT'),(_binary '\0','2025-04-08 06:23:48.104141',759,288,'   . .','   ','LIVING_BUDGET'),(_binary '\0','2025-04-08 06:23:48.119781',760,1,'   . .','   ','LIVING_BUDGET'),(_binary '\0','2025-04-08 06:25:34.314931',761,290,' []   .',' ','GROUP'),(_binary '\0','2025-04-08 06:25:38.703039',762,290,' []   .','  ','CONTRACT'),(_binary '\0','2025-04-08 06:26:01.223025',763,290,'    .  .','  ','CONTRACT'),(_binary '\0','2025-04-08 06:26:01.238772',764,290,'  .','  ','CONTRACT'),(_binary '\0','2025-04-08 06:26:01.391190',765,290,'  .','  ','CONTRACT'),(_binary '\0','2025-04-08 06:26:05.138929',766,290,'  .','  ','CONTRACT'),(_binary '\0','2025-04-08 06:26:13.569433',767,290,'     .','   !','CONTRACT'),(_binary '\0','2025-04-08 06:31:23.765979',768,291,' []   .',' ','GROUP'),(_binary '\0','2025-04-08 06:31:26.154654',769,291,' []   .','  ','CONTRACT'),(_binary '\0','2025-04-08 06:33:03.997641',770,292,' [df]   .',' ','GROUP'),(_binary '\0','2025-04-08 06:33:07.146455',771,292,' [df]   .','  ','CONTRACT'),(_binary '\0','2025-04-08 06:33:43.929495',772,292,'    .  .','  ','CONTRACT'),(_binary '\0','2025-04-08 06:33:43.949583',773,292,'  .','  ','CONTRACT'),(_binary '\0','2025-04-08 06:33:44.136649',774,292,'  .','  ','CONTRACT'),(_binary '\0','2025-04-08 06:33:48.051965',775,292,'  .','  ','CONTRACT'),(_binary '\0','2025-04-08 06:33:56.518061',776,292,'     .','   !','CONTRACT'),(_binary '','2025-04-08 06:36:37.471917',777,46,'   .',' !','RULE'),(_binary '','2025-04-08 06:36:37.503171',778,47,'   .',' !','RULE'),(_binary '\0','2025-04-08 06:36:37.506272',779,48,'   .',' !','RULE'),(_binary '','2025-04-08 06:37:10.763436',780,46,'    .','   !','RULE'),(_binary '','2025-04-08 06:37:10.765544',781,47,'    .','   !','RULE'),(_binary '\0','2025-04-08 06:37:10.767143',782,48,'    .','   !','RULE'),(_binary '','2025-04-08 06:37:33.811402',783,46,'     .','  !','RULE'),(_binary '','2025-04-08 06:37:33.813353',784,47,'     .','  !','RULE'),(_binary '\0','2025-04-08 06:37:33.815549',785,48,'     .','  !','RULE'),(_binary '','2025-04-08 06:38:34.278473',786,46,'    .','   !','RULE'),(_binary '','2025-04-08 06:38:34.281020',787,47,'    .','   !','RULE'),(_binary '\0','2025-04-08 06:38:34.282776',788,48,'    .','   !','RULE'),(_binary '','2025-04-08 06:40:51.319666',789,46,'   .',' !','RULE'),(_binary '','2025-04-08 06:40:51.327937',790,47,'   .',' !','RULE'),(_binary '\0','2025-04-08 06:40:51.331766',791,48,'   .',' !','RULE'),(_binary '','2025-04-08 06:42:14.419192',792,46,'    .','   !','RULE'),(_binary '','2025-04-08 06:42:14.421623',793,47,'    .','   !','RULE'),(_binary '\0','2025-04-08 06:42:14.424474',794,48,'    .','   !','RULE'),(_binary '','2025-04-08 06:42:52.546616',795,46,'   .',' !','RULE'),(_binary '','2025-04-08 06:42:52.549237',796,47,'   .',' !','RULE'),(_binary '\0','2025-04-08 06:42:52.551100',797,48,'   .',' !','RULE'),(_binary '\0','2025-04-08 07:01:00.568183',798,293,' [ ]   .',' ','GROUP'),(_binary '\0','2025-04-08 07:03:23.804857',799,293,'   .','   !','GROUP'),(_binary '\0','2025-04-08 07:03:39.394220',800,293,' [ ]   .','  ','CONTRACT'),(_binary '\0','2025-04-08 07:03:39.407771',801,294,' [ ]   .','  ','CONTRACT'),(_binary '','2025-04-08 07:11:38.577330',802,46,'    .','   !','RULE'),(_binary '','2025-04-08 07:11:38.581056',803,47,'    .','   !','RULE'),(_binary '\0','2025-04-08 07:11:38.582997',804,48,'    .','   !','RULE'),(_binary '','2025-04-08 07:15:27.941960',805,46,'   .',' !','RULE'),(_binary '','2025-04-08 07:15:27.944250',806,47,'   .',' !','RULE'),(_binary '\0','2025-04-08 07:15:27.946542',807,48,'   .',' !','RULE'),(_binary '','2025-04-08 07:17:04.312281',808,46,'    .','   !','RULE'),(_binary '','2025-04-08 07:17:04.314120',809,47,'    .','   !','RULE'),(_binary '\0','2025-04-08 07:17:04.315628',810,48,'    .','   !','RULE'),(_binary '','2025-04-08 07:17:47.939658',811,46,'     .','  !','RULE'),(_binary '','2025-04-08 07:17:47.941764',812,47,'     .','  !','RULE'),(_binary '\0','2025-04-08 07:17:47.943455',813,48,'     .','  !','RULE'),(_binary '\0','2025-04-08 07:26:06.454686',814,295,' []   .',' ','GROUP'),(_binary '\0','2025-04-08 08:53:32.689171',815,111,' [7]  .','  ','DUTY'),(_binary '\0','2025-04-08 09:00:32.495406',816,109,'    !','  !','RENT'),(_binary '\0','2025-04-08 09:01:10.119438',817,1,'      !','  !','RENT'),(_binary '\0','2025-04-08 09:01:17.501764',818,111,'      !','  !','RENT'),(_binary '','2025-04-08 09:27:47.457464',819,112,' [ 8 ]  .','  ','DUTY'),(_binary '\0','2025-04-08 09:27:47.479417',820,111,' [ 8 ]  .','  ','DUTY'),(_binary '\0','2025-04-08 10:07:52.450145',821,296,' []   .',' ','GROUP'),(_binary '\0','2025-04-08 10:07:58.562856',822,296,' []   .','  ','CONTRACT'),(_binary '\0','2025-04-08 10:08:16.471857',823,296,'    .  .','  ','CONTRACT'),(_binary '\0','2025-04-08 10:08:16.491348',824,296,'  .','  ','CONTRACT'),(_binary '\0','2025-04-08 10:08:17.078178',825,296,'  .','  ','CONTRACT'),(_binary '\0','2025-04-08 10:13:06.661494',826,296,'  .','  ','CONTRACT'),(_binary '','2025-04-08 10:47:30.352367',827,112,' [ 9 ]  .','  ','DUTY'),(_binary '\0','2025-04-08 10:47:30.366745',828,111,' [ 9 ]  .','  ','DUTY'),(_binary '\0','2025-04-08 11:00:00.028291',829,111,'1  \"UTC+9   \"  .','[ ] UTC+9   ','DUTY'),(_binary '\0','2025-04-08 11:00:00.080834',830,111,'1  \" 9 \"  .','[ ]  9 ','DUTY'),(_binary '\0','2025-04-08 22:11:25.536320',831,297,' []   .',' ','GROUP'),(_binary '\0','2025-04-08 22:13:31.754108',832,297,'   .','   !','GROUP'),(_binary '\0','2025-04-08 22:25:55.394830',833,297,'   .','   !','GROUP'),(_binary '\0','2025-04-08 22:25:55.410483',834,298,'   .','   !','GROUP'),(_binary '\0','2025-04-08 22:25:58.684562',835,297,' []   .','  ','CONTRACT'),(_binary '\0','2025-04-08 22:25:58.700575',836,298,' []   .','  ','CONTRACT'),(_binary '\0','2025-04-08 22:25:58.713861',837,299,' []   .','  ','CONTRACT'),(_binary '','2025-04-09 01:00:00.036647',838,46,'1  \" \"  .','[ ]  ','DUTY'),(_binary '','2025-04-09 01:12:36.275207',839,47,' .','  ','LIVING_BUDGET'),(_binary '\0','2025-04-09 01:12:36.291073',840,48,' .','  ','LIVING_BUDGET'),(_binary '\0','2025-04-09 01:12:36.306689',841,1,' .','  ','LIVING_BUDGET'),(_binary '','2025-04-09 01:14:45.997999',842,112,' []  .','  ','DUTY'),(_binary '\0','2025-04-09 01:14:46.011269',843,111,' []  .','  ','DUTY'),(_binary '\0','2025-04-09 02:17:28.291974',844,112,' [ ]  .','  ','DUTY'),(_binary '\0','2025-04-09 02:17:28.306004',845,111,' [ ]  .','  ','DUTY'),(_binary '\0','2025-04-09 02:17:29.495041',846,112,' [ ]  .','  ','DUTY'),(_binary '\0','2025-04-09 02:17:29.507808',847,111,' [ ]  .','  ','DUTY'),(_binary '\0','2025-04-09 02:17:49.443886',848,112,' [ ]   .',' ','DUTY'),(_binary '\0','2025-04-09 02:17:49.461788',849,111,' [ ]   .',' ','DUTY'),(_binary '','2025-04-09 02:46:23.751716',850,300,' []   .',' ','GROUP'),(_binary '','2025-04-09 02:47:08.118355',851,300,'   .','   !','GROUP'),(_binary '','2025-04-09 02:47:13.513274',852,300,' []   .','  ','CONTRACT'),(_binary '','2025-04-09 02:47:13.528252',853,301,' []   .','  ','CONTRACT'),(_binary '','2025-04-09 02:49:26.124329',854,300,'    .  .','  ','CONTRACT'),(_binary '','2025-04-09 02:49:26.141741',855,301,'    .  .','  ','CONTRACT'),(_binary '','2025-04-09 02:49:26.162643',856,300,'  .','  ','CONTRACT'),(_binary '','2025-04-09 02:49:26.173817',857,301,'  .','  ','CONTRACT'),(_binary '','2025-04-09 02:49:26.264108',858,300,'  .','  ','CONTRACT'),(_binary '','2025-04-09 02:49:26.275343',859,301,'  .','  ','CONTRACT'),(_binary '','2025-04-09 02:49:35.833662',860,301,'  .','  ','CONTRACT'),(_binary '','2025-04-09 02:50:07.589222',861,301,'    .  .','  ','CONTRACT'),(_binary '','2025-04-09 02:50:07.608276',862,300,'  .','  ','CONTRACT'),(_binary '','2025-04-09 02:50:07.623792',863,301,'  .','  ','CONTRACT'),(_binary '','2025-04-09 02:50:17.724368',864,301,'  .','  ','CONTRACT'),(_binary '','2025-04-09 02:50:33.547860',865,300,'  .','  ','CONTRACT'),(_binary '','2025-04-09 02:50:41.915625',866,300,'     .','   !','CONTRACT'),(_binary '','2025-04-09 02:50:41.929745',867,301,'     .','   !','CONTRACT'),(_binary '','2025-04-09 02:51:11.616497',868,300,'   .','  !','RULE'),(_binary '','2025-04-09 02:51:11.619482',869,301,'   .','  !','RULE'),(_binary '','2025-04-09 02:51:23.110704',870,300,'    .','   !','RULE'),(_binary '','2025-04-09 02:51:23.113840',871,301,'    .','   !','RULE'),(_binary '','2025-04-09 02:51:50.157212',872,300,'   .',' !','RULE'),(_binary '','2025-04-09 02:51:50.160575',873,301,'   .',' !','RULE'),(_binary '','2025-04-09 02:53:03.139222',874,300,' [6  ]  .','  ','DUTY'),(_binary '','2025-04-09 02:53:03.154050',875,301,' [6  ]  .','  ','DUTY'),(_binary '','2025-04-09 02:53:21.763211',876,301,' []  .','  ','DUTY'),(_binary '','2025-04-09 03:26:16.687947',877,300,' [6  ]  .',' ','DUTY'),(_binary '','2025-04-09 03:26:16.704053',878,301,' [6  ]  .',' ','DUTY'),(_binary '','2025-04-09 03:26:25.719934',879,301,' []   .',' ','DUTY'),(_binary '','2025-04-09 03:26:26.356237',880,301,' []   .',' ','DUTY'),(_binary '','2025-04-09 03:26:33.245881',881,301,' []   .',' ','DUTY'),(_binary '','2025-04-09 03:26:38.015152',882,301,' []   .',' ','DUTY'),(_binary '','2025-04-09 03:32:18.041275',883,46,'    .','   !','RULE'),(_binary '','2025-04-09 03:32:18.044318',884,47,'    .','   !','RULE'),(_binary '\0','2025-04-09 03:32:18.047057',885,48,'    .','   !','RULE'),(_binary '','2025-04-09 03:41:32.412172',886,46,'   .',' !','RULE'),(_binary '','2025-04-09 03:41:32.414540',887,47,'   .',' !','RULE'),(_binary '\0','2025-04-09 03:41:32.416416',888,48,'   .',' !','RULE'),(_binary '','2025-04-09 03:41:48.906230',889,46,'    .','   !','RULE'),(_binary '','2025-04-09 03:41:48.907968',890,47,'    .','   !','RULE'),(_binary '\0','2025-04-09 03:41:48.910418',891,48,'    .','   !','RULE'),(_binary '\0','2025-04-09 03:43:12.399461',892,28,'  .','  ','CONTRACT'),(_binary '\0','2025-04-09 03:44:31.652492',893,29,'  .','  ','CONTRACT'),(_binary '\0','2025-04-09 03:44:40.074913',894,28,'      .','   !','CONTRACT'),(_binary '\0','2025-04-09 03:44:40.090162',895,29,'      .','   !','CONTRACT'),(_binary '\0','2025-04-09 03:44:53.304788',896,28,'   .',' !','RULE'),(_binary '\0','2025-04-09 03:44:53.307375',897,29,'   .',' !','RULE'),(_binary '\0','2025-04-09 03:46:55.519231',898,28,'    .','   !','RULE'),(_binary '\0','2025-04-09 03:46:55.521308',899,29,'    .','   !','RULE'),(_binary '','2025-04-09 03:49:09.649368',900,300,' [1]  .','  ','DUTY'),(_binary '','2025-04-09 03:49:09.663822',901,301,' [1]  .','  ','DUTY'),(_binary '','2025-04-09 03:49:30.159829',902,301,' [2]   .',' ','DUTY'),(_binary '','2025-04-09 03:49:37.935747',903,301,' [2]   .',' ','DUTY'),(_binary '','2025-04-09 03:49:50.401227',904,301,' [2]   .',' ','DUTY'),(_binary '','2025-04-09 03:50:18.013868',905,300,' [9]  .','  ','DUTY'),(_binary '','2025-04-09 03:50:18.025333',906,301,' [9]  .','  ','DUTY'),(_binary '','2025-04-09 03:50:48.484123',907,300,' []  .','  ','DUTY'),(_binary '','2025-04-09 03:50:48.498316',908,301,' []  .','  ','DUTY'),(_binary '','2025-04-09 03:51:22.933811',909,300,' []   .',' ','DUTY'),(_binary '','2025-04-09 03:58:41.067338',910,300,'    .','   !','RULE'),(_binary '','2025-04-09 03:58:41.069272',911,301,'    .','   !','RULE'),(_binary '','2025-04-09 04:06:52.399812',912,300,'   .',' !','RULE'),(_binary '','2025-04-09 04:06:52.401408',913,301,'   .',' !','RULE'),(_binary '','2025-04-09 04:07:29.082415',914,300,'    .','   !','RULE'),(_binary '','2025-04-09 04:07:29.084729',915,301,'    .','   !','RULE'),(_binary '','2025-04-09 04:22:32.027782',916,300,'   .','  !','RULE'),(_binary '','2025-04-09 04:22:32.035271',917,301,'   .','  !','RULE'),(_binary '','2025-04-09 04:23:23.755139',918,300,'    .','    !','RULE'),(_binary '','2025-04-09 04:23:23.759500',919,301,'    .','    !','RULE'),(_binary '','2025-04-09 04:24:35.744381',920,300,'     .','   !','RULE'),(_binary '','2025-04-09 04:24:35.747605',921,301,'     .','   !','RULE'),(_binary '','2025-04-09 04:25:15.451213',922,300,'    .','    !','RULE'),(_binary '','2025-04-09 04:25:15.456071',923,301,'    .','    !','RULE'),(_binary '\0','2025-04-09 04:39:39.113855',924,113,' [10]   .',' ','GROUP'),(_binary '','2025-04-09 04:57:04.246286',925,303,' []   .',' ','GROUP'),(_binary '','2025-04-09 04:57:33.631361',926,303,'4   .','   !','GROUP'),(_binary '','2025-04-09 04:57:43.486637',927,303,' []   .','  ','CONTRACT'),(_binary '','2025-04-09 04:57:43.504424',928,304,' []   .','  ','CONTRACT'),(_binary '','2025-04-09 05:00:19.156330',929,303,'    .  .','  ','CONTRACT'),(_binary '','2025-04-09 05:00:19.170637',930,304,'    .  .','  ','CONTRACT'),(_binary '','2025-04-09 05:00:19.188574',931,303,'  .','  ','CONTRACT'),(_binary '','2025-04-09 05:00:19.201070',932,304,'  .','  ','CONTRACT'),(_binary '','2025-04-09 05:00:19.443155',933,303,'  .','  ','CONTRACT'),(_binary '','2025-04-09 05:00:19.457815',934,304,'  .','  ','CONTRACT'),(_binary '','2025-04-09 05:00:22.273655',935,303,'  .','  ','CONTRACT'),(_binary '','2025-04-09 05:01:43.917790',936,303,'    .  .','  ','CONTRACT'),(_binary '','2025-04-09 05:01:43.939167',937,303,'  .','  ','CONTRACT'),(_binary '','2025-04-09 05:01:43.950874',938,304,'  .','  ','CONTRACT'),(_binary '','2025-04-09 05:01:55.740230',939,304,'  .','  ','CONTRACT'),(_binary '','2025-04-09 05:02:09.314279',940,303,'  .','  ','CONTRACT'),(_binary '','2025-04-09 05:02:16.793778',941,303,'   .','   !','RULE'),(_binary '','2025-04-09 05:02:16.796816',942,304,'   .','   !','RULE'),(_binary '','2025-04-09 05:02:18.048573',943,303,'     .','   !','CONTRACT'),(_binary '','2025-04-09 05:02:18.061381',944,304,'     .','   !','CONTRACT'),(_binary '','2025-04-09 05:02:41.987069',945,303,'    .','    !','RULE'),(_binary '','2025-04-09 05:02:41.988919',946,304,'    .','    !','RULE'),(_binary '','2025-04-09 05:08:36.531553',947,303,'   .','  !','RULE'),(_binary '','2025-04-09 05:08:36.534544',948,304,'   .','  !','RULE'),(_binary '','2025-04-09 05:09:19.309509',949,303,'    .','    !','RULE'),(_binary '','2025-04-09 05:09:19.313345',950,304,'    .','    !','RULE'),(_binary '','2025-04-09 05:09:39.762149',951,303,'   .','  !','RULE'),(_binary '','2025-04-09 05:09:39.764377',952,304,'   .','  !','RULE'),(_binary '','2025-04-09 05:20:31.067288',953,303,'    .','    !','RULE'),(_binary '','2025-04-09 05:20:31.070207',954,304,'    .','    !','RULE'),(_binary '','2025-04-09 05:21:47.141255',955,303,'   .','  !','RULE'),(_binary '','2025-04-09 05:21:47.144764',956,304,'   .','  !','RULE'),(_binary '','2025-04-09 05:27:21.630135',957,305,' []   .',' ','GROUP'),(_binary '','2025-04-09 05:31:44.822268',958,305,'   .','   !','GROUP'),(_binary '','2025-04-09 05:33:15.954559',959,305,'   .','   !','GROUP'),(_binary '','2025-04-09 05:33:15.970716',960,306,'   .','   !','GROUP'),(_binary '','2025-04-09 05:33:23.030500',961,305,' []   .','  ','CONTRACT'),(_binary '','2025-04-09 05:33:23.052847',962,306,' []   .','  ','CONTRACT'),(_binary '\0','2025-04-09 05:33:23.068396',963,302,' []   .','  ','CONTRACT'),(_binary '','2025-04-09 05:37:09.148329',964,303,' [ 4 ]  .','  ','DUTY'),(_binary '','2025-04-09 05:37:09.170357',965,304,' [ 4 ]  .','  ','DUTY'),(_binary '','2025-04-09 05:37:48.022789',966,303,' [ ]  .','  ','DUTY'),(_binary '','2025-04-09 05:38:39.728976',967,303,'    .','    !','RULE'),(_binary '','2025-04-09 05:38:39.731861',968,304,'    .','    !','RULE'),(_binary '','2025-04-09 05:46:07.695041',969,303,'   .','  !','RULE'),(_binary '','2025-04-09 05:46:07.697710',970,304,'   .','  !','RULE'),(_binary '','2025-04-09 05:48:46.494349',971,305,'    .  .','  ','CONTRACT'),(_binary '','2025-04-09 05:48:46.506831',972,306,'    .  .','  ','CONTRACT'),(_binary '\0','2025-04-09 05:48:46.519700',973,302,'    .  .','  ','CONTRACT'),(_binary '','2025-04-09 05:48:46.541031',974,305,'  .','  ','CONTRACT'),(_binary '','2025-04-09 05:48:46.558507',975,306,'  .','  ','CONTRACT'),(_binary '\0','2025-04-09 05:48:46.571782',976,302,'  .','  ','CONTRACT'),(_binary '','2025-04-09 05:48:46.748453',977,305,'  .','  ','CONTRACT'),(_binary '','2025-04-09 05:48:46.763087',978,306,'  .','  ','CONTRACT'),(_binary '\0','2025-04-09 05:48:46.777271',979,302,'  .','  ','CONTRACT'),(_binary '','2025-04-09 05:48:55.568564',980,303,'    .','    !','RULE'),(_binary '','2025-04-09 05:48:55.571374',981,304,'    .','    !','RULE'),(_binary '','2025-04-09 05:50:02.515580',982,303,'   .','  !','RULE'),(_binary '','2025-04-09 05:50:02.517476',983,304,'   .','  !','RULE'),(_binary '','2025-04-09 05:54:33.405602',984,305,'  .','  ','CONTRACT'),(_binary '','2025-04-09 05:54:33.422418',985,306,'  .','  ','CONTRACT'),(_binary '\0','2025-04-09 05:54:33.435095',986,302,'  .','  ','CONTRACT'),(_binary '','2025-04-09 05:56:42.928104',987,305,'  .','  ','CONTRACT'),(_binary '','2025-04-09 05:56:42.943243',988,306,'  .','  ','CONTRACT'),(_binary '\0','2025-04-09 05:56:42.960753',989,302,'  .','  ','CONTRACT'),(_binary '','2025-04-09 06:00:00.022795',990,304,'1  \" 4 \"  .','[ ]  4 ','DUTY'),(_binary '','2025-04-09 06:09:17.082955',991,307,' [ABCD]   .',' ','GROUP'),(_binary '','2025-04-09 06:14:23.213887',992,306,'  .','  ','CONTRACT'),(_binary '','2025-04-09 06:26:43.072227',993,303,'    .','    !','RULE'),(_binary '','2025-04-09 06:26:43.075205',994,304,'    .','    !','RULE'),(_binary '','2025-04-09 06:33:42.949539',995,306,'    .  .','  ','CONTRACT'),(_binary '','2025-04-09 06:33:42.965837',996,305,'  .','  ','CONTRACT'),(_binary '','2025-04-09 06:33:42.979864',997,306,'  .','  ','CONTRACT'),(_binary '\0','2025-04-09 06:33:42.994458',998,302,'  .','  ','CONTRACT'),(_binary '','2025-04-09 06:33:58.093214',999,305,'  .','  ','CONTRACT'),(_binary '','2025-04-09 06:33:58.108943',1000,306,'  .','  ','CONTRACT'),(_binary '\0','2025-04-09 06:33:58.122037',1001,302,'  .','  ','CONTRACT'),(_binary '','2025-04-09 06:35:00.539762',1002,303,'     .','   !','RULE'),(_binary '','2025-04-09 06:35:00.541365',1003,304,'     .','   !','RULE'),(_binary '','2025-04-09 06:35:31.673368',1004,305,'  .','  ','CONTRACT'),(_binary '','2025-04-09 06:35:31.690346',1005,306,'  .','  ','CONTRACT'),(_binary '\0','2025-04-09 06:35:31.704603',1006,302,'  .','  ','CONTRACT'),(_binary '','2025-04-09 06:35:59.535220',1007,303,'    .','    !','RULE'),(_binary '','2025-04-09 06:35:59.537042',1008,304,'    .','    !','RULE'),(_binary '','2025-04-09 06:36:42.765252',1009,306,'  .','  ','CONTRACT'),(_binary '','2025-04-09 06:38:28.292557',1010,303,'     .','   !','RULE'),(_binary '','2025-04-09 06:38:28.296255',1011,304,'     .','   !','RULE'),(_binary '','2025-04-09 06:41:36.439322',1012,303,'    .','    !','RULE'),(_binary '','2025-04-09 06:41:36.446273',1013,304,'    .','    !','RULE'),(_binary '','2025-04-09 06:55:24.854532',1014,303,'   .','  !','RULE'),(_binary '','2025-04-09 06:55:24.857427',1015,304,'   .','  !','RULE'),(_binary '','2025-04-09 07:09:37.385286',1016,303,'    .','    !','RULE'),(_binary '','2025-04-09 07:09:37.387337',1017,304,'    .','    !','RULE'),(_binary '','2025-04-09 07:10:08.082988',1018,303,'   .','  !','RULE'),(_binary '','2025-04-09 07:10:08.086609',1019,304,'   .','  !','RULE'),(_binary '','2025-04-09 07:15:18.021051',1020,306,'    .  .','  ','CONTRACT'),(_binary '','2025-04-09 07:15:18.039890',1021,305,'  .','  ','CONTRACT'),(_binary '','2025-04-09 07:15:18.055071',1022,306,'  .','  ','CONTRACT'),(_binary '\0','2025-04-09 07:15:18.067811',1023,302,'  .','  ','CONTRACT'),(_binary '','2025-04-09 07:47:39.706329',1024,300,'     .','   !','RULE'),(_binary '\0','2025-04-09 07:47:39.709225',1025,301,'     .','   !','RULE'),(_binary '','2025-04-09 07:48:08.502878',1026,303,'    .','    !','RULE'),(_binary '','2025-04-09 07:48:08.505165',1027,304,'    .','    !','RULE'),(_binary '\0','2025-04-09 07:48:45.042588',1028,303,'   .','  !','RULE'),(_binary '','2025-04-09 07:48:45.044198',1029,304,'   .','  !','RULE'),(_binary '','2025-04-09 07:51:12.021425',1030,300,'    .','    !','RULE'),(_binary '\0','2025-04-09 07:51:12.023090',1031,301,'    .','    !','RULE'),(_binary '','2025-04-09 07:54:12.014504',1032,300,'   .','  !','RULE'),(_binary '\0','2025-04-09 07:54:12.017570',1033,301,'   .','  !','RULE'),(_binary '','2025-04-09 07:54:37.007103',1034,305,'  .','  ','CONTRACT'),(_binary '','2025-04-09 07:54:50.568632',1035,300,'    .','    !','RULE'),(_binary '\0','2025-04-09 07:54:50.570364',1036,301,'    .','    !','RULE'),(_binary '\0','2025-04-09 07:54:54.688819',1037,302,'  .','  ','CONTRACT'),(_binary '','2025-04-09 07:55:34.591907',1038,306,'  .','  ','CONTRACT'),(_binary '','2025-04-09 07:55:43.247362',1039,305,'     .','   !','CONTRACT'),(_binary '','2025-04-09 07:55:43.262129',1040,306,'     .','   !','CONTRACT'),(_binary '\0','2025-04-09 07:55:43.275445',1041,302,'     .','   !','CONTRACT'),(_binary '','2025-04-09 08:05:55.535388',1042,306,' [  ]  .','  ','DUTY'),(_binary '','2025-04-09 08:35:05.930075',1043,300,'   .','  !','RULE'),(_binary '\0','2025-04-09 08:35:05.931859',1044,301,'   .','  !','RULE'),(_binary '\0','2025-04-09 08:49:04.084682',1045,305,' [asd]  .','  ','DUTY'),(_binary '','2025-04-09 08:49:04.098566',1046,306,' [asd]  .','  ','DUTY'),(_binary '\0','2025-04-09 08:49:04.110636',1047,302,' [asd]  .','  ','DUTY'),(_binary '','2025-04-09 09:00:11.733367',1048,300,'      !','  !','RENT'),(_binary '\0','2025-04-09 09:00:19.277132',1049,1,'      !','  !','RENT'),(_binary '\0','2025-04-09 09:00:23.519870',1050,301,'      !','  !','RENT'),(_binary '\0','2025-04-09 09:19:56.439004',1051,305,' [  ]  .','  ','DUTY'),(_binary '','2025-04-09 09:19:56.458953',1052,306,' [  ]  .','  ','DUTY'),(_binary '\0','2025-04-09 09:19:56.472601',1053,302,' [  ]  .','  ','DUTY'),(_binary '\0','2025-04-09 09:26:01.289052',1054,302,' [ ]  .','  ','DUTY'),(_binary '','2025-04-09 09:26:01.303416',1055,306,' [ ]  .','  ','DUTY'),(_binary '\0','2025-04-09 09:26:01.315898',1056,305,' [ ]  .','  ','DUTY'),(_binary '','2025-04-09 09:49:40.617937',1057,300,'200000  .','  ','PAYMENT'),(_binary '\0','2025-04-09 09:49:40.630472',1058,301,'200000  .','  ','PAYMENT'),(_binary '\0','2025-04-09 09:49:40.642890',1059,1,'200000  .','  ','PAYMENT'),(_binary '','2025-04-09 09:49:48.959208',1060,300,'    !','  !','RENT'),(_binary '\0','2025-04-09 09:49:48.971868',1061,301,'    !','  !','RENT'),(_binary '','2025-04-09 10:43:04.455461',1062,114,' [110,111]   .',' ','GROUP'),(_binary '','2025-04-09 10:45:52.087437',1063,114,'   .','   !','GROUP'),(_binary '','2025-04-09 10:49:27.017136',1064,114,' [110,111]   .','  ','CONTRACT'),(_binary '','2025-04-09 10:49:27.027539',1065,115,' [110,111]   .','  ','CONTRACT'),(_binary '','2025-04-09 10:58:26.596417',1066,114,'    .  .','  ','CONTRACT'),(_binary '','2025-04-09 10:58:26.608193',1067,115,'    .  .','  ','CONTRACT'),(_binary '','2025-04-09 10:58:26.625903',1068,114,'  .','  ','CONTRACT'),(_binary '','2025-04-09 10:58:26.639626',1069,115,'  .','  ','CONTRACT'),(_binary '','2025-04-09 10:58:26.721715',1070,114,'  .','  ','CONTRACT'),(_binary '','2025-04-09 10:58:26.734163',1071,115,'  .','  ','CONTRACT'),(_binary '','2025-04-09 10:59:40.378095',1072,114,'  .','  ','CONTRACT'),(_binary '','2025-04-09 10:59:46.207751',1073,308,' [  ]   .',' ','GROUP'),(_binary '','2025-04-09 10:59:55.128280',1074,115,'  .','  ','CONTRACT'),(_binary '','2025-04-09 11:00:39.560787',1075,114,'     .','   !','CONTRACT'),(_binary '','2025-04-09 11:00:39.572763',1076,115,'     .','   !','CONTRACT'),(_binary '','2025-04-09 11:00:39.840915',1077,115,'      !','  !','RENT'),(_binary '\0','2025-04-09 11:00:57.099837',1078,1,'      !','  !','RENT'),(_binary '','2025-04-09 11:05:48.379703',1079,114,'33333   .','  ','PAYMENT'),(_binary '','2025-04-09 11:05:48.393519',1080,115,'33333   .','  ','PAYMENT'),(_binary '\0','2025-04-09 11:05:48.407997',1081,1,'33333   .','  ','PAYMENT'),(_binary '','2025-04-09 11:05:56.735679',1082,114,'      !','  !','RENT'),(_binary '','2025-04-09 11:05:57.270421',1083,114,'100000  .','  ','PAYMENT'),(_binary '','2025-04-09 11:05:57.283083',1084,115,'100000  .','  ','PAYMENT'),(_binary '\0','2025-04-09 11:05:57.295448',1085,1,'100000  .','  ','PAYMENT'),(_binary '','2025-04-09 11:06:04.637000',1086,114,'    !','  !','RENT'),(_binary '','2025-04-09 11:06:04.653740',1087,115,'    !','  !','RENT'),(_binary '','2025-04-09 11:10:03.722949',1088,308,' [  ]   .','  ','CONTRACT'),(_binary '','2025-04-09 11:27:52.004338',1089,114,' [10]  .','  ','DUTY'),(_binary '','2025-04-09 11:27:52.020663',1090,115,' [10]  .','  ','DUTY'),(_binary '','2025-04-09 11:29:58.568044',1091,114,'   .','   !','RULE'),(_binary '','2025-04-09 11:29:58.571282',1092,115,'   .','   !','RULE'),(_binary '','2025-04-09 11:30:14.994585',1093,114,'    .','    !','RULE'),(_binary '','2025-04-09 11:30:14.997926',1094,115,'    .','    !','RULE'),(_binary '','2025-04-09 11:32:00.276254',1095,114,'   .','  !','RULE'),(_binary '','2025-04-09 11:32:00.278856',1096,115,'   .','  !','RULE'),(_binary '','2025-04-09 11:32:37.482921',1097,114,'    .','    !','RULE'),(_binary '','2025-04-09 11:32:37.486604',1098,115,'    .','    !','RULE'),(_binary '','2025-04-09 11:33:02.485757',1099,114,'   .','  !','RULE'),(_binary '','2025-04-09 11:33:02.488150',1100,115,'   .','  !','RULE'),(_binary '','2025-04-09 11:34:50.706891',1101,114,'    .','    !','RULE'),(_binary '','2025-04-09 11:34:50.709535',1102,115,'    .','    !','RULE'),(_binary '','2025-04-09 11:35:09.029263',1103,114,'   .','  !','RULE'),(_binary '','2025-04-09 11:35:09.032459',1104,115,'   .','  !','RULE'),(_binary '','2025-04-09 11:47:53.080655',1105,116,' [112,113]   .',' ','GROUP'),(_binary '','2025-04-09 11:49:57.770281',1106,116,'   .','   !','GROUP'),(_binary '','2025-04-09 11:50:06.989621',1107,116,' [112,113]   .','  ','CONTRACT'),(_binary '','2025-04-09 11:50:07.003077',1108,117,' [112,113]   .','  ','CONTRACT'),(_binary '','2025-04-09 12:00:00.045866',1109,114,'1  \"10\"  .','[ ] 10','DUTY'),(_binary '','2025-04-09 12:10:51.813667',1110,116,'    .  .','  ','CONTRACT'),(_binary '','2025-04-09 12:10:51.829980',1111,117,'    .  .','  ','CONTRACT'),(_binary '','2025-04-09 12:10:51.850229',1112,116,'  .','  ','CONTRACT'),(_binary '','2025-04-09 12:10:51.864925',1113,117,'  .','  ','CONTRACT'),(_binary '','2025-04-09 12:10:52.166461',1114,116,'  .','  ','CONTRACT'),(_binary '','2025-04-09 12:10:52.178911',1115,117,'  .','  ','CONTRACT'),(_binary '','2025-04-09 12:13:07.295135',1116,116,'  .','  ','CONTRACT'),(_binary '','2025-04-09 12:13:11.562905',1117,117,'  .','  ','CONTRACT'),(_binary '','2025-04-09 12:13:19.986798',1118,116,'     .','   !','CONTRACT'),(_binary '','2025-04-09 12:13:20.000500',1119,117,'     .','   !','CONTRACT'),(_binary '','2025-04-09 12:16:10.516715',1120,117,'   . .','   ','LIVING_BUDGET'),(_binary '\0','2025-04-09 12:16:10.531791',1121,1,'   . .','   ','LIVING_BUDGET'),(_binary '','2025-04-09 12:17:25.455329',1122,116,' .','  ','LIVING_BUDGET'),(_binary '\0','2025-04-09 12:17:25.474480',1123,1,' .','  ','LIVING_BUDGET'),(_binary '','2025-04-09 12:17:31.979972',1124,117,' .','  ','LIVING_BUDGET'),(_binary '\0','2025-04-09 12:17:31.991877',1125,1,' .','  ','LIVING_BUDGET'),(_binary '','2025-04-09 12:17:45.413056',1126,117,' .','  ','LIVING_BUDGET'),(_binary '\0','2025-04-09 12:17:45.428365',1127,1,' .','  ','LIVING_BUDGET'),(_binary '','2025-04-09 12:23:31.632959',1128,116,'   .','   !','RULE'),(_binary '','2025-04-09 12:23:31.635751',1129,117,'   .','   !','RULE'),(_binary '','2025-04-09 12:24:18.254057',1130,117,' []  .','  ','DUTY'),(_binary '','2025-04-09 12:24:18.266285',1131,116,' []  .','  ','DUTY'),(_binary '','2025-04-09 12:25:05.468358',1132,117,' []  .','  ','DUTY'),(_binary '','2025-04-09 12:25:05.482318',1133,116,' []  .','  ','DUTY'),(_binary '','2025-04-09 12:27:47.712288',1134,116,'    .','    !','RULE'),(_binary '','2025-04-09 12:27:47.715153',1135,117,'    .','    !','RULE'),(_binary '','2025-04-09 12:27:54.271411',1136,116,'   .','  !','RULE'),(_binary '','2025-04-09 12:27:54.274855',1137,117,'   .','  !','RULE'),(_binary '\0','2025-04-09 14:00:00.019440',1138,306,'  \"  \"  .','[ ]   ','DUTY'),(_binary '\0','2025-04-10 00:28:08.029045',1139,305,' [  ]  .','  ','DUTY'),(_binary '\0','2025-04-10 00:28:08.044026',1140,306,' [  ]  .','  ','DUTY'),(_binary '\0','2025-04-10 00:28:08.057478',1141,302,' [  ]  .','  ','DUTY'),(_binary '','2025-04-10 00:41:34.105230',1142,116,'    .','   ','RULE'),(_binary '','2025-04-10 00:41:34.108074',1143,117,'    .','   ','RULE'),(_binary '','2025-04-10 00:42:22.934720',1144,116,'   .','  ','RULE'),(_binary '','2025-04-10 00:42:22.937339',1145,117,'   .','  ','RULE'),(_binary '','2025-04-10 00:59:48.510649',1146,116,'    .','   ','RULE'),(_binary '','2025-04-10 00:59:48.513606',1147,117,'    .','   ','RULE'),(_binary '\0','2025-04-10 01:00:58.114443',1148,310,' [222]   .',' ','GROUP'),(_binary '','2025-04-10 01:01:30.196216',1149,116,' []  .','  ','DUTY'),(_binary '','2025-04-10 01:01:30.209090',1150,117,' []  .','  ','DUTY'),(_binary '','2025-04-10 01:05:40.869868',1151,116,' .','  ','LIVING_BUDGET'),(_binary '\0','2025-04-10 01:05:40.881322',1152,1,' .','  ','LIVING_BUDGET'),(_binary '','2025-04-10 01:05:55.028735',1153,116,' .','  ','LIVING_BUDGET'),(_binary '\0','2025-04-10 01:05:55.039327',1154,1,' .','  ','LIVING_BUDGET'),(_binary '','2025-04-10 02:00:00.036137',1155,117,'1  \"\"  .','[ ] ','DUTY'),(_binary '','2025-04-10 03:44:31.823125',1156,116,'100000   .','  ','PAYMENT'),(_binary '','2025-04-10 03:44:31.834495',1157,117,'100000   .','  ','PAYMENT'),(_binary '\0','2025-04-10 03:44:31.851389',1158,1,'100000   .','  ','PAYMENT'),(_binary '','2025-04-10 03:44:37.069412',1159,116,'      !','  !','RENT'),(_binary '','2025-04-10 03:44:41.515181',1160,116,'100000   .','  ','PAYMENT'),(_binary '','2025-04-10 03:44:41.529644',1161,117,'100000   .','  ','PAYMENT'),(_binary '\0','2025-04-10 03:44:41.545114',1162,1,'100000   .','  ','PAYMENT'),(_binary '','2025-04-10 03:44:49.284506',1163,117,'      !','  !','RENT'),(_binary '','2025-04-10 03:48:30.705483',1164,116,'200000  .','  ','PAYMENT'),(_binary '','2025-04-10 03:48:30.719608',1165,117,'200000  .','  ','PAYMENT'),(_binary '\0','2025-04-10 03:48:30.734621',1166,1,'200000  .','  ','PAYMENT'),(_binary '','2025-04-10 03:48:39.106147',1167,116,'    !','  !','RENT'),(_binary '','2025-04-10 03:48:39.121141',1168,117,'    !','  !','RENT'),(_binary '','2025-04-10 06:07:08.959528',1169,119,' []   .',' ','GROUP'),(_binary '','2025-04-10 06:13:00.013844',1170,119,'   .','   !','GROUP'),(_binary '','2025-04-10 06:13:08.197116',1171,119,' []   .','  ','CONTRACT'),(_binary '','2025-04-10 06:13:08.210859',1172,118,' []   .','  ','CONTRACT'),(_binary '','2025-04-10 06:18:39.501744',1173,119,'    .  .','  ','CONTRACT'),(_binary '','2025-04-10 06:18:39.514576',1174,118,'    .  .','  ','CONTRACT'),(_binary '','2025-04-10 06:18:39.539159',1175,119,'  .','  ','CONTRACT'),(_binary '','2025-04-10 06:18:39.553709',1176,118,'  .','  ','CONTRACT'),(_binary '','2025-04-10 06:18:39.657808',1177,119,'  .','  ','CONTRACT'),(_binary '','2025-04-10 06:18:39.674430',1178,118,'  .','  ','CONTRACT'),(_binary '','2025-04-10 06:25:08.809953',1179,119,'  .','  ','CONTRACT'),(_binary '','2025-04-10 06:25:39.771774',1180,119,'    .  .','  ','CONTRACT'),(_binary '','2025-04-10 06:25:39.789853',1181,119,'  .','  ','CONTRACT'),(_binary '','2025-04-10 06:25:39.803629',1182,118,'  .','  ','CONTRACT'),(_binary '','2025-04-10 06:26:14.419951',1183,119,'  .','  ','CONTRACT'),(_binary '','2025-04-10 06:27:00.044672',1184,118,'  .','  ','CONTRACT'),(_binary '','2025-04-10 06:27:09.139166',1185,119,'     .','   !','CONTRACT'),(_binary '','2025-04-10 06:27:09.154220',1186,118,'     .','   !','CONTRACT'),(_binary '','2025-04-10 06:27:09.312334',1187,119,'      !','  !','RENT'),(_binary '\0','2025-04-10 06:27:16.699542',1188,118,'      !','  !','RENT'),(_binary '','2025-04-10 06:38:14.485617',1189,120,' [16,18]   .',' ','GROUP'),(_binary '','2025-04-10 06:39:35.671269',1190,120,'   .','   !','GROUP'),(_binary '','2025-04-10 06:41:06.534215',1191,120,'   .','   !','GROUP'),(_binary '','2025-04-10 06:41:06.545522',1192,121,'   .','   !','GROUP'),(_binary '','2025-04-10 06:41:15.971181',1193,120,' [16,18]   .','  ','CONTRACT'),(_binary '','2025-04-10 06:41:15.987542',1194,121,' [16,18]   .','  ','CONTRACT'),(_binary '','2025-04-10 06:41:15.998475',1195,122,' [16,18]   .','  ','CONTRACT'),(_binary '','2025-04-10 06:44:11.941431',1196,120,'    .  .','  ','CONTRACT'),(_binary '','2025-04-10 06:44:11.956934',1197,121,'    .  .','  ','CONTRACT'),(_binary '','2025-04-10 06:44:11.971372',1198,122,'    .  .','  ','CONTRACT'),(_binary '','2025-04-10 06:44:11.995163',1199,120,'  .','  ','CONTRACT'),(_binary '','2025-04-10 06:44:12.007712',1200,121,'  .','  ','CONTRACT'),(_binary '','2025-04-10 06:44:12.021340',1201,122,'  .','  ','CONTRACT'),(_binary '','2025-04-10 06:44:12.096458',1202,120,'  .','  ','CONTRACT'),(_binary '','2025-04-10 06:44:12.107067',1203,121,'  .','  ','CONTRACT'),(_binary '','2025-04-10 06:44:12.119273',1204,122,'  .','  ','CONTRACT'),(_binary '','2025-04-10 06:44:22.372510',1205,122,'  .','  ','CONTRACT'),(_binary '','2025-04-10 06:44:35.599814',1206,121,'  .','  ','CONTRACT'),(_binary '','2025-04-10 06:45:52.173802',1207,120,'  .','  ','CONTRACT'),(_binary '','2025-04-10 06:46:01.108084',1208,120,'      !','  !','RENT'),(_binary '','2025-04-10 06:46:01.522270',1209,120,'     .','   !','CONTRACT'),(_binary '','2025-04-10 06:46:01.536099',1210,121,'     .','   !','CONTRACT'),(_binary '','2025-04-10 06:46:01.550346',1211,122,'     .','   !','CONTRACT'),(_binary '','2025-04-10 06:46:08.673067',1212,122,'      !','  !','RENT'),(_binary '','2025-04-10 06:53:03.185714',1213,120,'400000   .','  ','PAYMENT'),(_binary '','2025-04-10 06:53:03.198175',1214,121,'400000   .','  ','PAYMENT'),(_binary '','2025-04-10 06:53:03.213397',1215,122,'400000   .','  ','PAYMENT'),(_binary '\0','2025-04-10 06:53:03.225231',1216,1,'400000   .','  ','PAYMENT'),(_binary '','2025-04-10 06:53:08.393636',1217,121,'      !','  !','RENT'),(_binary '','2025-04-10 06:53:47.579660',1218,120,'1000000  .','  ','PAYMENT'),(_binary '','2025-04-10 06:53:47.595378',1219,121,'1000000  .','  ','PAYMENT'),(_binary '','2025-04-10 06:53:47.611279',1220,122,'1000000  .','  ','PAYMENT'),(_binary '\0','2025-04-10 06:53:47.625468',1221,1,'1000000  .','  ','PAYMENT'),(_binary '','2025-04-10 06:53:55.003246',1222,120,'    !','  !','RENT'),(_binary '','2025-04-10 06:53:55.014481',1223,121,'    !','  !','RENT'),(_binary '','2025-04-10 06:53:55.027416',1224,122,'    !','  !','RENT'),(_binary '','2025-04-10 06:54:41.875687',1225,120,'   .','   ','RULE'),(_binary '','2025-04-10 06:54:41.878666',1226,121,'   .','   ','RULE'),(_binary '','2025-04-10 06:54:41.881134',1227,122,'   .','   ','RULE'),(_binary '','2025-04-10 07:01:55.770468',1228,120,'    .','   ','RULE'),(_binary '','2025-04-10 07:01:55.773747',1229,121,'    .','   ','RULE'),(_binary '','2025-04-10 07:01:55.776787',1230,122,'    .','   ','RULE'),(_binary '','2025-04-10 07:02:20.440339',1231,120,'   .','  ','RULE'),(_binary '','2025-04-10 07:02:20.442090',1232,121,'   .','  ','RULE'),(_binary '','2025-04-10 07:02:20.443617',1233,122,'   .','  ','RULE'),(_binary '','2025-04-10 07:04:43.104635',1234,120,' [   ]  .','  ','DUTY'),(_binary '','2025-04-10 07:04:43.115052',1235,121,' [   ]  .','  ','DUTY'),(_binary '','2025-04-10 07:04:43.128677',1236,122,' [   ]  .','  ','DUTY'),(_binary '','2025-04-10 07:08:34.381789',1237,121,' []  .','  ','DUTY'),(_binary '','2025-04-10 07:08:34.399087',1238,122,' []  .','  ','DUTY'),(_binary '','2025-04-10 07:19:01.619973',1239,120,' [ ]  .','  ','DUTY'),(_binary '','2025-04-10 07:19:01.632676',1240,121,' [ ]  .','  ','DUTY'),(_binary '\0','2025-04-10 07:19:01.648669',1241,122,' [ ]  .','  ','DUTY'),(_binary '\0','2025-04-10 07:19:12.964324',1242,122,' [ ]   .',' ','DUTY'),(_binary '','2025-04-10 07:19:12.975814',1243,120,' [ ]   .',' ','DUTY'),(_binary '','2025-04-10 07:19:12.993575',1244,121,' [ ]   .',' ','DUTY'),(_binary '\0','2025-04-10 07:19:14.734151',1245,122,' [ ]   .',' ','DUTY'),(_binary '','2025-04-10 07:19:14.746899',1246,120,' [ ]   .',' ','DUTY'),(_binary '','2025-04-10 07:19:14.759936',1247,121,' [ ]   .',' ','DUTY'),(_binary '','2025-04-10 07:20:47.077767',1248,116,'   .','  ','RULE'),(_binary '','2025-04-10 07:20:47.079932',1249,117,'   .','  ','RULE'),(_binary '','2025-04-10 07:23:27.026765',1250,120,'    .  .','   ','LIVING_BUDGET'),(_binary '','2025-04-10 07:23:46.568905',1251,120,'    .  .','   ','LIVING_BUDGET'),(_binary '','2025-04-10 07:30:04.847585',1252,117,' .','  ','LIVING_BUDGET'),(_binary '\0','2025-04-10 07:30:04.858651',1253,1,' .','  ','LIVING_BUDGET'),(_binary '\0','2025-04-10 08:00:11.927206',1254,46,'       !','  !','UTILITY'),(_binary '\0','2025-04-10 08:00:19.287659',1255,48,'       !','  !','UTILITY'),(_binary '\0','2025-04-10 08:00:23.632310',1256,47,'       !','  !','UTILITY'),(_binary '\0','2025-04-10 08:00:30.969658',1257,1,'       !','  !','UTILITY'),(_binary '','2025-04-10 08:10:26.927432',1258,123,' []   .',' ','GROUP'),(_binary '','2025-04-10 08:15:08.407573',1259,123,'   .','   !','GROUP'),(_binary '','2025-04-10 08:15:49.154725',1260,123,' []   .','  ','CONTRACT'),(_binary '','2025-04-10 08:15:49.168633',1261,124,' []   .','  ','CONTRACT'),(_binary '','2025-04-10 08:16:30.628310',1262,123,'    .  .','  ','CONTRACT'),(_binary '','2025-04-10 08:16:30.641478',1263,124,'    .  .','  ','CONTRACT'),(_binary '','2025-04-10 08:16:30.661249',1264,123,'  .','  ','CONTRACT'),(_binary '','2025-04-10 08:16:30.674908',1265,124,'  .','  ','CONTRACT'),(_binary '','2025-04-10 08:16:30.774240',1266,123,'  .','  ','CONTRACT'),(_binary '','2025-04-10 08:16:30.787693',1267,124,'  .','  ','CONTRACT'),(_binary '','2025-04-10 08:17:04.012217',1268,124,'  .','  ','CONTRACT'),(_binary '','2025-04-10 08:17:04.132191',1269,123,'  .','  ','CONTRACT'),(_binary '','2025-04-10 08:17:12.533070',1270,123,'     .','   !','CONTRACT'),(_binary '','2025-04-10 08:17:12.551094',1271,124,'     .','   !','CONTRACT'),(_binary '','2025-04-10 08:17:21.703537',1272,123,'    .  .','   ','LIVING_BUDGET'),(_binary '','2025-04-10 08:17:31.452457',1273,124,'   . .','   ','LIVING_BUDGET'),(_binary '\0','2025-04-10 08:17:31.465535',1274,1,'   . .','   ','LIVING_BUDGET'),(_binary '','2025-04-10 08:18:11.293021',1275,124,' [ ]  .','  ','DUTY'),(_binary '','2025-04-10 08:18:15.422041',1276,124,' [ ]  .','  ','DUTY'),(_binary '','2025-04-10 08:18:46.343451',1277,124,' []  .','  ','DUTY'),(_binary '\0','2025-04-10 08:31:31.077679',1278,125,' []   .',' ','GROUP'),(_binary '\0','2025-04-10 08:32:07.793423',1279,125,'   .','   !','GROUP'),(_binary '\0','2025-04-10 08:32:14.040356',1280,125,' []   .','  ','CONTRACT'),(_binary '','2025-04-10 08:32:14.053129',1281,126,' []   .','  ','CONTRACT'),(_binary '\0','2025-04-10 08:33:17.726963',1282,125,'    .  .','  ','CONTRACT'),(_binary '','2025-04-10 08:33:17.741838',1283,126,'    .  .','  ','CONTRACT'),(_binary '\0','2025-04-10 08:33:17.760010',1284,125,'  .','  ','CONTRACT'),(_binary '','2025-04-10 08:33:17.775475',1285,126,'  .','  ','CONTRACT'),(_binary '\0','2025-04-10 08:33:17.869687',1286,125,'  .','  ','CONTRACT'),(_binary '','2025-04-10 08:33:17.886270',1287,126,'  .','  ','CONTRACT'),(_binary '\0','2025-04-10 08:34:20.359102',1288,125,'  .','  ','CONTRACT'),(_binary '','2025-04-10 08:34:50.597878',1289,126,'  .','  ','CONTRACT'),(_binary '\0','2025-04-10 08:34:59.510846',1290,125,'     .','   !','CONTRACT'),(_binary '','2025-04-10 08:34:59.524510',1291,126,'     .','   !','CONTRACT'),(_binary '\0','2025-04-10 08:34:59.706613',1292,125,'      !','  !','RENT'),(_binary '\0','2025-04-10 08:35:07.061327',1293,1,'      !','  !','RENT'),(_binary '','2025-04-10 08:35:14.411275',1294,126,'      !','  !','RENT'),(_binary '','2025-04-10 08:41:48.139795',1295,314,' [ ]   .',' ','GROUP'),(_binary '\0','2025-04-10 08:44:39.292327',1296,127,' []   .',' ','GROUP'),(_binary '\0','2025-04-10 08:45:23.658410',1297,127,'dong   .','   !','GROUP'),(_binary '\0','2025-04-10 08:45:30.318321',1298,127,' []   .','  ','CONTRACT'),(_binary '\0','2025-04-10 08:45:30.333085',1299,128,' []   .','  ','CONTRACT'),(_binary '\0','2025-04-10 08:45:54.220881',1300,127,'    .  .','  ','CONTRACT'),(_binary '\0','2025-04-10 08:45:54.233661',1301,128,'    .  .','  ','CONTRACT'),(_binary '\0','2025-04-10 08:45:54.254084',1302,127,'  .','  ','CONTRACT'),(_binary '\0','2025-04-10 08:45:54.267777',1303,128,'  .','  ','CONTRACT'),(_binary '\0','2025-04-10 08:45:54.372343',1304,127,'  .','  ','CONTRACT'),(_binary '\0','2025-04-10 08:45:54.388398',1305,128,'  .','  ','CONTRACT'),(_binary '\0','2025-04-10 08:45:58.769221',1306,127,'  .','  ','CONTRACT'),(_binary '\0','2025-04-10 08:47:02.596500',1307,128,'  .','  ','CONTRACT'),(_binary '\0','2025-04-10 08:47:07.578716',1308,127,'     .','   !','CONTRACT'),(_binary '\0','2025-04-10 08:47:07.590560',1309,128,'     .','   !','CONTRACT'),(_binary '','2025-04-10 08:57:53.368979',1310,314,'   .','   !','GROUP'),(_binary '\0','2025-04-10 09:00:07.697473',1311,125,'    !','  !','RENT'),(_binary '\0','2025-04-10 09:00:07.708796',1312,126,'    !','  !','RENT'),(_binary '\0','2025-04-10 09:00:11.847105',1313,119,'    !','  !','RENT'),(_binary '\0','2025-04-10 09:00:11.859552',1314,118,'    !','  !','RENT'),(_binary '\0','2025-04-10 09:00:22.363766',1315,127,'      !','  !','RENT'),(_binary '\0','2025-04-10 09:00:29.695587',1316,128,'      !','  !','RENT'),(_binary '\0','2025-04-10 09:00:33.847578',1317,123,'      !','  !','RENT'),(_binary '\0','2025-04-10 09:00:37.993620',1318,1,'      !','  !','RENT'),(_binary '\0','2025-04-10 09:00:45.319995',1319,124,'      !','  !','RENT'),(_binary '\0','2025-04-10 09:00:52.637906',1320,1,'      !','  !','RENT'),(_binary '','2025-04-10 09:04:38.060627',1321,314,'   .','   !','GROUP'),(_binary '\0','2025-04-10 09:04:38.072429',1322,315,'   .','   !','GROUP'),(_binary '','2025-04-10 09:11:13.852384',1323,314,' [ ]   .','  ','CONTRACT'),(_binary '\0','2025-04-10 09:11:13.869568',1324,315,' [ ]   .','  ','CONTRACT'),(_binary '\0','2025-04-10 09:11:13.882234',1325,316,' [ ]   .','  ','CONTRACT'),(_binary '','2025-04-10 09:38:05.176405',1326,314,'    .  .','  ','CONTRACT'),(_binary '\0','2025-04-10 09:38:05.188973',1327,315,'    .  .','  ','CONTRACT'),(_binary '\0','2025-04-10 09:38:05.201400',1328,316,'    .  .','  ','CONTRACT'),(_binary '','2025-04-10 09:38:05.223706',1329,314,'  .','  ','CONTRACT'),(_binary '\0','2025-04-10 09:38:05.239223',1330,315,'  .','  ','CONTRACT'),(_binary '\0','2025-04-10 09:38:05.250874',1331,316,'  .','  ','CONTRACT'),(_binary '','2025-04-10 09:38:05.599548',1332,314,'  .','  ','CONTRACT'),(_binary '\0','2025-04-10 09:38:05.612821',1333,315,'  .','  ','CONTRACT'),(_binary '\0','2025-04-10 09:38:05.624338',1334,316,'  .','  ','CONTRACT'),(_binary '','2025-04-10 09:38:56.718751',1335,314,'  .','  ','CONTRACT'),(_binary '','2025-04-10 09:45:24.448884',1336,317,' [   ]   .',' ','GROUP'),(_binary '','2025-04-10 09:46:39.122196',1337,317,'   .','   !','GROUP'),(_binary '','2025-04-10 09:46:43.927320',1338,317,' [   ]   .','  ','CONTRACT'),(_binary '','2025-04-10 09:46:43.942921',1339,318,' [   ]   .','  ','CONTRACT'),(_binary '','2025-04-10 09:47:32.876076',1340,317,'    .  .','  ','CONTRACT'),(_binary '','2025-04-10 09:47:32.889322',1341,318,'    .  .','  ','CONTRACT'),(_binary '','2025-04-10 09:47:32.910933',1342,317,'  .','  ','CONTRACT'),(_binary '','2025-04-10 09:47:32.926269',1343,318,'  .','  ','CONTRACT'),(_binary '','2025-04-10 09:47:33.124394',1344,317,'  .','  ','CONTRACT'),(_binary '','2025-04-10 09:47:33.134822',1345,318,'  .','  ','CONTRACT'),(_binary '','2025-04-10 09:47:41.394693',1346,317,'  .','  ','CONTRACT'),(_binary '','2025-04-10 09:47:58.325942',1347,318,'  .','  ','CONTRACT'),(_binary '','2025-04-10 09:48:16.535864',1348,317,'     .','   !','CONTRACT'),(_binary '','2025-04-10 09:48:16.553820',1349,318,'     .','   !','CONTRACT'),(_binary '','2025-04-10 10:09:06.115792',1350,317,'   .','   ','RULE'),(_binary '\0','2025-04-10 10:09:06.119327',1351,318,'   .','   ','RULE'),(_binary '\0','2025-04-10 10:19:36.328802',1352,316,'  .','  ','CONTRACT'),(_binary '\0','2025-04-10 10:19:57.180505',1353,315,'  .','  ','CONTRACT'),(_binary '\0','2025-04-10 10:20:05.362902',1354,314,'     .','   !','CONTRACT'),(_binary '\0','2025-04-10 10:20:05.376504',1355,315,'     .','   !','CONTRACT'),(_binary '\0','2025-04-10 10:20:05.388874',1356,316,'     .','   !','CONTRACT'),(_binary '\0','2025-04-10 10:24:57.179391',1357,314,'   .','   ','RULE'),(_binary '\0','2025-04-10 10:24:57.181665',1358,315,'   .','   ','RULE'),(_binary '\0','2025-04-10 10:24:57.183076',1359,316,'   .','   ','RULE'),(_binary '','2025-04-10 10:34:28.412563',1360,317,'    .','   ','RULE'),(_binary '\0','2025-04-10 10:34:28.415928',1361,318,'    .','   ','RULE'),(_binary '','2025-04-10 10:40:24.552160',1362,317,'     .','   ','RULE'),(_binary '\0','2025-04-10 10:40:24.554970',1363,318,'     .','   ','RULE'),(_binary '','2025-04-10 10:48:00.061731',1364,317,'    .','   ','RULE'),(_binary '\0','2025-04-10 10:48:00.063226',1365,318,'    .','   ','RULE'),(_binary '\0','2025-04-10 10:52:33.667724',1366,317,'     .','   ','RULE'),(_binary '\0','2025-04-10 10:52:33.671001',1367,318,'     .','   ','RULE'),(_binary '\0','2025-04-10 10:52:56.837527',1368,317,'    .','   ','RULE'),(_binary '\0','2025-04-10 10:52:56.839109',1369,318,'    .','   ','RULE'),(_binary '\0','2025-04-10 10:53:22.403002',1370,317,'   .','  ','RULE'),(_binary '\0','2025-04-10 10:53:22.405307',1371,318,'   .','  ','RULE'),(_binary '\0','2025-04-10 11:05:22.666396',1372,317,'    .','   ','RULE'),(_binary '\0','2025-04-10 11:05:22.668196',1373,318,'    .','   ','RULE'),(_binary '\0','2025-04-10 11:06:02.196601',1374,317,'   .','  ','RULE'),(_binary '\0','2025-04-10 11:06:02.198116',1375,318,'   .','  ','RULE'),(_binary '\0','2025-04-10 11:07:07.250607',1376,317,'    .','   ','RULE'),(_binary '\0','2025-04-10 11:07:07.252187',1377,318,'    .','   ','RULE'),(_binary '\0','2025-04-10 11:07:31.596528',1378,317,'   .','  ','RULE'),(_binary '\0','2025-04-10 11:07:31.598676',1379,318,'   .','  ','RULE'),(_binary '\0','2025-04-10 11:07:43.634116',1380,317,'    .','   ','RULE'),(_binary '\0','2025-04-10 11:07:43.635461',1381,318,'    .','   ','RULE'),(_binary '\0','2025-04-10 11:08:04.475086',1382,317,'     .','   ','RULE'),(_binary '\0','2025-04-10 11:08:04.477369',1383,318,'     .','   ','RULE'),(_binary '\0','2025-04-10 11:08:14.965175',1384,317,'    .','   ','RULE'),(_binary '\0','2025-04-10 11:08:14.967434',1385,318,'    .','   ','RULE'),(_binary '\0','2025-04-10 11:08:47.034160',1386,317,'   .','  ','RULE'),(_binary '\0','2025-04-10 11:08:47.036813',1387,318,'   .','  ','RULE'),(_binary '','2025-04-10 11:16:47.483652',1388,144,' []   .',' ','GROUP'),(_binary '','2025-04-10 11:18:36.003939',1389,144,'   .','   !','GROUP'),(_binary '','2025-04-10 11:18:57.877113',1390,144,' []   .','  ','CONTRACT'),(_binary '','2025-04-10 11:18:57.889274',1391,146,' []   .','  ','CONTRACT'),(_binary '','2025-04-10 11:28:22.963923',1392,144,'    .  .','  ','CONTRACT'),(_binary '','2025-04-10 11:28:22.977270',1393,146,'    .  .','  ','CONTRACT'),(_binary '','2025-04-10 11:28:22.992927',1394,144,'  .','  ','CONTRACT'),(_binary '','2025-04-10 11:28:23.004961',1395,146,'  .','  ','CONTRACT'),(_binary '','2025-04-10 11:28:23.088569',1396,144,'  .','  ','CONTRACT'),(_binary '','2025-04-10 11:28:23.101059',1397,146,'  .','  ','CONTRACT'),(_binary '','2025-04-10 11:29:07.651945',1398,146,'  .','  ','CONTRACT'),(_binary '','2025-04-10 11:29:14.990906',1399,144,'  .','  ','CONTRACT'),(_binary '','2025-04-10 11:29:24.376013',1400,144,'     .','   !','CONTRACT'),(_binary '','2025-04-10 11:29:24.391748',1401,146,'     .','   !','CONTRACT'),(_binary '','2025-04-10 11:29:24.549909',1402,146,'      !','  !','RENT'),(_binary '\0','2025-04-10 11:29:31.963240',1403,1,'      !','  !','RENT'),(_binary '','2025-04-10 11:33:08.736282',1404,144,'   .','   ','RULE'),(_binary '','2025-04-10 11:33:08.737554',1405,146,'   .','   ','RULE'),(_binary '\0','2025-04-10 11:34:00.599244',1406,121,'   . .','   ','LIVING_BUDGET'),(_binary '\0','2025-04-10 11:34:00.611759',1407,122,'   . .','   ','LIVING_BUDGET'),(_binary '\0','2025-04-10 11:34:00.623888',1408,1,'   . .','   ','LIVING_BUDGET'),(_binary '\0','2025-04-10 11:34:45.633353',1409,315,'   . .','   ','LIVING_BUDGET'),(_binary '\0','2025-04-10 11:34:45.644440',1410,316,'   . .','   ','LIVING_BUDGET'),(_binary '\0','2025-04-10 11:34:45.656169',1411,1,'   . .','   ','LIVING_BUDGET'),(_binary '','2025-04-10 11:37:46.876802',1412,144,'    .','   ','RULE'),(_binary '','2025-04-10 11:37:46.878628',1413,146,'    .','   ','RULE'),(_binary '','2025-04-10 11:37:55.664514',1414,144,'   .','  ','RULE'),(_binary '','2025-04-10 11:37:55.666518',1415,146,'   .','  ','RULE'),(_binary '','2025-04-10 11:38:51.934271',1416,144,'    .','   ','RULE'),(_binary '','2025-04-10 11:38:51.936143',1417,146,'    .','   ','RULE'),(_binary '','2025-04-10 11:39:34.321995',1418,144,'     .','   ','RULE'),(_binary '','2025-04-10 11:39:34.323582',1419,146,'     .','   ','RULE'),(_binary '','2025-04-10 11:40:06.715526',1420,144,'    .','   ','RULE'),(_binary '','2025-04-10 11:40:06.716835',1421,146,'    .','   ','RULE'),(_binary '','2025-04-10 11:40:36.913760',1422,146,'   . .','   ','LIVING_BUDGET'),(_binary '\0','2025-04-10 11:40:36.927025',1423,1,'   . .','   ','LIVING_BUDGET'),(_binary '','2025-04-10 11:40:59.851948',1424,144,'   .','  ','RULE'),(_binary '','2025-04-10 11:40:59.854021',1425,146,'   .','  ','RULE'),(_binary '','2025-04-10 11:41:18.378911',1426,144,'    .','   ','RULE'),(_binary '','2025-04-10 11:41:18.380472',1427,146,'    .','   ','RULE'),(_binary '','2025-04-10 11:41:50.429675',1428,144,'   .','  ','RULE'),(_binary '','2025-04-10 11:41:50.432946',1429,146,'   .','  ','RULE'),(_binary '','2025-04-10 11:42:13.456108',1430,144,'    .','   ','RULE'),(_binary '','2025-04-10 11:42:13.457674',1431,146,'    .','   ','RULE'),(_binary '','2025-04-10 11:43:07.443275',1432,144,'   .','  ','RULE'),(_binary '','2025-04-10 11:43:07.446606',1433,146,'   .','  ','RULE'),(_binary '','2025-04-10 11:43:17.994930',1434,144,'    .','   ','RULE'),(_binary '','2025-04-10 11:43:17.997225',1435,146,'    .','   ','RULE'),(_binary '','2025-04-10 11:43:33.445449',1436,144,'   .','  ','RULE'),(_binary '','2025-04-10 11:43:33.447153',1437,146,'   .','  ','RULE'),(_binary '','2025-04-10 11:43:44.971560',1438,146,' .','  ','LIVING_BUDGET'),(_binary '\0','2025-04-10 11:43:44.984064',1439,1,' .','  ','LIVING_BUDGET'),(_binary '','2025-04-10 11:44:21.800053',1440,144,' .','  ','LIVING_BUDGET'),(_binary '\0','2025-04-10 11:44:21.809141',1441,1,' .','  ','LIVING_BUDGET'),(_binary '','2025-04-10 11:44:34.167383',1442,146,' .','  ','LIVING_BUDGET'),(_binary '\0','2025-04-10 11:44:34.181858',1443,1,' .','  ','LIVING_BUDGET'),(_binary '','2025-04-10 11:45:48.859260',1444,144,' .','  ','LIVING_BUDGET'),(_binary '\0','2025-04-10 11:45:48.870670',1445,1,' .','  ','LIVING_BUDGET'),(_binary '','2025-04-10 11:51:16.593936',1446,144,' [  ]  .','  ','DUTY'),(_binary '','2025-04-10 11:51:19.656759',1447,144,' [ ]  .','  ','DUTY'),(_binary '','2025-04-10 11:51:32.123652',1448,144,' [ ]   .',' ','DUTY'),(_binary '','2025-04-10 11:51:38.129113',1449,146,' [  ]   .',' ','DUTY'),(_binary '','2025-04-10 11:52:03.380865',1450,144,' [ ]  .','  ','DUTY'),(_binary '','2025-04-10 11:52:03.395103',1451,146,' [ ]  .','  ','DUTY'),(_binary '','2025-04-10 11:52:11.622943',1452,144,' [ ]  .',' ','DUTY'),(_binary '','2025-04-10 11:52:11.637966',1453,146,' [ ]  .',' ','DUTY'),(_binary '','2025-04-10 11:52:29.420346',1454,146,' []  .','  ','DUTY'),(_binary '','2025-04-10 11:52:40.223350',1455,144,' [  ]   .',' ','DUTY'),(_binary '','2025-04-10 11:52:40.234818',1456,146,' [  ]   .',' ','DUTY'),(_binary '\0','2025-04-10 12:29:33.698897',1457,194,' []   .',' ','GROUP'),(_binary '\0','2025-04-10 12:30:51.305259',1458,194,'   .','   !','GROUP'),(_binary '\0','2025-04-10 12:30:59.739034',1459,194,' []   .','  ','CONTRACT'),(_binary '','2025-04-10 12:30:59.752699',1460,196,' []   .','  ','CONTRACT'),(_binary '\0','2025-04-10 12:32:53.411935',1461,194,'    .  .','  ','CONTRACT'),(_binary '','2025-04-10 12:32:53.423346',1462,196,'    .  .','  ','CONTRACT'),(_binary '\0','2025-04-10 12:32:53.445808',1463,194,'  .','  ','CONTRACT'),(_binary '','2025-04-10 12:32:53.458700',1464,196,'  .','  ','CONTRACT'),(_binary '\0','2025-04-10 12:32:53.557164',1465,194,'  .','  ','CONTRACT'),(_binary '','2025-04-10 12:32:53.572176',1466,196,'  .','  ','CONTRACT'),(_binary '\0','2025-04-10 12:33:04.662250',1467,194,'  .','  ','CONTRACT'),(_binary '\0','2025-04-10 12:33:33.338232',1468,194,'    .  .','  ','CONTRACT'),(_binary '\0','2025-04-10 12:33:33.356059',1469,194,'  .','  ','CONTRACT'),(_binary '','2025-04-10 12:33:33.370397',1470,196,'  .','  ','CONTRACT'),(_binary '\0','2025-04-10 12:33:52.184406',1471,194,'  .','  ','CONTRACT'),(_binary '','2025-04-10 12:33:57.342534',1472,196,'  .','  ','CONTRACT'),(_binary '\0','2025-04-10 12:34:05.849529',1473,194,'      !','  !','RENT'),(_binary '\0','2025-04-10 12:34:06.254423',1474,194,'     .','   !','CONTRACT'),(_binary '\0','2025-04-10 12:34:06.268487',1475,196,'     .','   !','CONTRACT'),(_binary '\0','2025-04-10 12:34:13.568779',1476,196,'      !','  !','RENT'),(_binary '\0','2025-04-10 12:46:17.097470',1477,144,' .','  ','LIVING_BUDGET'),(_binary '\0','2025-04-10 12:46:17.108638',1478,1,' .','  ','LIVING_BUDGET'),(_binary '','2025-04-10 12:59:01.296019',1479,116,' []  .','  ','DUTY'),(_binary '','2025-04-10 12:59:01.307847',1480,117,' []  .','  ','DUTY'),(_binary '\0','2025-04-10 13:00:00.015494',1481,116,'1  \"\"  .','[ ] ','DUTY'),(_binary '\0','2025-04-10 13:00:46.214530',1482,116,'    .','   ','RULE'),(_binary '','2025-04-10 13:00:46.216411',1483,117,'    .','   ','RULE'),(_binary '\0','2025-04-10 13:01:53.335149',1484,116,'   .','  ','RULE'),(_binary '','2025-04-10 13:01:53.337158',1485,117,'   .','  ','RULE'),(_binary '\0','2025-04-10 13:18:52.851624',1486,320,' []   .',' ','GROUP'),(_binary '\0','2025-04-10 13:22:09.085549',1487,320,' []   .','  ','CONTRACT'),(_binary '\0','2025-04-10 13:24:47.142371',1488,321,' [ffdfds]   .',' ','GROUP'),(_binary '\0','2025-04-10 13:24:51.277457',1489,321,' [ffdfds]   .','  ','CONTRACT'),(_binary '\0','2025-04-10 13:25:06.519089',1490,321,'    .  .','  ','CONTRACT'),(_binary '\0','2025-04-10 13:25:06.534647',1491,321,'  .','  ','CONTRACT'),(_binary '\0','2025-04-10 13:25:06.710797',1492,321,'  .','  ','CONTRACT'),(_binary '\0','2025-04-10 13:26:45.105577',1493,321,'  .','  ','CONTRACT'),(_binary '\0','2025-04-10 13:39:36.046858',1494,322,' [gfgf]   .',' ','GROUP'),(_binary '\0','2025-04-10 13:39:43.627048',1495,322,' [gfgf]   .','  ','CONTRACT'),(_binary '\0','2025-04-10 13:39:58.177630',1496,322,'    .  .','  ','CONTRACT'),(_binary '\0','2025-04-10 13:39:58.193220',1497,322,'  .','  ','CONTRACT'),(_binary '\0','2025-04-10 13:39:58.520655',1498,322,'  .','  ','CONTRACT'),(_binary '\0','2025-04-10 13:40:58.120442',1499,322,'  .','  ','CONTRACT'),(_binary '\0','2025-04-10 13:41:06.589811',1500,322,'     .','   !','CONTRACT'),(_binary '\0','2025-04-10 13:58:09.206746',1501,323,' []   .',' ','GROUP'),(_binary '\0','2025-04-10 13:58:17.850245',1502,323,' []   .','  ','CONTRACT'),(_binary '\0','2025-04-10 14:01:38.422863',1503,323,'    .  .','  ','CONTRACT'),(_binary '\0','2025-04-10 14:01:38.442440',1504,323,'  .','  ','CONTRACT'),(_binary '\0','2025-04-10 14:01:38.719853',1505,323,'  .','  ','CONTRACT'),(_binary '\0','2025-04-10 14:02:00.249283',1506,323,'  .','  ','CONTRACT'),(_binary '\0','2025-04-10 14:02:05.981768',1507,323,'     .','   !','CONTRACT'),(_binary '\0','2025-04-10 14:02:06.355146',1508,323,'      !','  !','RENT'),(_binary '\0','2025-04-10 14:03:12.681670',1509,324,' [c1c2]   .',' ','GROUP'),(_binary '\0','2025-04-10 14:05:29.711013',1510,324,'c2   .','   !','GROUP'),(_binary '\0','2025-04-10 14:06:03.248150',1511,324,' [c1c2]   .','  ','CONTRACT'),(_binary '\0','2025-04-10 14:06:03.262777',1512,325,' [c1c2]   .','  ','CONTRACT'),(_binary '\0','2025-04-10 14:06:24.878028',1513,324,'    .  .','  ','CONTRACT'),(_binary '\0','2025-04-10 14:06:24.892026',1514,325,'    .  .','  ','CONTRACT'),(_binary '\0','2025-04-10 14:06:24.910282',1515,324,'  .','  ','CONTRACT'),(_binary '\0','2025-04-10 14:06:24.920818',1516,325,'  .','  ','CONTRACT'),(_binary '\0','2025-04-10 14:06:25.187041',1517,324,'  .','  ','CONTRACT'),(_binary '\0','2025-04-10 14:06:25.197566',1518,325,'  .','  ','CONTRACT'),(_binary '\0','2025-04-10 14:06:41.562261',1519,324,'  .','  ','CONTRACT'),(_binary '\0','2025-04-10 14:07:00.697634',1520,325,'  .','  ','CONTRACT'),(_binary '\0','2025-04-10 14:07:05.830713',1521,324,'     .','   !','CONTRACT'),(_binary '\0','2025-04-10 14:07:05.842025',1522,325,'     .','   !','CONTRACT'),(_binary '\0','2025-04-10 14:34:45.341312',1523,326,' []   .',' ','GROUP'),(_binary '\0','2025-04-10 14:34:50.752863',1524,326,' []   .','  ','CONTRACT'),(_binary '\0','2025-04-10 14:40:22.937444',1525,327,' []   .',' ','GROUP'),(_binary '\0','2025-04-10 14:40:25.872913',1526,327,' []   .','  ','CONTRACT'),(_binary '\0','2025-04-10 14:44:37.444235',1527,328,' [c5]   .',' ','GROUP'),(_binary '\0','2025-04-10 14:44:40.400058',1528,328,' [c5]   .','  ','CONTRACT'),(_binary '\0','2025-04-10 14:52:33.685735',1529,329,' [ ]   .',' ','GROUP'),(_binary '\0','2025-04-10 14:52:38.718393',1530,329,' [ ]   .','  ','CONTRACT'),(_binary '\0','2025-04-10 14:53:00.873648',1531,329,'    .  .','  ','CONTRACT'),(_binary '\0','2025-04-10 14:53:00.887898',1532,329,'  .','  ','CONTRACT'),(_binary '\0','2025-04-10 14:53:01.095171',1533,329,'  .','  ','CONTRACT'),(_binary '\0','2025-04-10 14:53:07.226587',1534,329,'  .','  ','CONTRACT'),(_binary '\0','2025-04-10 14:53:15.400387',1535,329,'     .','   !','CONTRACT'),(_binary '\0','2025-04-10 14:54:15.655287',1536,326,'    .  .','  ','CONTRACT'),(_binary '\0','2025-04-10 14:54:15.669216',1537,326,'  .','  ','CONTRACT'),(_binary '\0','2025-04-10 14:54:15.873744',1538,326,'  .','  ','CONTRACT'),(_binary '\0','2025-04-10 14:54:45.264209',1539,326,'  .','  ','CONTRACT'),(_binary '\0','2025-04-10 14:54:50.015755',1540,326,'  .','  ','CONTRACT'),(_binary '\0','2025-04-10 14:54:58.399471',1541,326,'     .','   !','CONTRACT');
/*!40000 ALTER TABLE `notification` ENABLE KEYS */;
UNLOCK TABLES;

--
-- Table structure for table `payments`
--

DROP TABLE IF EXISTS `payments`;
/*!40101 SET @saved_cs_client     = @@character_set_client */;
/*!50503 SET character_set_client = utf8mb4 */;
CREATE TABLE `payments` (
  `all_paid` bit(1) NOT NULL,
  `is_deleted` bit(1) DEFAULT NULL,
  `paid_amount` int NOT NULL,
  `payment_month` int NOT NULL,
  `payment_week` int DEFAULT NULL,
  `retry_count` int DEFAULT NULL,
  `total_amount` int NOT NULL,
  `contract_id` bigint NOT NULL,
  `created_at` datetime(6) NOT NULL,
  `deleted_at` datetime(6) DEFAULT NULL,
  `id` bigint NOT NULL AUTO_INCREMENT,
  `last_attempt_date` datetime(6) DEFAULT NULL,
  `next_execution_date` datetime(6) DEFAULT NULL,
  `payment_date` datetime(6) DEFAULT NULL,
  `updated_at` datetime(6) NOT NULL,
  `fee_type` enum('RENT','UTILITY') NOT NULL,
  `payment_status` enum('COLLECTED','DEBT','FAILED','PAID','PARTIALLY_PAID','PENDING','RETRY_PENDING','STARTED') NOT NULL,
  PRIMARY KEY (`id`),
  KEY `contract_id` (`contract_id`),
  KEY `idx_payment_status` (`payment_status`),
  CONSTRAINT `payments_ibfk_1` FOREIGN KEY (`contract_id`) REFERENCES `contracts` (`id`)
) ENGINE=InnoDB AUTO_INCREMENT=77 DEFAULT CHARSET=utf8mb4 COLLATE=utf8mb4_0900_ai_ci;
/*!40101 SET character_set_client = @saved_cs_client */;

--
-- Dumping data for table `payments`
--

LOCK TABLES `payments` WRITE;
/*!40000 ALTER TABLE `payments` DISABLE KEYS */;
INSERT INTO `payments` VALUES (_binary '',_binary '\0',10000,202504,NULL,0,10000,3,'2025-04-02 06:55:38.090864',NULL,2,'2025-04-02 09:00:00.027487','2025-04-01 09:00:00.089556','2025-04-02 09:00:03.153687','2025-04-02 09:00:03.155184','RENT','PAID'),(_binary '',_binary '\0',10000,202504,NULL,0,10000,4,'2025-04-02 08:13:51.088843',NULL,3,'2025-04-02 09:00:00.027470','2025-04-01 09:00:00.087672','2025-04-02 09:00:02.227797','2025-04-02 09:00:02.229123','RENT','PAID'),(_binary '',_binary '\0',10000,202504,NULL,0,10000,7,'2025-04-03 06:10:30.102575',NULL,4,'2025-04-03 06:10:30.158455','2025-04-01 09:00:00.100430','2025-04-03 06:10:30.872924','2025-04-03 06:10:30.873829','RENT','PAID'),(_binary '\0',_binary '\0',0,202505,NULL,0,10000,8,'2025-04-03 08:42:22.230630',NULL,5,NULL,'2025-05-02 09:00:00.000000',NULL,'2025-04-03 08:42:22.230630','RENT','STARTED'),(_binary '',_binary '\0',10000,202504,NULL,0,10000,9,'2025-04-03 08:43:56.923284',NULL,6,'2025-04-03 09:00:00.018239','2025-04-03 09:00:00.000000','2025-04-03 09:00:02.842185','2025-04-03 09:00:02.842828','RENT','PAID'),(_binary '',_binary '\0',10000,202504,NULL,0,10000,10,'2025-04-03 08:44:04.129093',NULL,7,'2025-04-04 09:00:00.035549','2025-04-04 09:00:00.000000',NULL,'2025-04-04 09:00:19.477524','RENT','PAID'),(_binary '',_binary '\0',10000,202504,NULL,0,10000,11,'2025-04-03 08:44:24.513840',NULL,8,'2025-04-05 09:00:00.011737','2025-04-05 09:00:00.000000',NULL,'2025-04-05 09:00:03.528368','RENT','PAID'),(_binary '',_binary '\0',10000,202504,NULL,0,10000,12,'2025-04-03 08:44:28.152380',NULL,9,'2025-04-05 09:00:00.010442','2025-04-05 09:00:00.000000',NULL,'2025-04-05 09:00:20.507608','RENT','PAID'),(_binary '\0',_binary '\0',6667,202504,NULL,5,10000,13,'2025-04-03 08:44:32.356383',NULL,10,'2025-04-10 09:00:02.110569','2025-04-06 09:00:00.000000',NULL,'2025-04-10 09:00:02.111750','RENT','PARTIALLY_PAID'),(_binary '',_binary '\0',10000,202504,NULL,0,10000,14,'2025-04-03 08:44:40.151379',NULL,11,'2025-04-07 09:09:59.209347','2025-04-07 09:00:00.000000',NULL,'2025-04-07 09:10:00.803450','RENT','PAID'),(_binary '',_binary '\0',10000,202504,NULL,1,10000,15,'2025-04-03 08:49:30.935186',NULL,12,'2025-04-04 09:00:02.917783','2025-04-03 09:00:00.000000',NULL,'2025-04-04 09:00:52.637584','RENT','PAID'),(_binary '',_binary '\0',10000,202504,NULL,3,10000,6,'2025-04-04 06:43:45.952313',NULL,13,'2025-04-10 09:00:02.359238','2025-04-08 09:00:00.000000',NULL,'2025-04-10 09:00:02.359808','RENT','RETRY_PENDING'),(_binary '',_binary '\0',10000,202504,NULL,0,10000,22,'2025-04-04 07:46:34.636972',NULL,14,'2025-04-04 09:00:00.021929','2025-04-04 09:00:00.000000',NULL,'2025-04-04 09:00:03.101413','RENT','PAID'),(_binary '',_binary '\0',10000,202504,NULL,0,10000,23,'2025-04-04 08:51:35.028967',NULL,15,'2025-04-04 09:00:00.019544','2025-04-04 09:00:00.000000',NULL,'2025-04-04 09:00:02.890269','RENT','PAID'),(_binary '\0',_binary '\0',0,202504,NULL,5,1000,24,'2025-04-05 14:07:08.826720',NULL,17,'2025-04-10 09:00:02.124220','2025-04-06 09:00:00.000000',NULL,'2025-04-10 09:00:02.124585','RENT','PARTIALLY_PAID'),(_binary '\0',_binary '\0',0,202504,NULL,0,2230000,30,'2025-04-06 08:34:46.821209',NULL,18,NULL,'2025-04-15 09:00:00.000000',NULL,'2025-04-06 08:34:46.821209','RENT','STARTED'),(_binary '\0',_binary '\0',0,202504,NULL,0,200000,26,'2025-04-06 09:23:42.507727',NULL,19,NULL,'2025-04-15 09:00:00.000000',NULL,'2025-04-06 09:23:42.507727','RENT','STARTED'),(_binary '\0',_binary '\0',0,202504,NULL,0,200000,28,'2025-04-06 11:12:39.809811',NULL,20,NULL,'2025-04-15 09:00:00.000000',NULL,'2025-04-06 11:12:39.809811','RENT','STARTED'),(_binary '\0',_binary '\0',0,202504,NULL,0,300000,33,'2025-04-06 14:49:40.624888',NULL,21,NULL,'2025-04-16 09:00:00.000000',NULL,'2025-04-06 14:49:40.624888','RENT','STARTED'),(_binary '',_binary '\0',3000,202504,NULL,0,3000,32,'2025-04-07 00:51:57.746211',NULL,22,'2025-04-07 09:00:00.040423','2025-04-07 09:00:00.000000',NULL,'2025-04-07 09:00:03.481264','RENT','PAID'),(_binary '',_binary '\0',10000,202504,NULL,0,10000,34,'2025-04-07 00:56:24.673891',NULL,23,'2025-04-07 09:00:00.046519','2025-04-07 09:00:00.000000',NULL,'2025-04-07 09:00:03.470773','RENT','PAID'),(_binary '\0',_binary '\0',0,202504,NULL,0,100000,41,'2025-04-07 03:13:11.695470',NULL,24,NULL,'2025-04-15 09:00:00.000000',NULL,'2025-04-07 03:13:11.695470','RENT','STARTED'),(_binary '',_binary '\0',10000,202504,NULL,0,10000,40,'2025-04-07 03:45:17.162608',NULL,25,'2025-04-07 09:00:00.040684','2025-04-07 09:00:00.000000',NULL,'2025-04-07 09:09:59.165837','RENT','PAID'),(_binary '',_binary '\0',10000,202504,NULL,0,10000,43,'2025-04-07 04:05:20.111596',NULL,26,'2025-04-07 09:00:03.512147','2025-04-07 09:00:00.000000',NULL,'2025-04-07 09:09:59.169955','RENT','PAID'),(_binary '',_binary '\0',200000,202504,NULL,0,200000,44,'2025-04-07 04:25:21.201438',NULL,27,'2025-04-07 09:10:00.829631','2025-04-07 09:00:00.000000',NULL,'2025-04-07 09:11:49.083637','RENT','PAID'),(_binary '',_binary '\0',100000,202504,NULL,0,100000,45,'2025-04-07 04:52:13.091437',NULL,28,'2025-04-07 09:09:59.196808','2025-04-07 09:00:00.000000',NULL,'2025-04-07 09:10:00.806543','RENT','PAID'),(_binary '',_binary '\0',10000,202504,NULL,0,10000,47,'2025-04-07 07:10:14.359414',NULL,29,'2025-04-07 09:00:03.504115','2025-04-07 09:00:00.000000',NULL,'2025-04-07 09:09:59.170228','RENT','PAID'),(_binary '\0',_binary '\0',0,202504,NULL,0,100000,49,'2025-04-07 07:55:56.051610',NULL,30,NULL,'2025-04-15 09:00:00.000000',NULL,'2025-04-07 07:55:56.051610','RENT','STARTED'),(_binary '',_binary '\0',100000,202504,NULL,0,100000,48,'2025-04-07 08:06:14.980462',NULL,31,'2025-04-08 09:00:00.013872','2025-04-08 09:00:00.000000',NULL,'2025-04-08 09:00:02.170843','RENT','PAID'),(_binary '',_binary '\0',100000,202504,NULL,0,100000,50,'2025-04-07 08:19:36.678537',NULL,32,'2025-04-08 09:00:02.244207','2025-04-08 09:00:00.000000',NULL,'2025-04-08 09:00:17.714275','RENT','PAID'),(_binary '',_binary '\0',10000,202504,NULL,0,10000,52,'2025-04-07 09:27:11.638638',NULL,34,'2025-04-08 09:00:02.197229','2025-04-08 09:00:00.000000',NULL,'2025-04-08 09:00:17.709430','RENT','PAID'),(_binary '\0',_binary '\0',0,202505,NULL,0,10000,53,'2025-04-07 11:08:26.720781',NULL,35,NULL,'2025-05-07 09:00:00.000000',NULL,'2025-04-07 11:08:26.720781','RENT','STARTED'),(_binary '',_binary '\0',10000,202504,NULL,0,10000,54,'2025-04-07 11:12:37.761406',NULL,36,'2025-04-08 09:00:00.013540','2025-04-08 09:00:00.000000',NULL,'2025-04-08 09:00:02.246925','RENT','PAID'),(_binary '',_binary '\0',200000,202504,NULL,0,200000,55,'2025-04-07 11:26:43.459678',NULL,37,'2025-04-08 09:00:00.013163','2025-04-08 09:00:00.000000',NULL,'2025-04-08 09:00:02.219152','RENT','PAID'),(_binary '',_binary '\0',10000,202411,NULL,0,10000,6,'2025-04-07 09:13:24.721669',NULL,38,NULL,NULL,'2025-11-08 09:00:00.000000','2025-04-07 09:13:24.721669','RENT','COLLECTED'),(_binary '',_binary '\0',10000,202412,NULL,0,10000,6,'2025-04-07 09:13:24.721669',NULL,39,NULL,NULL,'2025-12-08 09:00:00.000000','2025-04-07 09:13:24.721669','RENT','COLLECTED'),(_binary '',_binary '\0',10000,202501,NULL,0,10000,6,'2025-04-07 09:13:24.721669',NULL,40,NULL,NULL,'2025-01-08 09:00:00.000000','2025-04-07 09:13:24.721669','RENT','COLLECTED'),(_binary '',_binary '\0',10000,202502,NULL,0,10000,6,'2025-04-07 09:13:24.721669',NULL,41,NULL,NULL,'2025-02-08 09:00:00.000000','2025-04-07 09:13:24.721669','RENT','COLLECTED'),(_binary '',_binary '\0',10000,202503,NULL,0,10000,6,'2025-04-07 09:13:24.721669',NULL,42,NULL,NULL,'2025-03-08 09:00:00.000000','2025-04-07 09:13:24.721669','RENT','COLLECTED'),(_binary '',_binary '\0',47320,202503,2,0,47200,6,'2025-04-07 23:38:47.000000',NULL,43,NULL,NULL,'2025-03-03 17:00:00.000000','2025-04-10 08:00:11.930646','UTILITY','COLLECTED'),(_binary '',_binary '\0',24900,202503,3,0,24900,6,'2025-04-07 23:38:49.000000',NULL,44,NULL,NULL,'2025-03-10 17:00:00.000000','2025-04-07 23:42:38.000000','UTILITY','COLLECTED'),(_binary '',_binary '\0',34080,202503,4,0,34080,6,'2025-04-07 23:38:52.000000',NULL,45,NULL,NULL,'2025-03-17 17:00:00.000000','2025-04-07 23:42:40.000000','UTILITY','COLLECTED'),(_binary '',_binary '\0',61000,202503,5,0,61000,6,'2025-04-07 23:38:54.000000',NULL,46,NULL,NULL,'2025-03-24 17:00:00.000000','2025-04-07 23:42:42.000000','UTILITY','COLLECTED'),(_binary '',_binary '\0',53900,202503,6,0,53900,6,'2025-04-07 23:38:56.000000',NULL,47,NULL,NULL,'2025-03-31 17:00:00.000000','2025-04-07 23:42:42.000000','UTILITY','COLLECTED'),(_binary '',_binary '\0',76830,202504,1,0,76830,6,'2025-04-07 23:38:57.000000',NULL,48,NULL,NULL,NULL,'2025-04-10 08:00:11.930783','UTILITY','COLLECTED'),(_binary '\0',_binary '\0',0,202504,NULL,0,200000,56,'2025-04-07 14:45:16.394316',NULL,49,NULL,'2025-04-15 09:00:00.000000',NULL,'2025-04-07 14:45:16.394316','RENT','STARTED'),(_binary '',_binary '\0',10000,202504,NULL,0,10000,58,'2025-04-08 01:19:24.976178',NULL,50,'2025-04-08 09:00:00.012589','2025-04-08 09:00:00.000000',NULL,'2025-04-08 09:00:17.714489','RENT','PAID'),(_binary '',_binary '\0',200000,202504,NULL,2,200000,59,'2025-04-08 01:40:45.023953',NULL,51,'2025-04-10 09:00:02.543479','2025-04-09 09:00:00.000000',NULL,'2025-04-10 09:00:02.544161','RENT','RETRY_PENDING'),(_binary '\0',_binary '\0',0,202504,NULL,0,200000,60,'2025-04-08 06:07:03.116339',NULL,52,NULL,'2025-04-15 09:00:00.000000',NULL,'2025-04-08 06:07:03.116339','RENT','STARTED'),(_binary '\0',_binary '\0',0,202504,NULL,0,100000,61,'2025-04-08 06:26:05.150007',NULL,53,NULL,'2025-04-15 09:00:00.000000',NULL,'2025-04-08 06:26:05.150007','RENT','STARTED'),(_binary '\0',_binary '\0',0,202504,NULL,0,100000,63,'2025-04-08 06:33:48.065099',NULL,54,NULL,'2025-04-15 09:00:00.000000',NULL,'2025-04-08 06:33:48.065099','RENT','STARTED'),(_binary '',_binary '\0',200000,202504,NULL,0,200000,67,'2025-04-09 02:50:33.562000',NULL,55,NULL,'2025-04-10 09:00:00.000000','2025-04-09 09:49:40.610291','2025-04-09 09:49:40.652529','RENT','PAID'),(_binary '\0',_binary '\0',0,202505,NULL,0,30000,5,'2025-04-09 03:44:31.663241',NULL,56,NULL,'2025-05-02 09:00:00.000000',NULL,'2025-04-09 03:44:31.663241','RENT','STARTED'),(_binary '\0',_binary '\0',0,202504,NULL,0,200000,68,'2025-04-09 05:02:09.328661',NULL,57,NULL,'2025-04-15 09:00:00.000000',NULL,'2025-04-09 05:02:09.328661','RENT','STARTED'),(_binary '\0',_binary '\0',0,202504,NULL,0,300000,69,'2025-04-09 07:55:34.608018',NULL,58,NULL,'2025-04-15 09:00:00.000000',NULL,'2025-04-09 07:55:34.608018','RENT','STARTED'),(_binary '',_binary '\0',100000,202504,NULL,0,100000,70,'2025-04-09 10:59:55.141666',NULL,59,NULL,'2025-04-10 09:00:00.000000','2025-04-09 11:05:57.263792','2025-04-09 11:05:57.303659','RENT','PAID'),(_binary '',_binary '\0',200000,202504,NULL,0,200000,72,'2025-04-09 12:13:11.573680',NULL,60,NULL,'2025-04-11 09:00:00.000000','2025-04-10 03:48:30.697090','2025-04-10 03:48:30.746456','RENT','PAID'),(_binary '',_binary '\0',200000,202504,NULL,0,200000,73,'2025-04-10 06:27:00.057325',NULL,61,'2025-04-10 09:00:02.140814','2025-04-10 09:00:00.000000',NULL,'2025-04-10 09:00:03.305264','RENT','PAID'),(_binary '',_binary '\0',1000000,202504,NULL,0,1000000,74,'2025-04-10 06:45:52.184244',NULL,62,NULL,'2025-04-10 09:00:00.000000','2025-04-10 06:53:47.572123','2025-04-10 06:53:47.637152','RENT','PAID'),(_binary '',_binary '\0',200000,202504,NULL,0,200000,75,'2025-04-10 08:17:04.141090',NULL,63,NULL,'2025-04-11 09:00:00.000000',NULL,'2025-04-10 09:00:29.693072','RENT','COLLECTED'),(_binary '',_binary '\0',200000,202504,NULL,0,200000,76,'2025-04-10 08:34:50.608229',NULL,64,'2025-04-10 09:00:00.011434','2025-04-10 09:00:00.000000',NULL,'2025-04-10 09:00:02.604472','RENT','PAID'),(_binary '',_binary '\0',200000,202504,NULL,0,200000,77,'2025-04-10 08:47:02.609998',NULL,65,NULL,'2025-04-11 09:00:00.000000',NULL,'2025-04-10 09:00:22.361109','RENT','COLLECTED'),(_binary '\0',_binary '\0',0,202505,NULL,0,200000,76,'2025-04-10 09:00:02.594782',NULL,66,NULL,'2025-05-10 09:00:00.000000',NULL,'2025-04-10 09:00:02.594782','RENT','STARTED'),(_binary '\0',_binary '\0',0,202505,NULL,0,200000,73,'2025-04-10 09:00:03.296747',NULL,67,NULL,'2025-05-10 09:00:00.000000',NULL,'2025-04-10 09:00:03.296747','RENT','STARTED'),(_binary '\0',_binary '\0',0,202504,NULL,0,200000,79,'2025-04-10 09:47:58.336034',NULL,68,NULL,'2025-04-15 09:00:00.000000',NULL,'2025-04-10 09:47:58.336034','RENT','STARTED'),(_binary '\0',_binary '\0',0,202504,NULL,0,300000,78,'2025-04-10 10:19:57.191282',NULL,69,NULL,'2025-04-12 09:00:00.000000',NULL,'2025-04-10 10:19:57.191282','RENT','STARTED'),(_binary '\0',_binary '\0',666667,202504,NULL,0,1000000,80,'2025-04-10 11:29:15.002338',NULL,70,NULL,'2025-04-11 09:00:00.000000',NULL,'2025-04-10 11:29:15.434939','RENT','PARTIALLY_PAID'),(_binary '',_binary '\0',200000,202504,NULL,0,200000,81,'2025-04-10 12:33:57.352165',NULL,71,NULL,'2025-04-11 09:00:00.000000',NULL,'2025-04-10 12:33:57.645483','RENT','COLLECTED'),(_binary '\0',_binary '\0',0,202504,NULL,0,100000,84,'2025-04-10 13:40:58.130392',NULL,72,NULL,'2025-04-15 09:00:00.000000',NULL,'2025-04-10 13:40:58.130392','RENT','STARTED'),(_binary '',_binary '\0',100000,202504,NULL,0,100000,85,'2025-04-10 14:02:00.259427',NULL,73,NULL,'2025-04-11 09:00:00.000000',NULL,'2025-04-10 14:02:00.718339','RENT','COLLECTED'),(_binary '\0',_binary '\0',0,202504,NULL,0,200000,86,'2025-04-10 14:07:00.708476',NULL,74,NULL,'2025-04-15 09:00:00.000000',NULL,'2025-04-10 14:07:00.708476','RENT','STARTED'),(_binary '\0',_binary '\0',0,202504,NULL,0,100000,90,'2025-04-10 14:53:07.237631',NULL,75,NULL,'2025-04-15 09:00:00.000000',NULL,'2025-04-10 14:53:07.237631','RENT','STARTED'),(_binary '\0',_binary '\0',0,202505,NULL,0,1000,87,'2025-04-10 14:54:50.027215',NULL,76,NULL,'2025-05-05 09:00:00.000000',NULL,'2025-04-10 14:54:50.027215','RENT','STARTED');
/*!40000 ALTER TABLE `payments` ENABLE KEYS */;
UNLOCK TABLES;

--
-- Table structure for table `user_payments`
--

DROP TABLE IF EXISTS `user_payments`;
/*!40101 SET @saved_cs_client     = @@character_set_client */;
/*!50503 SET character_set_client = utf8mb4 */;
CREATE TABLE `user_payments` (
  `amount` int DEFAULT NULL,
  `is_deleted` bit(1) DEFAULT NULL,
  `contract_member_id` bigint NOT NULL,
  `created_at` datetime(6) NOT NULL,
  `deleted_at` datetime(6) DEFAULT NULL,
  `id` bigint NOT NULL AUTO_INCREMENT,
  `payment_date` datetime(6) DEFAULT NULL,
  `payment_id` bigint NOT NULL,
  `updated_at` datetime(6) NOT NULL,
  `status` enum('COLLECTED','DEBT','FAILED','PAID','PARTIALLY_PAID','PENDING','RETRY_PENDING','STARTED') NOT NULL,
  PRIMARY KEY (`id`),
  KEY `payment_id` (`payment_id`),
  KEY `contract_member_id` (`contract_member_id`),
  CONSTRAINT `user_payments_ibfk_1` FOREIGN KEY (`payment_id`) REFERENCES `payments` (`id`),
  CONSTRAINT `user_payments_ibfk_2` FOREIGN KEY (`contract_member_id`) REFERENCES `contract_user` (`id`)
) ENGINE=InnoDB AUTO_INCREMENT=255 DEFAULT CHARSET=utf8mb4 COLLATE=utf8mb4_0900_ai_ci;
/*!40101 SET character_set_client = @saved_cs_client */;

--
-- Dumping data for table `user_payments`
--

LOCK TABLES `user_payments` WRITE;
/*!40000 ALTER TABLE `user_payments` DISABLE KEYS */;
INSERT INTO `user_payments` VALUES (3333,_binary '\0',9,'2025-04-02 06:55:38.099368',NULL,5,NULL,2,'2025-04-02 09:00:03.155489','COLLECTED'),(3333,_binary '\0',10,'2025-04-02 06:55:38.106051',NULL,6,NULL,2,'2025-04-02 08:52:58.605803','COLLECTED'),(3333,_binary '\0',11,'2025-04-02 06:55:38.108450',NULL,7,NULL,2,'2025-04-02 09:00:03.155590','COLLECTED'),(1,_binary '\0',12,'2025-04-02 06:55:38.110663',NULL,8,NULL,2,'2025-04-02 09:00:03.156225','COLLECTED'),(3333,_binary '\0',13,'2025-04-02 08:13:51.096627',NULL,9,NULL,3,'2025-04-02 08:13:51.781700','COLLECTED'),(3333,_binary '\0',14,'2025-04-02 08:13:51.102240',NULL,10,NULL,3,'2025-04-02 08:13:51.781804','COLLECTED'),(3333,_binary '\0',15,'2025-04-02 08:13:51.105158',NULL,11,NULL,3,'2025-04-02 08:13:51.781870','COLLECTED'),(1,_binary '\0',16,'2025-04-02 08:13:51.107108',NULL,12,NULL,3,'2025-04-02 08:13:51.781920','COLLECTED'),(3333,_binary '\0',24,'2025-04-03 06:10:30.109531',NULL,13,NULL,4,'2025-04-03 06:10:30.874074','COLLECTED'),(3333,_binary '\0',25,'2025-04-03 06:10:30.113884',NULL,14,NULL,4,'2025-04-03 06:10:30.874146','COLLECTED'),(3333,_binary '\0',26,'2025-04-03 06:10:30.116421',NULL,15,NULL,4,'2025-04-03 06:10:30.874222','COLLECTED'),(1,_binary '\0',27,'2025-04-03 06:10:30.118896',NULL,16,NULL,4,'2025-04-03 06:10:30.874276','COLLECTED'),(3333,_binary '\0',28,'2025-04-03 08:42:22.240250',NULL,17,NULL,5,'2025-04-03 08:42:22.240250','PENDING'),(3333,_binary '\0',29,'2025-04-03 08:42:22.246069',NULL,18,NULL,5,'2025-04-03 08:42:22.246069','PENDING'),(3333,_binary '\0',30,'2025-04-03 08:42:22.250367',NULL,19,NULL,5,'2025-04-03 08:42:22.250367','PENDING'),(1,_binary '\0',31,'2025-04-03 08:42:22.252828',NULL,20,NULL,5,'2025-04-03 08:42:22.252828','PENDING'),(3333,_binary '\0',32,'2025-04-03 08:43:56.928016',NULL,21,NULL,6,'2025-04-03 08:43:57.632904','COLLECTED'),(3333,_binary '\0',33,'2025-04-03 08:43:56.930922',NULL,22,NULL,6,'2025-04-03 08:43:57.632971','COLLECTED'),(3333,_binary '\0',34,'2025-04-03 08:43:56.935457',NULL,23,NULL,6,'2025-04-03 08:43:57.633020','COLLECTED'),(1,_binary '\0',35,'2025-04-03 08:43:56.937755',NULL,24,NULL,6,'2025-04-03 08:43:57.633072','COLLECTED'),(3333,_binary '\0',36,'2025-04-03 08:44:04.133657',NULL,25,NULL,7,'2025-04-03 09:00:03.321001','COLLECTED'),(3333,_binary '\0',37,'2025-04-03 08:44:04.136816',NULL,26,NULL,7,'2025-04-03 09:00:03.321164','COLLECTED'),(3333,_binary '\0',38,'2025-04-03 08:44:04.138928',NULL,27,NULL,7,'2025-04-03 09:00:03.321211','COLLECTED'),(1,_binary '\0',39,'2025-04-03 08:44:04.141331',NULL,28,NULL,7,'2025-04-03 09:00:03.321245','COLLECTED'),(3333,_binary '\0',40,'2025-04-03 08:44:24.516336',NULL,29,NULL,8,'2025-04-04 09:01:41.538547','COLLECTED'),(3333,_binary '\0',41,'2025-04-03 08:44:24.518426',NULL,30,NULL,8,'2025-04-04 09:01:41.538613','COLLECTED'),(3333,_binary '\0',42,'2025-04-03 08:44:24.520825',NULL,31,NULL,8,'2025-04-04 09:01:41.538671','COLLECTED'),(1,_binary '\0',43,'2025-04-03 08:44:24.522673',NULL,32,NULL,8,'2025-04-04 09:01:41.538720','COLLECTED'),(3333,_binary '\0',44,'2025-04-03 08:44:28.155287',NULL,33,NULL,9,'2025-04-05 09:00:20.507760','COLLECTED'),(3333,_binary '\0',45,'2025-04-03 08:44:28.158631',NULL,34,NULL,9,'2025-04-04 09:01:41.538472','COLLECTED'),(3333,_binary '\0',46,'2025-04-03 08:44:28.161063',NULL,35,NULL,9,'2025-04-04 09:01:41.538533','COLLECTED'),(1,_binary '\0',47,'2025-04-03 08:44:28.163347',NULL,36,NULL,9,'2025-04-04 09:01:41.538584','COLLECTED'),(3333,_binary '\0',48,'2025-04-03 08:44:32.359390',NULL,37,NULL,10,'2025-04-05 09:00:53.407150','FAILED'),(3333,_binary '\0',49,'2025-04-03 08:44:32.361603',NULL,38,NULL,10,'2025-04-05 09:00:53.407205','COLLECTED'),(3333,_binary '\0',50,'2025-04-03 08:44:32.363628',NULL,39,NULL,10,'2025-04-05 09:00:53.407238','COLLECTED'),(1,_binary '\0',51,'2025-04-03 08:44:32.365853',NULL,40,NULL,10,'2025-04-05 09:00:53.407653','COLLECTED'),(3333,_binary '\0',52,'2025-04-03 08:44:40.154947',NULL,41,NULL,11,'2025-04-06 09:00:36.407827','COLLECTED'),(3333,_binary '\0',53,'2025-04-03 08:44:40.157185',NULL,42,NULL,11,'2025-04-06 09:00:36.407874','COLLECTED'),(3333,_binary '\0',54,'2025-04-03 08:44:40.158907',NULL,43,NULL,11,'2025-04-06 09:00:36.407914','COLLECTED'),(1,_binary '\0',55,'2025-04-03 08:44:40.161483',NULL,44,NULL,11,'2025-04-06 09:00:36.407948','COLLECTED'),(3333,_binary '\0',56,'2025-04-03 08:49:30.938638',NULL,45,NULL,12,'2025-04-04 09:00:52.637882','COLLECTED'),(3333,_binary '\0',57,'2025-04-03 08:49:30.941178',NULL,46,NULL,12,'2025-04-03 08:49:31.464912','COLLECTED'),(3333,_binary '\0',58,'2025-04-03 08:49:30.943911',NULL,47,NULL,12,'2025-04-03 08:49:31.464949','COLLECTED'),(1,_binary '\0',59,'2025-04-03 08:49:30.946101',NULL,48,NULL,12,'2025-04-03 08:49:31.465527','COLLECTED'),(300,_binary '\0',20,'2025-04-04 06:43:45.960658',NULL,49,NULL,13,'2025-04-07 09:13:24.721931','COLLECTED'),(300,_binary '\0',21,'2025-04-04 06:43:45.965073',NULL,50,NULL,13,'2025-04-07 09:13:24.722013','COLLECTED'),(300,_binary '\0',22,'2025-04-04 06:43:45.966612',NULL,51,NULL,13,'2025-04-07 09:13:24.722741','COLLECTED'),(1,_binary '\0',23,'2025-04-04 06:43:45.968630',NULL,52,NULL,13,'2025-04-07 09:13:24.722866','COLLECTED'),(3333,_binary '\0',66,'2025-04-04 07:46:34.640438',NULL,53,NULL,14,'2025-04-04 07:56:30.879281','COLLECTED'),(3333,_binary '\0',67,'2025-04-04 07:46:34.643272',NULL,54,NULL,14,'2025-04-04 07:56:30.879388','COLLECTED'),(3333,_binary '\0',68,'2025-04-04 07:46:34.645338',NULL,55,NULL,14,'2025-04-04 07:56:30.879593','COLLECTED'),(1,_binary '\0',69,'2025-04-04 07:46:34.646733',NULL,56,NULL,14,'2025-04-04 07:56:30.879660','COLLECTED'),(3333,_binary '\0',70,'2025-04-04 08:51:35.037381',NULL,57,NULL,15,'2025-04-04 08:51:52.035981','COLLECTED'),(3333,_binary '\0',71,'2025-04-04 08:51:35.042597',NULL,58,NULL,15,'2025-04-04 08:51:52.036102','COLLECTED'),(3333,_binary '\0',72,'2025-04-04 08:51:35.045022',NULL,59,NULL,15,'2025-04-04 08:51:52.036183','COLLECTED'),(1,_binary '\0',73,'2025-04-04 08:51:35.047064',NULL,60,NULL,15,'2025-04-04 08:51:52.036355','COLLECTED'),(1000,_binary '\0',74,'2025-04-05 14:07:08.833705',NULL,65,NULL,17,'2025-04-05 14:07:08.985062','FAILED'),(0,_binary '\0',75,'2025-04-05 14:07:08.837745',NULL,66,NULL,17,'2025-04-05 14:07:08.985130','COLLECTED'),(1115000,_binary '\0',82,'2025-04-06 08:34:46.827840',NULL,67,NULL,18,'2025-04-06 08:34:46.827840','PENDING'),(1115000,_binary '\0',83,'2025-04-06 08:34:46.832099',NULL,68,NULL,18,'2025-04-06 08:34:46.832099','PENDING'),(0,_binary '\0',84,'2025-04-06 08:34:46.834064',NULL,69,NULL,18,'2025-04-06 08:34:46.834064','PENDING'),(100000,_binary '\0',76,'2025-04-06 09:23:42.515735',NULL,70,NULL,19,'2025-04-06 09:23:42.515735','PENDING'),(100000,_binary '\0',77,'2025-04-06 09:23:42.520595',NULL,71,NULL,19,'2025-04-06 09:23:42.520595','PENDING'),(0,_binary '\0',78,'2025-04-06 09:23:42.523661',NULL,72,NULL,19,'2025-04-06 09:23:42.523661','PENDING'),(100000,_binary '\0',79,'2025-04-06 11:12:39.819574',NULL,73,NULL,20,'2025-04-06 11:12:39.819574','PENDING'),(100000,_binary '\0',80,'2025-04-06 11:12:39.824708',NULL,74,NULL,20,'2025-04-06 11:12:39.824708','PENDING'),(0,_binary '\0',81,'2025-04-06 11:12:39.826540',NULL,75,NULL,20,'2025-04-06 11:12:39.826540','PENDING'),(100000,_binary '\0',87,'2025-04-06 14:49:40.629184',NULL,76,NULL,21,'2025-04-06 14:49:40.629184','PENDING'),(100000,_binary '\0',88,'2025-04-06 14:49:40.632930',NULL,77,NULL,21,'2025-04-06 14:49:40.632930','PENDING'),(100000,_binary '\0',89,'2025-04-06 14:49:40.635519',NULL,78,NULL,21,'2025-04-06 14:49:40.635519','PENDING'),(0,_binary '\0',90,'2025-04-06 14:49:40.637803',NULL,79,NULL,21,'2025-04-06 14:49:40.637803','PENDING'),(3000,_binary '\0',85,'2025-04-07 00:51:57.752521',NULL,80,NULL,22,'2025-04-07 00:51:57.953944','COLLECTED'),(0,_binary '\0',86,'2025-04-07 00:51:57.756970',NULL,81,NULL,22,'2025-04-07 00:51:57.954012','COLLECTED'),(5000,_binary '\0',91,'2025-04-07 00:56:24.681563',NULL,82,NULL,23,'2025-04-07 00:56:25.161569','COLLECTED'),(5000,_binary '\0',92,'2025-04-07 00:56:24.688841',NULL,83,NULL,23,'2025-04-07 00:56:25.161648','COLLECTED'),(0,_binary '\0',93,'2025-04-07 00:56:24.691770',NULL,84,NULL,23,'2025-04-07 00:56:25.161735','COLLECTED'),(100000,_binary '\0',106,'2025-04-07 03:13:11.702286',NULL,85,NULL,24,'2025-04-07 03:13:11.702286','PENDING'),(0,_binary '\0',107,'2025-04-07 03:13:11.706697',NULL,86,NULL,24,'2025-04-07 03:13:11.706697','PENDING'),(10000,_binary '\0',104,'2025-04-07 03:45:17.164686',NULL,87,NULL,25,'2025-04-07 03:45:17.355754','COLLECTED'),(0,_binary '\0',105,'2025-04-07 03:45:17.166434',NULL,88,NULL,25,'2025-04-07 03:45:17.355802','COLLECTED'),(3333,_binary '\0',111,'2025-04-07 04:05:20.113350',NULL,89,NULL,26,'2025-04-07 04:05:21.284014','COLLECTED'),(6666,_binary '\0',112,'2025-04-07 04:05:20.115084',NULL,90,NULL,26,'2025-04-07 04:05:21.284057','COLLECTED'),(1,_binary '\0',113,'2025-04-07 04:05:20.116719',NULL,91,NULL,26,'2025-04-07 04:05:21.284089','COLLECTED'),(133333,_binary '\0',114,'2025-04-07 04:25:21.207745',NULL,92,NULL,27,'2025-04-07 04:25:22.188910','COLLECTED'),(66666,_binary '\0',115,'2025-04-07 04:25:21.213564',NULL,93,NULL,27,'2025-04-07 04:25:22.188985','COLLECTED'),(1,_binary '\0',116,'2025-04-07 04:25:21.215903',NULL,94,NULL,27,'2025-04-07 04:25:22.189040','COLLECTED'),(62500,_binary '\0',117,'2025-04-07 04:52:13.098499',NULL,95,NULL,28,'2025-04-07 04:52:13.406352','COLLECTED'),(37500,_binary '\0',118,'2025-04-07 04:52:13.104103',NULL,96,NULL,28,'2025-04-07 04:52:13.406416','COLLECTED'),(0,_binary '\0',119,'2025-04-07 04:52:13.107019',NULL,97,NULL,28,'2025-04-07 04:52:13.406459','COLLECTED'),(3333,_binary '\0',123,'2025-04-07 07:10:14.367708',NULL,98,NULL,29,'2025-04-07 07:20:10.625946','COLLECTED'),(3333,_binary '\0',124,'2025-04-07 07:10:14.374518',NULL,99,NULL,29,'2025-04-07 07:20:10.626057','COLLECTED'),(3333,_binary '\0',125,'2025-04-07 07:10:14.377925',NULL,100,NULL,29,'2025-04-07 07:20:10.626120','COLLECTED'),(1,_binary '\0',126,'2025-04-07 07:10:14.379943',NULL,101,NULL,29,'2025-04-07 07:20:10.626174','COLLECTED'),(100000,_binary '\0',131,'2025-04-07 07:55:56.054095',NULL,102,NULL,30,'2025-04-07 07:55:56.054095','PENDING'),(0,_binary '\0',132,'2025-04-07 07:55:56.056240',NULL,103,NULL,30,'2025-04-07 07:55:56.056240','PENDING'),(33333,_binary '\0',127,'2025-04-07 08:06:14.982916',NULL,104,NULL,31,'2025-04-07 09:11:49.088326','COLLECTED'),(33333,_binary '\0',128,'2025-04-07 08:06:14.984542',NULL,105,NULL,31,'2025-04-07 09:11:49.091136','COLLECTED'),(33333,_binary '\0',129,'2025-04-07 08:06:14.985992',NULL,106,NULL,31,'2025-04-07 09:11:49.091274','COLLECTED'),(1,_binary '\0',130,'2025-04-07 08:06:14.987621',NULL,107,NULL,31,'2025-04-07 09:11:49.091364','COLLECTED'),(33333,_binary '\0',133,'2025-04-07 08:19:36.681239',NULL,108,NULL,32,'2025-04-07 09:13:24.999140','COLLECTED'),(33333,_binary '\0',134,'2025-04-07 08:19:36.682755',NULL,109,NULL,32,'2025-04-07 09:13:24.999222','COLLECTED'),(33333,_binary '\0',135,'2025-04-07 08:19:36.685059',NULL,110,NULL,32,'2025-04-07 09:13:24.999278','COLLECTED'),(1,_binary '\0',136,'2025-04-07 08:19:36.686631',NULL,111,NULL,32,'2025-04-07 09:13:24.999350','COLLECTED'),(3333,_binary '\0',140,'2025-04-07 09:27:11.642495',NULL,115,NULL,34,'2025-04-07 09:27:13.367686','COLLECTED'),(3333,_binary '\0',141,'2025-04-07 09:27:11.644371',NULL,116,NULL,34,'2025-04-07 09:27:13.367741','COLLECTED'),(3333,_binary '\0',142,'2025-04-07 09:27:11.646720',NULL,117,NULL,34,'2025-04-07 09:27:13.367809','COLLECTED'),(1,_binary '\0',143,'2025-04-07 09:27:11.648689',NULL,118,NULL,34,'2025-04-07 09:27:13.367855','COLLECTED'),(3333,_binary '\0',144,'2025-04-07 11:08:26.728094',NULL,119,NULL,35,'2025-04-07 11:08:26.728094','PENDING'),(3333,_binary '\0',145,'2025-04-07 11:08:26.733505',NULL,120,NULL,35,'2025-04-07 11:08:26.733505','PENDING'),(3333,_binary '\0',146,'2025-04-07 11:08:26.736683',NULL,121,NULL,35,'2025-04-07 11:08:26.736683','PENDING'),(1,_binary '\0',147,'2025-04-07 11:08:26.738943',NULL,122,NULL,35,'2025-04-07 11:08:26.738943','PENDING'),(3333,_binary '\0',148,'2025-04-07 11:12:37.764219',NULL,123,NULL,36,'2025-04-07 11:12:46.728277','COLLECTED'),(3333,_binary '\0',149,'2025-04-07 11:12:37.766711',NULL,124,NULL,36,'2025-04-07 11:12:46.728368','COLLECTED'),(3333,_binary '\0',150,'2025-04-07 11:12:37.769604',NULL,125,NULL,36,'2025-04-07 11:12:46.728417','COLLECTED'),(1,_binary '\0',151,'2025-04-07 11:12:37.771528',NULL,126,NULL,36,'2025-04-07 11:12:46.728460','COLLECTED'),(133333,_binary '\0',152,'2025-04-07 11:26:43.462835',NULL,127,NULL,37,'2025-04-07 11:26:52.014693','COLLECTED'),(66666,_binary '\0',153,'2025-04-07 11:26:43.464493',NULL,128,NULL,37,'2025-04-07 11:26:52.014749','COLLECTED'),(1,_binary '\0',154,'2025-04-07 11:26:43.465928',NULL,129,NULL,37,'2025-04-07 11:26:52.014798','COLLECTED'),(300,_binary '\0',20,'2025-04-07 09:13:24.721669',NULL,130,'2025-11-08 09:00:00.000000',38,'2025-04-07 09:13:24.721669','COLLECTED'),(300,_binary '\0',21,'2025-04-07 09:13:24.721669',NULL,131,'2025-11-08 09:00:00.000000',38,'2025-04-07 09:13:24.721669','COLLECTED'),(300,_binary '\0',22,'2025-04-07 09:13:24.721669',NULL,132,'2025-11-08 09:00:00.000000',38,'2025-04-07 09:13:24.721669','COLLECTED'),(100,_binary '\0',23,'2025-04-07 09:13:24.721669',NULL,133,'2025-11-08 09:00:00.000000',38,'2025-04-07 09:13:24.721669','COLLECTED'),(300,_binary '\0',20,'2025-04-07 09:13:24.721669',NULL,134,'2025-12-08 09:00:00.000000',39,'2025-04-07 09:13:24.721669','COLLECTED'),(300,_binary '\0',21,'2025-04-07 09:13:24.721669',NULL,135,'2025-12-08 09:00:00.000000',39,'2025-04-07 09:13:24.721669','COLLECTED'),(300,_binary '\0',22,'2025-04-07 09:13:24.721669',NULL,136,'2025-12-08 09:00:00.000000',39,'2025-04-07 09:13:24.721669','COLLECTED'),(100,_binary '\0',23,'2025-04-07 09:13:24.721669',NULL,137,'2025-12-08 09:00:00.000000',39,'2025-04-07 09:13:24.721669','COLLECTED'),(300,_binary '\0',20,'2025-04-07 09:13:24.721669',NULL,138,'2025-01-08 09:00:00.000000',40,'2025-04-07 09:13:24.721669','COLLECTED'),(300,_binary '\0',21,'2025-04-07 09:13:24.721669',NULL,139,'2025-01-08 09:00:00.000000',40,'2025-04-07 09:13:24.721669','COLLECTED'),(300,_binary '\0',22,'2025-04-07 09:13:24.721669',NULL,140,'2025-01-08 09:00:00.000000',40,'2025-04-07 09:13:24.721669','COLLECTED'),(100,_binary '\0',23,'2025-04-07 09:13:24.721669',NULL,141,'2025-01-08 09:00:00.000000',40,'2025-04-07 09:13:24.721669','COLLECTED'),(300,_binary '\0',20,'2025-04-07 09:13:24.721669',NULL,142,'2025-02-08 09:00:00.000000',41,'2025-04-07 09:13:24.721669','COLLECTED'),(300,_binary '\0',21,'2025-04-07 09:13:24.721669',NULL,143,'2025-02-08 09:00:00.000000',41,'2025-04-07 09:13:24.721669','COLLECTED'),(300,_binary '\0',22,'2025-04-07 09:13:24.721669',NULL,144,'2025-02-08 09:00:00.000000',41,'2025-04-07 09:13:24.721669','COLLECTED'),(100,_binary '\0',23,'2025-04-07 09:13:24.721669',NULL,145,'2025-02-08 09:00:00.000000',41,'2025-04-07 09:13:24.721669','COLLECTED'),(300,_binary '\0',20,'2025-04-07 09:13:24.721669',NULL,146,'2025-03-08 09:00:00.000000',42,'2025-04-07 09:13:24.721669','COLLECTED'),(300,_binary '\0',21,'2025-04-07 09:13:24.721669',NULL,147,'2025-03-08 09:00:00.000000',42,'2025-04-07 09:13:24.721669','COLLECTED'),(300,_binary '\0',22,'2025-04-07 09:13:24.721669',NULL,148,'2025-03-08 09:00:00.000000',42,'2025-04-07 09:13:24.721669','COLLECTED'),(100,_binary '\0',23,'2025-04-07 09:13:24.721669',NULL,149,'2025-03-08 09:00:00.000000',42,'2025-04-07 09:13:24.721669','COLLECTED'),(25000,_binary '\0',155,'2025-04-07 14:45:16.404778',NULL,150,NULL,49,'2025-04-07 14:45:16.404778','PENDING'),(175000,_binary '\0',156,'2025-04-07 14:45:16.411781',NULL,151,NULL,49,'2025-04-07 14:45:16.411781','PENDING'),(0,_binary '\0',157,'2025-04-07 14:45:16.414284',NULL,152,NULL,49,'2025-04-07 14:45:16.414284','PENDING'),(15773,_binary '\0',20,'2025-04-07 23:45:42.000000',NULL,153,'2025-03-03 17:00:00.000000',43,'2025-04-07 23:46:14.000000','COLLECTED'),(15773,_binary '\0',21,'2025-04-07 23:45:43.000000',NULL,154,'2025-03-03 17:00:00.000000',43,'2025-04-07 23:46:15.000000','COLLECTED'),(15773,_binary '\0',22,'2025-04-07 23:45:44.000000',NULL,155,'2025-03-03 17:00:00.000000',43,'2025-04-07 23:46:16.000000','COLLECTED'),(1,_binary '\0',23,'2025-04-07 23:45:45.000000',NULL,156,'2025-03-03 17:00:00.000000',43,'2025-04-07 23:46:17.000000','COLLECTED'),(8300,_binary '\0',20,'2025-04-07 23:48:50.000000',NULL,157,'2025-03-10 17:00:00.000000',44,'2025-04-07 23:46:17.000000','COLLECTED'),(8300,_binary '\0',21,'2025-04-07 23:48:51.000000',NULL,158,'2025-03-10 17:00:00.000000',44,'2025-04-07 23:46:17.000000','COLLECTED'),(8300,_binary '\0',22,'2025-04-07 23:48:52.000000',NULL,159,'2025-03-10 17:00:00.000000',44,'2025-04-07 23:46:17.000000','COLLECTED'),(0,_binary '\0',23,'2025-04-07 23:48:54.000000',NULL,160,'2025-03-10 17:00:00.000000',44,'2025-04-07 23:46:17.000000','COLLECTED'),(11360,_binary '\0',20,'2025-04-08 00:33:46.000000',NULL,161,'2025-03-17 17:00:00.000000',45,'2025-04-08 00:35:29.000000','COLLECTED'),(11360,_binary '\0',21,'2025-04-08 00:33:47.000000',NULL,162,'2025-03-17 17:00:00.000000',45,'2025-04-08 00:35:29.000000','COLLECTED'),(11360,_binary '\0',22,'2025-04-08 00:33:48.000000',NULL,163,'2025-03-17 17:00:00.000000',45,'2025-04-08 00:35:29.000000','COLLECTED'),(0,_binary '\0',23,'2025-04-08 00:34:58.000000',NULL,164,'2025-03-17 17:00:00.000000',45,'2025-04-08 00:35:29.000000','COLLECTED'),(20333,_binary '\0',20,'2025-04-08 00:34:58.000000',NULL,165,'2025-03-24 17:00:00.000000',46,'2025-04-08 00:35:29.000000','COLLECTED'),(20333,_binary '\0',21,'2025-04-08 00:34:58.000000',NULL,166,'2025-03-24 17:00:00.000000',46,'2025-04-08 00:35:29.000000','COLLECTED'),(20333,_binary '\0',22,'2025-04-08 00:34:58.000000',NULL,167,'2025-03-24 17:00:00.000000',46,'2025-04-08 00:35:29.000000','COLLECTED'),(1,_binary '\0',23,'2025-04-08 00:34:58.000000',NULL,168,'2025-03-24 17:00:00.000000',46,'2025-04-08 00:35:29.000000','COLLECTED'),(17966,_binary '\0',20,'2025-04-08 00:34:58.000000',NULL,169,'2025-03-31 17:00:00.000000',47,'2025-04-08 00:35:29.000000','COLLECTED'),(17966,_binary '\0',21,'2025-04-08 00:34:58.000000',NULL,170,'2025-03-31 17:00:00.000000',47,'2025-04-08 00:35:29.000000','COLLECTED'),(17966,_binary '\0',22,'2025-04-08 00:34:58.000000',NULL,171,'2025-03-31 17:00:00.000000',47,'2025-04-08 00:35:29.000000','COLLECTED'),(2,_binary '\0',23,'2025-04-08 00:34:58.000000',NULL,172,'2025-03-31 17:00:00.000000',47,'2025-04-08 00:35:29.000000','COLLECTED'),(25610,_binary '\0',20,'2025-04-08 00:34:58.000000',NULL,173,NULL,48,'2025-04-10 08:00:11.931664','COLLECTED'),(25610,_binary '\0',21,'2025-04-08 00:34:58.000000',NULL,174,NULL,48,'2025-04-10 08:00:11.931739','COLLECTED'),(25610,_binary '\0',22,'2025-04-08 00:34:58.000000',NULL,175,NULL,48,'2025-04-10 08:00:11.931772','COLLECTED'),(0,_binary '\0',23,'2025-04-08 00:34:58.000000',NULL,176,NULL,48,'2025-04-10 08:00:11.931802','COLLECTED'),(3333,_binary '\0',161,'2025-04-08 01:19:24.985968',NULL,177,NULL,50,'2025-04-08 01:19:34.185203','COLLECTED'),(6666,_binary '\0',162,'2025-04-08 01:19:24.992542',NULL,178,NULL,50,'2025-04-08 01:19:34.185259','COLLECTED'),(1,_binary '\0',163,'2025-04-08 01:19:24.995170',NULL,179,NULL,50,'2025-04-08 01:19:34.185322','COLLECTED'),(66666,_binary '\0',164,'2025-04-08 01:40:45.031336',NULL,180,NULL,51,'2025-04-08 09:00:55.306323','COLLECTED'),(133333,_binary '\0',165,'2025-04-08 01:40:45.035896',NULL,181,NULL,51,'2025-04-08 09:00:55.309143','COLLECTED'),(1,_binary '\0',166,'2025-04-08 01:40:45.038282',NULL,182,NULL,51,'2025-04-08 09:00:55.309232','COLLECTED'),(100000,_binary '\0',167,'2025-04-08 06:07:03.122649',NULL,183,NULL,52,'2025-04-08 06:07:03.122649','PENDING'),(100000,_binary '\0',168,'2025-04-08 06:07:03.127969',NULL,184,NULL,52,'2025-04-08 06:07:03.127969','PENDING'),(0,_binary '\0',169,'2025-04-08 06:07:03.130240',NULL,185,NULL,52,'2025-04-08 06:07:03.130240','PENDING'),(100000,_binary '\0',170,'2025-04-08 06:26:05.153429',NULL,186,NULL,53,'2025-04-08 06:26:05.153429','PENDING'),(0,_binary '\0',171,'2025-04-08 06:26:05.155050',NULL,187,NULL,53,'2025-04-08 06:26:05.155050','PENDING'),(100000,_binary '\0',174,'2025-04-08 06:33:48.069675',NULL,188,NULL,54,'2025-04-08 06:33:48.069675','PENDING'),(0,_binary '\0',175,'2025-04-08 06:33:48.071246',NULL,189,NULL,54,'2025-04-08 06:33:48.071246','PENDING'),(133333,_binary '\0',185,'2025-04-09 02:50:33.573102',NULL,190,NULL,55,'2025-04-09 09:00:03.799249','COLLECTED'),(66666,_binary '\0',186,'2025-04-09 02:50:33.580418',NULL,191,NULL,55,'2025-04-09 09:00:03.799330','COLLECTED'),(1,_binary '\0',187,'2025-04-09 02:50:33.582424',NULL,192,NULL,55,'2025-04-09 09:00:03.799364','COLLECTED'),(15000,_binary '\0',17,'2025-04-09 03:44:31.665081',NULL,193,NULL,56,'2025-04-09 03:44:31.665081','PENDING'),(15000,_binary '\0',18,'2025-04-09 03:44:31.666545',NULL,194,NULL,56,'2025-04-09 03:44:31.666545','PENDING'),(0,_binary '\0',19,'2025-04-09 03:44:31.668693',NULL,195,NULL,56,'2025-04-09 03:44:31.668693','PENDING'),(100000,_binary '\0',188,'2025-04-09 05:02:09.336596',NULL,196,NULL,57,'2025-04-09 05:02:09.336596','PENDING'),(100000,_binary '\0',189,'2025-04-09 05:02:09.342712',NULL,197,NULL,57,'2025-04-09 05:02:09.342712','PENDING'),(0,_binary '\0',190,'2025-04-09 05:02:09.345119',NULL,198,NULL,57,'2025-04-09 05:02:09.345119','PENDING'),(100000,_binary '\0',191,'2025-04-09 07:55:34.618730',NULL,199,NULL,58,'2025-04-09 07:55:34.618730','PENDING'),(100000,_binary '\0',192,'2025-04-09 07:55:34.624944',NULL,200,NULL,58,'2025-04-09 07:55:34.624944','PENDING'),(100000,_binary '\0',193,'2025-04-09 07:55:34.626411',NULL,201,NULL,58,'2025-04-09 07:55:34.626411','PENDING'),(0,_binary '\0',194,'2025-04-09 07:55:34.629447',NULL,202,NULL,58,'2025-04-09 07:55:34.629447','PENDING'),(33333,_binary '\0',195,'2025-04-09 10:59:55.146977',NULL,203,NULL,59,'2025-04-09 11:05:48.421005','COLLECTED'),(66666,_binary '\0',196,'2025-04-09 10:59:55.149677',NULL,204,NULL,59,'2025-04-09 10:59:55.539385','COLLECTED'),(1,_binary '\0',197,'2025-04-09 10:59:55.151893',NULL,205,NULL,59,'2025-04-09 10:59:55.539412','COLLECTED'),(100000,_binary '\0',200,'2025-04-09 12:13:11.581052',NULL,206,NULL,60,'2025-04-10 03:44:31.861072','COLLECTED'),(100000,_binary '\0',201,'2025-04-09 12:13:11.585885',NULL,207,NULL,60,'2025-04-10 03:44:41.560775','COLLECTED'),(0,_binary '\0',202,'2025-04-09 12:13:11.588026',NULL,208,NULL,60,'2025-04-09 12:13:11.588026','PENDING'),(100000,_binary '\0',203,'2025-04-10 06:27:00.064432',NULL,209,NULL,61,'2025-04-10 06:27:00.483094','COLLECTED'),(100000,_binary '\0',204,'2025-04-10 06:27:00.069607',NULL,210,NULL,61,'2025-04-10 06:27:00.483197','COLLECTED'),(0,_binary '\0',205,'2025-04-10 06:27:00.071571',NULL,211,NULL,61,'2025-04-10 06:27:00.483252','COLLECTED'),(400000,_binary '\0',206,'2025-04-10 06:45:52.186739',NULL,212,NULL,62,'2025-04-10 06:45:52.590090','COLLECTED'),(400000,_binary '\0',207,'2025-04-10 06:45:52.188696',NULL,213,NULL,62,'2025-04-10 06:53:03.235154','COLLECTED'),(200000,_binary '\0',208,'2025-04-10 06:45:52.190439',NULL,214,NULL,62,'2025-04-10 06:45:52.590186','COLLECTED'),(0,_binary '\0',209,'2025-04-10 06:45:52.192714',NULL,215,NULL,62,'2025-04-10 06:45:52.590222','COLLECTED'),(66666,_binary '\0',210,'2025-04-10 08:17:04.143433',NULL,216,NULL,63,'2025-04-10 09:00:29.693228','COLLECTED'),(133333,_binary '\0',211,'2025-04-10 08:17:04.146690',NULL,217,NULL,63,'2025-04-10 09:00:29.693270','COLLECTED'),(1,_binary '\0',212,'2025-04-10 08:17:04.149488',NULL,218,NULL,63,'2025-04-10 09:00:29.693322','COLLECTED'),(66666,_binary '\0',213,'2025-04-10 08:34:50.610344',NULL,219,NULL,64,'2025-04-10 08:34:59.486999','COLLECTED'),(133333,_binary '\0',214,'2025-04-10 08:34:50.612700',NULL,220,NULL,64,'2025-04-10 08:34:59.487093','COLLECTED'),(1,_binary '\0',215,'2025-04-10 08:34:50.614811',NULL,221,NULL,64,'2025-04-10 08:34:59.487132','COLLECTED'),(66666,_binary '\0',216,'2025-04-10 08:47:02.612040',NULL,222,NULL,65,'2025-04-10 09:00:22.361245','COLLECTED'),(133333,_binary '\0',217,'2025-04-10 08:47:02.613651',NULL,223,NULL,65,'2025-04-10 09:00:22.361285','COLLECTED'),(1,_binary '\0',218,'2025-04-10 08:47:02.616504',NULL,224,NULL,65,'2025-04-10 09:00:22.361336','COLLECTED'),(66666,_binary '\0',213,'2025-04-10 09:00:02.598415',NULL,225,NULL,66,'2025-04-10 09:00:02.598415','PENDING'),(133333,_binary '\0',214,'2025-04-10 09:00:02.600827',NULL,226,NULL,66,'2025-04-10 09:00:02.600827','PENDING'),(1,_binary '\0',215,'2025-04-10 09:00:02.602795',NULL,227,NULL,66,'2025-04-10 09:00:02.602795','PENDING'),(100000,_binary '\0',203,'2025-04-10 09:00:03.299426',NULL,228,NULL,67,'2025-04-10 09:00:03.299426','PENDING'),(100000,_binary '\0',204,'2025-04-10 09:00:03.301428',NULL,229,NULL,67,'2025-04-10 09:00:03.301428','PENDING'),(0,_binary '\0',205,'2025-04-10 09:00:03.302966',NULL,230,NULL,67,'2025-04-10 09:00:03.302966','PENDING'),(100000,_binary '\0',223,'2025-04-10 09:47:58.338810',NULL,231,NULL,68,'2025-04-10 09:47:58.338810','PENDING'),(100000,_binary '\0',224,'2025-04-10 09:47:58.341293',NULL,232,NULL,68,'2025-04-10 09:47:58.341293','PENDING'),(0,_binary '\0',225,'2025-04-10 09:47:58.343481',NULL,233,NULL,68,'2025-04-10 09:47:58.343481','PENDING'),(150000,_binary '\0',219,'2025-04-10 10:19:57.193652',NULL,234,NULL,69,'2025-04-10 10:19:57.193652','PENDING'),(120000,_binary '\0',220,'2025-04-10 10:19:57.195156',NULL,235,NULL,69,'2025-04-10 10:19:57.195156','PENDING'),(30000,_binary '\0',221,'2025-04-10 10:19:57.196791',NULL,236,NULL,69,'2025-04-10 10:19:57.196791','PENDING'),(0,_binary '\0',222,'2025-04-10 10:19:57.198354',NULL,237,NULL,69,'2025-04-10 10:19:57.198354','PENDING'),(333333,_binary '\0',226,'2025-04-10 11:29:15.004510',NULL,238,NULL,70,'2025-04-10 11:29:15.435115','FAILED'),(666666,_binary '\0',227,'2025-04-10 11:29:15.007072',NULL,239,NULL,70,'2025-04-10 11:29:15.435151','COLLECTED'),(1,_binary '\0',228,'2025-04-10 11:29:15.013599',NULL,240,NULL,70,'2025-04-10 11:29:15.435167','COLLECTED'),(100000,_binary '\0',229,'2025-04-10 12:33:57.354934',NULL,241,NULL,71,'2025-04-10 12:33:57.645596','COLLECTED'),(100000,_binary '\0',230,'2025-04-10 12:33:57.356841',NULL,242,NULL,71,'2025-04-10 12:33:57.645623','COLLECTED'),(0,_binary '\0',231,'2025-04-10 12:33:57.358350',NULL,243,NULL,71,'2025-04-10 12:33:57.645636','COLLECTED'),(100000,_binary '\0',236,'2025-04-10 13:40:58.132108',NULL,244,NULL,72,'2025-04-10 13:40:58.132108','PENDING'),(0,_binary '\0',237,'2025-04-10 13:40:58.135368',NULL,245,NULL,72,'2025-04-10 13:40:58.135368','PENDING'),(100000,_binary '\0',238,'2025-04-10 14:02:00.261539',NULL,246,NULL,73,'2025-04-10 14:02:00.718443','COLLECTED'),(0,_binary '\0',239,'2025-04-10 14:02:00.262847',NULL,247,NULL,73,'2025-04-10 14:02:00.718467','COLLECTED'),(100000,_binary '\0',240,'2025-04-10 14:07:00.710051',NULL,248,NULL,74,'2025-04-10 14:07:00.710051','PENDING'),(100000,_binary '\0',241,'2025-04-10 14:07:00.712154',NULL,249,NULL,74,'2025-04-10 14:07:00.712154','PENDING'),(0,_binary '\0',242,'2025-04-10 14:07:00.713579',NULL,250,NULL,74,'2025-04-10 14:07:00.713579','PENDING'),(100000,_binary '\0',249,'2025-04-10 14:53:07.239034',NULL,251,NULL,75,'2025-04-10 14:53:07.239034','PENDING'),(0,_binary '\0',250,'2025-04-10 14:53:07.240928',NULL,252,NULL,75,'2025-04-10 14:53:07.240928','PENDING'),(1000,_binary '\0',243,'2025-04-10 14:54:50.029197',NULL,253,NULL,76,'2025-04-10 14:54:50.029197','PENDING'),(0,_binary '\0',244,'2025-04-10 14:54:50.030938',NULL,254,NULL,76,'2025-04-10 14:54:50.030938','PENDING');
/*!40000 ALTER TABLE `user_payments` ENABLE KEYS */;
UNLOCK TABLES;

--
-- Table structure for table `users`
--

DROP TABLE IF EXISTS `users`;
/*!40101 SET @saved_cs_client     = @@character_set_client */;
/*!50503 SET character_set_client = utf8mb4 */;
CREATE TABLE `users` (
  `is_deleted` bit(1) DEFAULT NULL,
  `created_at` datetime(6) NOT NULL,
  `deleted_at` datetime(6) DEFAULT NULL,
  `group_id` bigint DEFAULT NULL,
  `id` bigint NOT NULL AUTO_INCREMENT,
  `updated_at` datetime(6) NOT NULL,
  `email_address` varchar(255) NOT NULL,
  `fcm_token` varchar(255) DEFAULT NULL,
  `name` varchar(255) NOT NULL,
  `nickname` varchar(255) DEFAULT NULL,
  `password` varchar(255) DEFAULT NULL,
  `profile_image` varchar(255) DEFAULT NULL,
  `provider` varchar(255) DEFAULT NULL,
  `provider_id` varchar(255) DEFAULT NULL,
  `role_type` enum('ADMIN','USER') DEFAULT NULL,
  PRIMARY KEY (`id`)
) ENGINE=InnoDB AUTO_INCREMENT=330 DEFAULT CHARSET=utf8mb4 COLLATE=utf8mb4_0900_ai_ci;
/*!40101 SET character_set_client = @saved_cs_client */;

--
-- Dumping data for table `users`
--

LOCK TABLES `users` WRITE;
/*!40000 ALTER TABLE `users` DISABLE KEYS */;
INSERT INTO `users` VALUES (_binary '\0','2025-03-31 11:24:12.000000',NULL,16,1,'2025-03-31 08:56:55.795819','admin@admin.com','cfseIDo3ynzX4F32ZsWUg-:APA91bGnRLqaCy4mp8C6XlTpEIik6Ul3k2QldOQUgZ1Y47WGLfIK3NOXctmDPtOixRvUpYhsMnpKrbTIBlOfvmFA7La3Esw098HlMiEfq4IS0IhCXNpPgns','','dddd','$2a$10$d48xOGhDkvCI2RGtLqY4JuFwT1tKi91PQWT09lPnI0d7jsMRWzEfa','user4',NULL,NULL,'ADMIN'),(_binary '\0','2025-03-31 01:15:25.532046',NULL,NULL,2,'2025-03-31 01:15:25.532046','chaney11@naver.com',NULL,'',NULL,'$2a$10$d48xOGhDkvCI2RGtLqY4JuFwT1tKi91PQWT09lPnI0d7jsMRWzEfa',NULL,NULL,NULL,'USER'),(_binary '\0','2025-03-31 01:36:48.465020',NULL,1,3,'2025-03-31 09:12:31.612517','jj@gmail.com','cfseIDo3ynzX4F32ZsWUg-:APA91bGnRLqaCy4mp8C6XlTpEIik6Ul3k2QldOQUgZ1Y47WGLfIK3NOXctmDPtOixRvUpYhsMnpKrbTIBlOfvmFA7La3Esw098HlMiEfq4IS0IhCXNpPgns','','','$2a$10$kxYoPImqQN/W/AWNNWtTPee2Sj7u80iFeT0xIp9GAk/ujYvh49E/S','user7',NULL,NULL,'USER'),(_binary '\0','2025-03-31 01:44:34.708995',NULL,NULL,4,'2025-04-05 13:51:10.772729','skydh507@naver.com','di34ipgI-acnfw3FML5aHQ:APA91bEvad1_DQCxTmbpTE72p18duqbaAjo8Y8HifrMxdkfrDh__tlRnl76nbJYMDwh9s8O-C5JXw8h2TFBsSDMONmxzRBZk_eZ2knsHTtHhEtUSM4QszFg','',NULL,'$2a$10$X0q2wf0eeOOhPqrePMSXGOvVyJSsdRvWvqmLPEfopWX6T47H60WsK',NULL,NULL,NULL,'USER'),(_binary '\0','2025-03-31 01:45:38.584042',NULL,NULL,5,'2025-03-31 01:45:38.584042','ehfql6363@naver.com',NULL,'',NULL,'$2a$10$TBF4GPcso53C.XtQifeSDeAbExHYi2Crq1sC9uBDoSesd4999s.lu',NULL,NULL,NULL,'USER'),(_binary '\0','2025-03-31 03:47:17.599697',NULL,2,7,'2025-03-31 03:48:08.173900','jemilykoo@gmail.co',NULL,'','','$2a$10$yn3lRYOuO5WKNH4I6komeefEJfSdYV2jC0KZ3P3zq6i0N1TSaWAwa','user7',NULL,NULL,'USER'),(_binary '\0','2025-03-31 03:51:54.234086',NULL,1,8,'2025-04-01 07:28:42.845352','jemilykoo@gmail.com','fjHrQJIEgA4fqTKSm8ayt0:APA91bFohaUT71fxx0PBEaFkKPxp1U5wg8C40i5q__Sep1qC7-h5A4GeiKy3wAcBzNYntqBSMKx6845eSFe11vL5XuB1Gn7gjni6jz7YssvlBOZpVgyaTFs','','','$2a$10$PdEW9F41aeHWx3kqHDvaXeUFL6vwAVUK8ravw3I7ygu4BA168pU8u','user8',NULL,NULL,'USER'),(_binary '\0','2025-03-31 04:10:15.818168',NULL,3,9,'2025-03-31 04:10:48.741175','devil@gmail.com',NULL,'','','$2a$10$IBwozSktoKlPOIlBc.h6c.SX4EhHdGu/bdyG9UdLg8tjq7B0rQGh.','user7',NULL,NULL,'USER'),(_binary '\0','2025-03-31 04:12:28.819902',NULL,1,10,'2025-03-31 04:25:20.390640','vv@gmail.com',NULL,'','dd','$2a$10$6hl2heVRpdIC8m/BZwJ8HeQPUoRe/WukyowbmUMVDV5qhLGYE35Da','user09',NULL,NULL,'USER'),(_binary '\0','2025-03-31 04:31:22.603146',NULL,1,11,'2025-03-31 04:32:42.913181','ss@gmail.com',NULL,'','ss','$2a$10$WfeGwo.8GXJgZVSQlqtImevHsa7I.o0wqbvA9e5N3ms9FaxieuvKq','user1',NULL,NULL,'USER'),(_binary '\0','2025-03-31 04:36:03.522660',NULL,4,12,'2025-03-31 04:36:14.431486','tt@gmail.com',NULL,'','33','$2a$10$j2ZnnaXCew/4XLAWTBEWuOMP0b7bZKNkedJ9gp/EgaU8rVokJUazi','user5',NULL,NULL,'USER'),(_binary '\0','2025-03-31 04:47:35.684311',NULL,1,13,'2025-03-31 04:47:47.641241','zz@gmail.com',NULL,'','zzzz','$2a$10$x5LI6X4pZMBHMQSnYUi2nOIGIE2HWZQtWE8VRfq72N/x6xuZmacBa','user2',NULL,NULL,'USER'),(_binary '\0','2025-03-31 04:48:30.001948',NULL,6,14,'2025-03-31 04:48:44.251627','yy@gmail.com',NULL,'','yy','$2a$10$rm95YiXuitqfcFCbAoZ43.8iHiCTU6vTZcq3lDt5xDWKTxWXqHcgG','user6',NULL,NULL,'USER'),(_binary '\0','2025-03-31 05:05:53.326147',NULL,8,15,'2025-03-31 05:06:05.388866','ff@gmail.com',NULL,'','fds','$2a$10$ESEZ7Q5TZjik8xiYAx91EOlSy0CIRqU2Rpx0BdxPMZ.7dfJmRvhzC','user10',NULL,NULL,'USER'),(_binary '\0','2025-03-31 05:21:04.086145',NULL,9,16,'2025-03-31 05:21:14.384754','er@gmail.com',NULL,'','er','$2a$10$heq3iVqz1ZQjT7gvriwMhuQNBrz0henQ.gChHn/2d89l6WMfiT1km','user4',NULL,NULL,'USER'),(_binary '\0','2025-03-31 05:23:10.609937',NULL,10,17,'2025-03-31 05:23:24.787529','qw@gmail.com',NULL,'','1212','$2a$10$3/0yK.TLgOgY7Npqkzl/huh/.hBgs7FPjYbrtvwpfLtx9uK2n0yIe','user2',NULL,NULL,'USER'),(_binary '\0','2025-03-31 05:26:23.987106',NULL,11,18,'2025-03-31 05:26:33.550430','we@gmail.com',NULL,'','we','$2a$10$cL5L32yeNOf.7GDLp2U4GuuzMc1t2rjKeK4HpZlHTVAdcogssOfbC','user5',NULL,NULL,'USER'),(_binary '\0','2025-03-31 05:35:01.283742',NULL,13,19,'2025-03-31 05:35:12.331937','de@gmail.com',NULL,'','de','$2a$10$KumgeDmSwBvA/J/TR7KT8.zO9zunvx7Aq/SLvuaTFEvjNs4qmhbZy','user2',NULL,NULL,'USER'),(_binary '\0','2025-03-31 05:55:48.930086',NULL,14,20,'2025-03-31 05:56:00.333494','77@gmail.com',NULL,'','32','$2a$10$FYoVF9Gl.eAPdmbThleC3.2luoENxvvuFcTsU3btTeq3uZ.fULRWC','user09',NULL,NULL,'USER'),(_binary '\0','2025-03-31 05:57:26.953777',NULL,14,21,'2025-03-31 05:57:38.263793','444@gmail.com',NULL,'','324','$2a$10$7.QxxcRN7Ml3fcx5V58Q/.q4esMuqNsojd8507DSfY40ULCKbMO3S','user4',NULL,NULL,'USER'),(_binary '\0','2025-03-31 05:58:34.404527',NULL,1,22,'2025-03-31 06:02:32.605861','dsfs@gmail.com',NULL,'','nzs','$2a$10$sVZtHbhPVoP1ZTLrogMUTeGkaXDJTCRw2O0Yes6orJUxpZqaIemtK','user5',NULL,NULL,'USER'),(_binary '\0','2025-03-31 06:02:55.409632',NULL,15,23,'2025-03-31 06:03:16.158544','zzzz@gmail.com',NULL,'zzzz','','$2a$10$P8bUtVUPrhBGaIvPe7GU5uD13QdE2j8rPQgjEQfQ5yLzid98qa7OS','user8',NULL,NULL,'USER'),(_binary '\0','2025-03-31 06:14:23.288909',NULL,15,24,'2025-04-01 04:42:04.565215','ccc@gmail.com','cfseIDo3ynzX4F32ZsWUg-:APA91bGnRLqaCy4mp8C6XlTpEIik6Ul3k2QldOQUgZ1Y47WGLfIK3NOXctmDPtOixRvUpYhsMnpKrbTIBlOfvmFA7La3Esw098HlMiEfq4IS0IhCXNpPgns','ccc','ccc','$2a$10$YzN10jcZ61E8ZadJEvjpPuRkFFcyIDUo7t3y3DseiVz.UZmZYG0cm','user09',NULL,NULL,'USER'),(_binary '\0','2025-03-31 06:17:19.347981',NULL,15,25,'2025-03-31 06:18:51.177000','1234@gmail.com',NULL,'1234','ddddd','$2a$10$ygEcYG.iajmmcslxdnX2FujfFEDHnxWOT0CXMKXVo8vRhpD2p3TM2','user4',NULL,NULL,'USER'),(_binary '\0','2025-03-31 06:20:29.594453',NULL,15,26,'2025-03-31 06:20:47.106686','vvv@gmail.com',NULL,'vvv','','$2a$10$s/GkWo9BXMY3mlbWXKquReZULk1FI7UuNzs9IOmFzZFYeSYHy0G7y','user5',NULL,NULL,'USER'),(_binary '\0','2025-03-31 09:56:11.994760',NULL,NULL,27,'2025-03-31 09:56:11.994760','lll123kong@naver.com',NULL,'',NULL,'$2a$10$7BcIHk5pnkFi3B1h61xTTu3gVCYzwnZuudIywIgJaDdug9LtaL9tW',NULL,NULL,NULL,'USER'),(_binary '\0','2025-03-31 11:15:29.212335',NULL,17,28,'2025-04-09 03:52:34.100631','life1@gmail.com',NULL,'','1','$2a$10$fPN4FGhELxHl0CtIDediTuQ1oZWFg5rwxi7UbTqg9/qqxgoXOxkKG','user7',NULL,NULL,'USER'),(_binary '\0','2025-03-31 11:17:19.721721',NULL,17,29,'2025-04-09 03:44:55.892439','life2@gmail.com',NULL,'','2','$2a$10$.m.35GaZGlqLwr/CIdZUHuVfXk6MACo4SJ6svEwVZzF21EQPysEUW','user10',NULL,NULL,'USER'),(_binary '\0','2025-03-31 23:52:08.897058',NULL,NULL,30,'2025-03-31 23:52:09.252778','ddd@gmail.com','cfseIDo3ynzX4F32ZsWUg-:APA91bGnRLqaCy4mp8C6XlTpEIik6Ul3k2QldOQUgZ1Y47WGLfIK3NOXctmDPtOixRvUpYhsMnpKrbTIBlOfvmFA7La3Esw098HlMiEfq4IS0IhCXNpPgns','ddd',NULL,'$2a$10$AxIOwx/DkD9oqwquttg7ZeU2e4pawK/Wtc1TjfkhLo0GxoqKDPuOG',NULL,NULL,NULL,'USER'),(_binary '\0','2025-04-01 05:29:29.353670',NULL,18,31,'2025-04-01 05:30:17.581075','test1111@gmail.com','dUQevuhbvepYiyD_iJfOU-:APA91bGpjMwO6wMfQTev67ywV9Bd0yQOtEFqwTUXi3f0mscLYxgrQzG-98XjS5Vg9uBKlOQqomTC6TnrAOBa4YjY6LsVz6ZSXccgQDYV-aA_WpUcQQQONVY','test','dsfsdfsd','$2a$10$LbYRxp7eJLLoKqys4WhO5.y0EgzhylirC.4Kq/PE4ZiQET1pU/Jri','user10',NULL,NULL,'USER'),(_binary '\0','2025-04-01 05:40:10.715958',NULL,19,32,'2025-04-01 05:43:42.753513','','dUQevuhbvepYiyD_iJfOU-:APA91bGpjMwO6wMfQTev67ywV9Bd0yQOtEFqwTUXi3f0mscLYxgrQzG-98XjS5Vg9uBKlOQqomTC6TnrAOBa4YjY6LsVz6ZSXccgQDYV-aA_WpUcQQQONVY','','dddd','$2a$10$ZNI2cV651S9DW7u8GGIgfu5iT3NCJPR6HjLc6dfYVVa26pTmRzMzy','user09',NULL,NULL,'USER'),(_binary '\0','2025-04-01 06:31:58.466243',NULL,20,33,'2025-04-01 07:34:19.084904','gusto917@naver.com','fjHrQJIEgA4fqTKSm8ayt0:APA91bFohaUT71fxx0PBEaFkKPxp1U5wg8C40i5q__Sep1qC7-h5A4GeiKy3wAcBzNYntqBSMKx6845eSFe11vL5XuB1Gn7gjni6jz7YssvlBOZpVgyaTFs','','hr','$2a$10$TWCBWOdxVkcbrw27dzG48eM1hZOW9woow4ScTRxFhprp1DsbL00v.','user8',NULL,NULL,'USER'),(_binary '\0','2025-04-01 11:01:18.874759',NULL,21,34,'2025-04-01 11:05:36.443771','test10@test.com',NULL,'string','10','$2a$10$3uskvq9Y27MgCNW1YnPjOetY4U.bTHTuK1dpRUvNMINiEaNKFTwrC','3',NULL,NULL,'USER'),(_binary '\0','2025-04-01 11:01:56.852419',NULL,21,35,'2025-04-01 11:05:16.147503','test11@test.com',NULL,'string','11','$2a$10$hhbHy5uBaB09jHvKKAqOAO/YxK/ufxUj9Vic76Y2mw1ADkKOii./q','2',NULL,NULL,'USER'),(_binary '\0','2025-04-01 11:02:10.473714',NULL,21,36,'2025-04-01 11:03:59.734725','test12@test.com',NULL,'string',' 12 ','$2a$10$9PRz3wNIv7UPOJwL7LM4j.JE5m/0f/wUrj3G8x3ijhJL2tKbcBrg6','1',NULL,NULL,'USER'),(_binary '\0','2025-04-02 06:44:50.516924',NULL,22,37,'2025-04-02 06:49:59.353584','test20@test.com',NULL,'string2','string33','$2a$10$LlGX7D2712X3Nym6/K5Lmu1MUi3Ut.5VzKrYz2RyJeQWLWR1XJF4C','string33',NULL,NULL,'USER'),(_binary '\0','2025-04-02 06:44:55.286175',NULL,22,38,'2025-04-08 06:34:33.415026','test21@test.com',NULL,'string2','string32','$2a$10$bpC/LdgnmbfytqJKIOZlqOHWMatkHpsnSXYHMve5r7In61WnRA42u','string32',NULL,NULL,'USER'),(_binary '\0','2025-04-02 06:47:16.841703',NULL,22,39,'2025-04-02 06:51:53.217250','test22@test.com',NULL,'string4','string52','$2a$10$SX.E7ykMnPi0pF5oU3bv0O1.BHsB/CCeY7DjS4X5SUfwaXyFC03cW','string52',NULL,NULL,'USER'),(_binary '\0','2025-04-02 07:34:06.632072',NULL,NULL,40,'2025-04-02 07:34:06.632072','test30@test.com',NULL,'string100',NULL,'$2a$10$HhrfL3g.hAVlky./NbFBd.jDUXAboHyiVl49IMw2jKltjXoN5HiPy',NULL,NULL,NULL,'USER'),(_binary '\0','2025-04-02 07:48:55.423762',NULL,36,41,'2025-04-06 15:01:57.151887','test40@test.com',NULL,'name40','33','$2a$10$LlGX7D2712X3Nym6/K5Lmu1MUi3Ut.5VzKrYz2RyJeQWLWR1XJF4C','user8',NULL,NULL,'USER'),(_binary '\0','2025-04-02 07:48:55.423762',NULL,37,42,'2025-04-06 15:02:13.795410','test41@test.com',NULL,'name41','','$2a$10$LlGX7D2712X3Nym6/K5Lmu1MUi3Ut.5VzKrYz2RyJeQWLWR1XJF4C','user4',NULL,NULL,'USER'),(_binary '\0','2025-04-02 07:48:55.423762',NULL,38,43,'2025-04-08 06:59:55.611562','test42@test.com',NULL,'name42','42','$2a$10$LlGX7D2712X3Nym6/K5Lmu1MUi3Ut.5VzKrYz2RyJeQWLWR1XJF4C','user3',NULL,NULL,'USER'),(_binary '\0','2025-04-02 07:48:55.423762',NULL,46,44,'2025-04-05 14:01:57.347706','test43@test.com','fyFFqRewEE29IyLPkFiHJs:APA91bEsdqYARvYSdrhNFyr0KPRGBOje0eNbW3M9f3U2YHH1Hhbxa13DdVIuX7jwgUL588GfdVCX9Y2sGAq_Svw6i4_hskCrtjKqMkUVsKXAQCd6mZhwhtY','name43','','$2a$10$LlGX7D2712X3Nym6/K5Lmu1MUi3Ut.5VzKrYz2RyJeQWLWR1XJF4C','user2',NULL,NULL,'USER'),(_binary '\0','2025-04-02 07:48:55.423762',NULL,38,45,'2025-04-08 06:59:28.678951','test44@test.com',NULL,'name44','44','$2a$10$LlGX7D2712X3Nym6/K5Lmu1MUi3Ut.5VzKrYz2RyJeQWLWR1XJF4C','user2',NULL,NULL,'USER'),(_binary '\0','2025-04-02 07:48:55.423762',NULL,24,46,'2025-04-10 13:23:37.490881','test45@test.com',NULL,'name45','','$2a$10$LlGX7D2712X3Nym6/K5Lmu1MUi3Ut.5VzKrYz2RyJeQWLWR1XJF4C','user09',NULL,NULL,'USER'),(_binary '\0','2025-04-02 07:48:55.423762',NULL,24,47,'2025-04-09 03:41:09.826335','test46@test.com',NULL,'name46','','$2a$10$LlGX7D2712X3Nym6/K5Lmu1MUi3Ut.5VzKrYz2RyJeQWLWR1XJF4C','user5',NULL,NULL,'USER'),(_binary '\0','2025-04-02 07:48:55.423762',NULL,24,48,'2025-04-09 03:42:14.466326','test47@test.com',NULL,'name47','','$2a$10$LlGX7D2712X3Nym6/K5Lmu1MUi3Ut.5VzKrYz2RyJeQWLWR1XJF4C','user3',NULL,NULL,'USER'),(_binary '\0','2025-04-02 07:48:55.423762',NULL,NULL,49,'2025-04-02 07:48:55.423762','test48@test.com',NULL,'name48','nickname48','$2a$10$LlGX7D2712X3Nym6/K5Lmu1MUi3Ut.5VzKrYz2RyJeQWLWR1XJF4C','1',NULL,NULL,'USER'),(_binary '\0','2025-04-02 07:48:55.423762',NULL,NULL,50,'2025-04-02 07:48:55.423762','test49@test.com',NULL,'name49','nickname49','$2a$10$LlGX7D2712X3Nym6/K5Lmu1MUi3Ut.5VzKrYz2RyJeQWLWR1XJF4C','1',NULL,NULL,'USER'),(_binary '\0','2025-04-02 07:48:55.423762',NULL,NULL,51,'2025-04-02 07:48:55.423762','test50@test.com',NULL,'name50','nickname50','$2a$10$LlGX7D2712X3Nym6/K5Lmu1MUi3Ut.5VzKrYz2RyJeQWLWR1XJF4C','1',NULL,NULL,'USER'),(_binary '\0','2025-04-02 07:48:55.423762',NULL,NULL,52,'2025-04-02 07:48:55.423762','test51@test.com',NULL,'name51','nickname51','$2a$10$LlGX7D2712X3Nym6/K5Lmu1MUi3Ut.5VzKrYz2RyJeQWLWR1XJF4C','1',NULL,NULL,'USER'),(_binary '\0','2025-04-02 07:48:55.423762',NULL,NULL,53,'2025-04-02 07:48:55.423762','test52@test.com',NULL,'name52','nickname52','$2a$10$LlGX7D2712X3Nym6/K5Lmu1MUi3Ut.5VzKrYz2RyJeQWLWR1XJF4C','1',NULL,NULL,'USER'),(_binary '\0','2025-04-02 07:48:55.423762',NULL,NULL,54,'2025-04-02 07:48:55.423762','test53@test.com',NULL,'name53','nickname53','$2a$10$LlGX7D2712X3Nym6/K5Lmu1MUi3Ut.5VzKrYz2RyJeQWLWR1XJF4C','1',NULL,NULL,'USER'),(_binary '\0','2025-04-02 07:48:55.423762',NULL,NULL,55,'2025-04-02 07:48:55.423762','test54@test.com',NULL,'name54','nickname54','$2a$10$LlGX7D2712X3Nym6/K5Lmu1MUi3Ut.5VzKrYz2RyJeQWLWR1XJF4C','1',NULL,NULL,'USER'),(_binary '\0','2025-04-02 07:48:55.423762',NULL,48,56,'2025-04-08 05:53:43.574880','test55@test.com',NULL,'name55','','$2a$10$LlGX7D2712X3Nym6/K5Lmu1MUi3Ut.5VzKrYz2RyJeQWLWR1XJF4C','user3',NULL,NULL,'USER'),(_binary '\0','2025-04-02 07:48:55.423762',NULL,48,57,'2025-04-06 09:25:16.928496','test56@test.com',NULL,'name56','','$2a$10$LlGX7D2712X3Nym6/K5Lmu1MUi3Ut.5VzKrYz2RyJeQWLWR1XJF4C','user1',NULL,NULL,'USER'),(_binary '\0','2025-04-02 07:48:55.423762',NULL,49,58,'2025-04-08 10:56:33.351564','test57@test.com',NULL,'name57','','$2a$10$LlGX7D2712X3Nym6/K5Lmu1MUi3Ut.5VzKrYz2RyJeQWLWR1XJF4C','user5',NULL,NULL,'USER'),(_binary '\0','2025-04-02 07:48:55.423762',NULL,49,59,'2025-04-06 21:53:43.701809','test58@test.com',NULL,'name58','33','$2a$10$LlGX7D2712X3Nym6/K5Lmu1MUi3Ut.5VzKrYz2RyJeQWLWR1XJF4C','user10',NULL,NULL,'USER'),(_binary '\0','2025-04-02 07:48:55.423762',NULL,50,60,'2025-04-07 00:16:06.923628','test59@test.com',NULL,'name59','','$2a$10$LlGX7D2712X3Nym6/K5Lmu1MUi3Ut.5VzKrYz2RyJeQWLWR1XJF4C','user3',NULL,NULL,'USER'),(_binary '\0','2025-04-02 07:48:55.423762',NULL,50,61,'2025-04-06 15:01:08.725459','test60@test.com',NULL,'name60','','$2a$10$LlGX7D2712X3Nym6/K5Lmu1MUi3Ut.5VzKrYz2RyJeQWLWR1XJF4C','user09',NULL,NULL,'USER'),(_binary '\0','2025-04-02 07:48:55.423762',NULL,51,62,'2025-04-07 00:52:02.533440','test61@test.com',NULL,'name61','','$2a$10$LlGX7D2712X3Nym6/K5Lmu1MUi3Ut.5VzKrYz2RyJeQWLWR1XJF4C','user09',NULL,NULL,'USER'),(_binary '\0','2025-04-02 07:48:55.423762',NULL,54,63,'2025-04-07 00:52:54.997250','test62@test.com',NULL,'name62','','$2a$10$LlGX7D2712X3Nym6/K5Lmu1MUi3Ut.5VzKrYz2RyJeQWLWR1XJF4C','user5',NULL,NULL,'USER'),(_binary '\0','2025-04-02 07:48:55.423762',NULL,54,64,'2025-04-07 00:54:01.007592','test63@test.com',NULL,'name63',' ','$2a$10$LlGX7D2712X3Nym6/K5Lmu1MUi3Ut.5VzKrYz2RyJeQWLWR1XJF4C','user3',NULL,NULL,'USER'),(_binary '\0','2025-04-02 07:48:55.423762',NULL,54,65,'2025-04-07 01:21:33.253769','test64@test.com',NULL,'name64','','$2a$10$LlGX7D2712X3Nym6/K5Lmu1MUi3Ut.5VzKrYz2RyJeQWLWR1XJF4C','user7',NULL,NULL,'USER'),(_binary '\0','2025-04-02 07:48:55.423762',NULL,67,66,'2025-04-07 08:35:18.971367','test65@test.com',NULL,'name65','Qwer','$2a$10$LlGX7D2712X3Nym6/K5Lmu1MUi3Ut.5VzKrYz2RyJeQWLWR1XJF4C','user6',NULL,NULL,'USER'),(_binary '\0','2025-04-02 07:48:55.423762',NULL,67,67,'2025-04-07 08:34:32.582971','test66@test.com','fQ6K5UFEt0mijXgnSfV-kh:APA91bGD5QvweIzHuiqyqWR_56O-zVgkJgUqSU6PctxJ8l4B74ghs0Z02oRe7RgQ6gxfZ8TA1ssbHxTMFo9ufhWBM0W8-cOCNB2bvuwXrf7NmhbnLHsPrIw','name66','','$2a$10$LlGX7D2712X3Nym6/K5Lmu1MUi3Ut.5VzKrYz2RyJeQWLWR1XJF4C','user3',NULL,NULL,'USER'),(_binary '\0','2025-04-02 07:48:55.423762',NULL,NULL,68,'2025-04-02 07:48:55.423762','test67@test.com',NULL,'name67','nickname67','$2a$10$LlGX7D2712X3Nym6/K5Lmu1MUi3Ut.5VzKrYz2RyJeQWLWR1XJF4C','1',NULL,NULL,'USER'),(_binary '\0','2025-04-02 07:48:55.423762',NULL,NULL,69,'2025-04-02 07:48:55.423762','test68@test.com',NULL,'name68','nickname68','$2a$10$LlGX7D2712X3Nym6/K5Lmu1MUi3Ut.5VzKrYz2RyJeQWLWR1XJF4C','1',NULL,NULL,'USER'),(_binary '\0','2025-04-02 07:48:55.423762',NULL,NULL,70,'2025-04-02 07:48:55.423762','test69@test.com',NULL,'name69','nickname69','$2a$10$LlGX7D2712X3Nym6/K5Lmu1MUi3Ut.5VzKrYz2RyJeQWLWR1XJF4C','1',NULL,NULL,'USER'),(_binary '\0','2025-04-02 07:48:55.423762',NULL,39,71,'2025-04-07 03:13:18.141640','test70@test.com',NULL,'name70','','$2a$10$LlGX7D2712X3Nym6/K5Lmu1MUi3Ut.5VzKrYz2RyJeQWLWR1XJF4C','user09',NULL,NULL,'USER'),(_binary '\0','2025-04-02 07:48:55.423762',NULL,NULL,72,'2025-04-02 07:48:55.423762','test71@test.com',NULL,'name71','nickname71','$2a$10$LlGX7D2712X3Nym6/K5Lmu1MUi3Ut.5VzKrYz2RyJeQWLWR1XJF4C','1',NULL,NULL,'USER'),(_binary '\0','2025-04-02 07:48:55.423762',NULL,58,73,'2025-04-07 03:23:20.038281','test72@test.com',NULL,'name72','','$2a$10$LlGX7D2712X3Nym6/K5Lmu1MUi3Ut.5VzKrYz2RyJeQWLWR1XJF4C','user2',NULL,NULL,'USER'),(_binary '\0','2025-04-02 07:48:55.423762',NULL,58,74,'2025-04-07 03:43:11.023906','test73@test.com',NULL,'name73','','$2a$10$LlGX7D2712X3Nym6/K5Lmu1MUi3Ut.5VzKrYz2RyJeQWLWR1XJF4C','user7',NULL,NULL,'USER'),(_binary '\0','2025-04-02 07:48:55.423762',NULL,64,75,'2025-04-07 07:50:14.430095','test74@test.com',NULL,'name74','Donghyun','$2a$10$LlGX7D2712X3Nym6/K5Lmu1MUi3Ut.5VzKrYz2RyJeQWLWR1XJF4C','user5',NULL,NULL,'USER'),(_binary '\0','2025-04-02 07:48:55.423762',NULL,64,76,'2025-04-07 07:53:52.992694','test75@test.com',NULL,'name75','','$2a$10$LlGX7D2712X3Nym6/K5Lmu1MUi3Ut.5VzKrYz2RyJeQWLWR1XJF4C','user4',NULL,NULL,'USER'),(_binary '\0','2025-04-02 07:48:55.423762',NULL,64,77,'2025-04-07 08:05:56.759781','test76@test.com',NULL,'name76','','$2a$10$LlGX7D2712X3Nym6/K5Lmu1MUi3Ut.5VzKrYz2RyJeQWLWR1XJF4C','user8',NULL,NULL,'USER'),(_binary '\0','2025-04-02 07:48:55.423762',NULL,NULL,78,'2025-04-02 07:48:55.423762','test77@test.com',NULL,'name77','nickname77','$2a$10$LlGX7D2712X3Nym6/K5Lmu1MUi3Ut.5VzKrYz2RyJeQWLWR1XJF4C','1',NULL,NULL,'USER'),(_binary '\0','2025-04-02 07:48:55.423762',NULL,NULL,79,'2025-04-02 07:48:55.423762','test78@test.com',NULL,'name78','nickname78','$2a$10$LlGX7D2712X3Nym6/K5Lmu1MUi3Ut.5VzKrYz2RyJeQWLWR1XJF4C','1',NULL,NULL,'USER'),(_binary '\0','2025-04-02 07:48:55.423762',NULL,NULL,80,'2025-04-02 07:48:55.423762','test79@test.com',NULL,'name79','nickname79','$2a$10$LlGX7D2712X3Nym6/K5Lmu1MUi3Ut.5VzKrYz2RyJeQWLWR1XJF4C','1',NULL,NULL,'USER'),(_binary '\0','2025-04-02 07:48:55.423762',NULL,66,81,'2025-04-07 08:13:39.661133','test80@test.com',NULL,'name80','','$2a$10$LlGX7D2712X3Nym6/K5Lmu1MUi3Ut.5VzKrYz2RyJeQWLWR1XJF4C','user3',NULL,NULL,'USER'),(_binary '\0','2025-04-02 07:48:55.423762',NULL,66,82,'2025-04-07 08:17:48.124135','test81@test.com',NULL,'name81','','$2a$10$LlGX7D2712X3Nym6/K5Lmu1MUi3Ut.5VzKrYz2RyJeQWLWR1XJF4C','user2',NULL,NULL,'USER'),(_binary '\0','2025-04-02 07:48:55.423762',NULL,66,83,'2025-04-07 08:12:58.500666','test82@test.com',NULL,'name82','','$2a$10$LlGX7D2712X3Nym6/K5Lmu1MUi3Ut.5VzKrYz2RyJeQWLWR1XJF4C','user1',NULL,NULL,'USER'),(_binary '\0','2025-04-02 07:48:55.423762',NULL,NULL,84,'2025-04-02 07:48:55.423762','test83@test.com',NULL,'name83','nickname83','$2a$10$LlGX7D2712X3Nym6/K5Lmu1MUi3Ut.5VzKrYz2RyJeQWLWR1XJF4C','1',NULL,NULL,'USER'),(_binary '\0','2025-04-02 07:48:55.423762',NULL,NULL,85,'2025-04-02 07:48:55.423762','test84@test.com',NULL,'name84','nickname84','$2a$10$LlGX7D2712X3Nym6/K5Lmu1MUi3Ut.5VzKrYz2RyJeQWLWR1XJF4C','1',NULL,NULL,'USER'),(_binary '\0','2025-04-02 07:48:55.423762',NULL,NULL,86,'2025-04-02 07:48:55.423762','test85@test.com',NULL,'name85','nickname85','$2a$10$LlGX7D2712X3Nym6/K5Lmu1MUi3Ut.5VzKrYz2RyJeQWLWR1XJF4C','1',NULL,NULL,'USER'),(_binary '\0','2025-04-02 07:48:55.423762',NULL,NULL,87,'2025-04-02 07:48:55.423762','test86@test.com',NULL,'name86','nickname86','$2a$10$LlGX7D2712X3Nym6/K5Lmu1MUi3Ut.5VzKrYz2RyJeQWLWR1XJF4C','1',NULL,NULL,'USER'),(_binary '\0','2025-04-02 07:48:55.423762',NULL,NULL,88,'2025-04-02 07:48:55.423762','test87@test.com',NULL,'name87','nickname87','$2a$10$LlGX7D2712X3Nym6/K5Lmu1MUi3Ut.5VzKrYz2RyJeQWLWR1XJF4C','1',NULL,NULL,'USER'),(_binary '\0','2025-04-02 07:48:55.423762',NULL,NULL,89,'2025-04-02 07:48:55.423762','test88@test.com',NULL,'name88','nickname88','$2a$10$LlGX7D2712X3Nym6/K5Lmu1MUi3Ut.5VzKrYz2RyJeQWLWR1XJF4C','1',NULL,NULL,'USER'),(_binary '\0','2025-04-02 07:48:55.423762',NULL,NULL,90,'2025-04-02 07:48:55.423762','test89@test.com',NULL,'name89','nickname89','$2a$10$LlGX7D2712X3Nym6/K5Lmu1MUi3Ut.5VzKrYz2RyJeQWLWR1XJF4C','1',NULL,NULL,'USER'),(_binary '\0','2025-04-02 07:48:55.423762',NULL,53,91,'2025-04-07 02:40:32.394938','test90@test.com',NULL,'name90','','$2a$10$LlGX7D2712X3Nym6/K5Lmu1MUi3Ut.5VzKrYz2RyJeQWLWR1XJF4C','user1',NULL,NULL,'USER'),(_binary '\0','2025-04-02 07:48:55.423762',NULL,53,92,'2025-04-07 02:00:04.485643','test91@test.com',NULL,'name91','','$2a$10$LlGX7D2712X3Nym6/K5Lmu1MUi3Ut.5VzKrYz2RyJeQWLWR1XJF4C','user7',NULL,NULL,'USER'),(_binary '\0','2025-04-02 07:48:55.423762',NULL,55,93,'2025-04-07 01:06:35.707322','test92@test.com',NULL,'name92','','$2a$10$LlGX7D2712X3Nym6/K5Lmu1MUi3Ut.5VzKrYz2RyJeQWLWR1XJF4C','user3',NULL,NULL,'USER'),(_binary '\0','2025-04-02 07:48:55.423762',NULL,55,94,'2025-04-07 01:36:01.875435','test93@test.com',NULL,'name93','','$2a$10$LlGX7D2712X3Nym6/K5Lmu1MUi3Ut.5VzKrYz2RyJeQWLWR1XJF4C','user2',NULL,NULL,'USER'),(_binary '\0','2025-04-02 07:48:55.423762',NULL,59,95,'2025-04-07 04:11:06.215290','test94@test.com',NULL,'name94','','$2a$10$LlGX7D2712X3Nym6/K5Lmu1MUi3Ut.5VzKrYz2RyJeQWLWR1XJF4C','user2',NULL,NULL,'USER'),(_binary '\0','2025-04-02 07:48:55.423762',NULL,59,96,'2025-04-07 04:13:33.632272','test95@test.com',NULL,'name95','','$2a$10$LlGX7D2712X3Nym6/K5Lmu1MUi3Ut.5VzKrYz2RyJeQWLWR1XJF4C','user3',NULL,NULL,'USER'),(_binary '\0','2025-04-02 07:48:55.423762',NULL,60,97,'2025-04-07 04:45:46.798205','test96@test.com',NULL,'name96','','$2a$10$LlGX7D2712X3Nym6/K5Lmu1MUi3Ut.5VzKrYz2RyJeQWLWR1XJF4C','user4',NULL,NULL,'USER'),(_binary '\0','2025-04-02 07:48:55.423762',NULL,60,98,'2025-04-07 04:45:27.281471','test97@test.com',NULL,'name97','','$2a$10$LlGX7D2712X3Nym6/K5Lmu1MUi3Ut.5VzKrYz2RyJeQWLWR1XJF4C','user1',NULL,NULL,'USER'),(_binary '\0','2025-04-02 07:48:55.423762',NULL,61,99,'2025-04-07 04:48:02.943735','test98@test.com','fP13UjhlPU4tZtatEkBY_L:APA91bHCO4IZy4NB3uLrB_Gq0UTPCGm9na0n9WQpt6q_8iXyXo6kHsUwDE5SqVGvaFysXQLbX3ncIUai2_nzio7vxzeCpc7pe6UBuLZwOBzhNcapRyO6MsA','name98','','$2a$10$LlGX7D2712X3Nym6/K5Lmu1MUi3Ut.5VzKrYz2RyJeQWLWR1XJF4C','user2',NULL,NULL,'USER'),(_binary '\0','2025-04-02 07:48:55.423762',NULL,61,100,'2025-04-08 01:14:53.759671','test99@test.com',NULL,'name99','','$2a$10$LlGX7D2712X3Nym6/K5Lmu1MUi3Ut.5VzKrYz2RyJeQWLWR1XJF4C','user10',NULL,NULL,'USER'),(_binary '\0','2025-04-02 07:48:55.423762',NULL,NULL,101,'2025-04-02 07:48:55.423762','test100@test.com',NULL,'name100','nickname100','$2a$10$LlGX7D2712X3Nym6/K5Lmu1MUi3Ut.5VzKrYz2RyJeQWLWR1XJF4C','1',NULL,NULL,'USER'),(_binary '\0','2025-04-02 07:51:56.086964',NULL,NULL,104,'2025-04-02 07:51:56.086964','test100@test.com',NULL,'name100','nickname100','$2a$10$LlGX7D2712X3Nym6/K5Lmu1MUi3Ut.5VzKrYz2RyJeQWLWR1XJF4C','1',NULL,NULL,'USER'),(_binary '\0','2025-04-02 07:51:56.086964',NULL,62,105,'2025-04-09 14:07:23.398375','test101@test.com',NULL,'name101','Dong','$2a$10$LlGX7D2712X3Nym6/K5Lmu1MUi3Ut.5VzKrYz2RyJeQWLWR1XJF4C','user4',NULL,NULL,'USER'),(_binary '\0','2025-04-02 07:51:56.086964',NULL,62,106,'2025-04-07 11:36:16.047385','test102@test.com',NULL,'name102','','$2a$10$LlGX7D2712X3Nym6/K5Lmu1MUi3Ut.5VzKrYz2RyJeQWLWR1XJF4C','user7',NULL,NULL,'USER'),(_binary '\0','2025-04-02 07:51:56.086964',NULL,71,107,'2025-04-07 11:23:30.508641','test103@test.com',NULL,'name103','','$2a$10$LlGX7D2712X3Nym6/K5Lmu1MUi3Ut.5VzKrYz2RyJeQWLWR1XJF4C','user7',NULL,NULL,'USER'),(_binary '\0','2025-04-02 07:51:56.086964',NULL,71,108,'2025-04-07 11:22:10.053135','test104@test.com',NULL,'name104','','$2a$10$LlGX7D2712X3Nym6/K5Lmu1MUi3Ut.5VzKrYz2RyJeQWLWR1XJF4C','user6',NULL,NULL,'USER'),(_binary '\0','2025-04-02 07:51:56.086964',NULL,74,109,'2025-04-08 13:15:04.007277','test105@test.com',NULL,'name105','','$2a$10$LlGX7D2712X3Nym6/K5Lmu1MUi3Ut.5VzKrYz2RyJeQWLWR1XJF4C','user3',NULL,NULL,'USER'),(_binary '\0','2025-04-02 07:51:56.086964',NULL,74,110,'2025-04-08 01:31:56.226208','test106@test.com',NULL,'name106','','$2a$10$LlGX7D2712X3Nym6/K5Lmu1MUi3Ut.5VzKrYz2RyJeQWLWR1XJF4C','user8',NULL,NULL,'USER'),(_binary '\0','2025-04-02 07:51:56.086964',NULL,75,111,'2025-04-09 13:22:11.926484','test107@test.com',NULL,'name107','','$2a$10$LlGX7D2712X3Nym6/K5Lmu1MUi3Ut.5VzKrYz2RyJeQWLWR1XJF4C','user10',NULL,NULL,'USER'),(_binary '\0','2025-04-02 07:51:56.086964',NULL,75,112,'2025-04-09 02:45:06.195492','test108@test.com',NULL,'name108','','$2a$10$LlGX7D2712X3Nym6/K5Lmu1MUi3Ut.5VzKrYz2RyJeQWLWR1XJF4C','user3',NULL,NULL,'USER'),(_binary '\0','2025-04-02 07:51:56.086964',NULL,86,113,'2025-04-09 04:51:00.191819','test109@test.com',NULL,'name109','','$2a$10$LlGX7D2712X3Nym6/K5Lmu1MUi3Ut.5VzKrYz2RyJeQWLWR1XJF4C','user09',NULL,NULL,'USER'),(_binary '\0','2025-04-02 07:51:56.086964',NULL,90,114,'2025-04-09 11:51:37.547168','test110@test.com','fQ6K5UFEt0mijXgnSfV-kh:APA91bGD5QvweIzHuiqyqWR_56O-zVgkJgUqSU6PctxJ8l4B74ghs0Z02oRe7RgQ6gxfZ8TA1ssbHxTMFo9ufhWBM0W8-cOCNB2bvuwXrf7NmhbnLHsPrIw','name110','','$2a$10$LlGX7D2712X3Nym6/K5Lmu1MUi3Ut.5VzKrYz2RyJeQWLWR1XJF4C','user7',NULL,NULL,'USER'),(_binary '\0','2025-04-02 07:51:56.086964',NULL,90,115,'2025-04-09 11:36:46.511279','test111@test.com',NULL,'name111','','$2a$10$LlGX7D2712X3Nym6/K5Lmu1MUi3Ut.5VzKrYz2RyJeQWLWR1XJF4C','user09',NULL,NULL,'USER'),(_binary '\0','2025-04-02 07:51:56.086964',NULL,92,116,'2025-04-10 13:00:51.008185','test112@test.com',NULL,'','','$2a$10$LlGX7D2712X3Nym6/K5Lmu1MUi3Ut.5VzKrYz2RyJeQWLWR1XJF4C','user6',NULL,NULL,'USER'),(_binary '\0','2025-04-02 07:51:56.086964',NULL,92,117,'2025-04-10 13:23:15.637815','test113@test.com',NULL,'','','$2a$10$LlGX7D2712X3Nym6/K5Lmu1MUi3Ut.5VzKrYz2RyJeQWLWR1XJF4C','user3',NULL,NULL,'USER'),(_binary '\0','2025-04-02 07:51:56.086964',NULL,94,118,'2025-04-10 07:13:19.532080','test114@test.com',NULL,'name114','','$2a$10$LlGX7D2712X3Nym6/K5Lmu1MUi3Ut.5VzKrYz2RyJeQWLWR1XJF4C','user7',NULL,NULL,'USER'),(_binary '\0','2025-04-02 07:51:56.086964',NULL,94,119,'2025-04-10 06:33:37.554623','test115@test.com',NULL,'name115','','$2a$10$LlGX7D2712X3Nym6/K5Lmu1MUi3Ut.5VzKrYz2RyJeQWLWR1XJF4C','user1',NULL,NULL,'USER'),(_binary '\0','2025-04-02 07:51:56.086964',NULL,95,120,'2025-04-10 11:11:24.985850','test116@test.com',NULL,'name116','','$2a$10$LlGX7D2712X3Nym6/K5Lmu1MUi3Ut.5VzKrYz2RyJeQWLWR1XJF4C','user2',NULL,NULL,'USER'),(_binary '\0','2025-04-02 07:51:56.086964',NULL,95,121,'2025-04-10 07:23:50.618567','test117@test.com',NULL,'name117','','$2a$10$LlGX7D2712X3Nym6/K5Lmu1MUi3Ut.5VzKrYz2RyJeQWLWR1XJF4C','user10',NULL,NULL,'USER'),(_binary '\0','2025-04-02 07:51:56.086964',NULL,95,122,'2025-04-10 07:19:37.055938','test118@test.com',NULL,'name118','','$2a$10$LlGX7D2712X3Nym6/K5Lmu1MUi3Ut.5VzKrYz2RyJeQWLWR1XJF4C','user09',NULL,NULL,'USER'),(_binary '\0','2025-04-02 07:51:56.086964',NULL,96,123,'2025-04-10 08:43:49.645680','test119@test.com',NULL,'','','$2a$10$LlGX7D2712X3Nym6/K5Lmu1MUi3Ut.5VzKrYz2RyJeQWLWR1XJF4C','user8',NULL,NULL,'USER'),(_binary '\0','2025-04-02 07:51:56.086964',NULL,96,124,'2025-04-10 08:39:53.330670','test120@test.com',NULL,'','','$2a$10$LlGX7D2712X3Nym6/K5Lmu1MUi3Ut.5VzKrYz2RyJeQWLWR1XJF4C','user7',NULL,NULL,'USER'),(_binary '\0','2025-04-02 07:51:56.086964',NULL,97,125,'2025-04-10 08:42:37.203540','test121@test.com',NULL,'','','$2a$10$LlGX7D2712X3Nym6/K5Lmu1MUi3Ut.5VzKrYz2RyJeQWLWR1XJF4C','user8',NULL,NULL,'USER'),(_binary '\0','2025-04-02 07:51:56.086964',NULL,97,126,'2025-04-10 09:21:34.608604','test122@test.com',NULL,'','','$2a$10$LlGX7D2712X3Nym6/K5Lmu1MUi3Ut.5VzKrYz2RyJeQWLWR1XJF4C','user09',NULL,NULL,'USER'),(_binary '\0','2025-04-02 07:51:56.086964',NULL,100,127,'2025-04-10 11:17:40.517269','test123@test.com',NULL,'','','$2a$10$LlGX7D2712X3Nym6/K5Lmu1MUi3Ut.5VzKrYz2RyJeQWLWR1XJF4C','user5',NULL,NULL,'USER'),(_binary '\0','2025-04-02 07:51:56.086964',NULL,100,128,'2025-04-10 08:48:57.574744','test124@test.com',NULL,'','dong','$2a$10$LlGX7D2712X3Nym6/K5Lmu1MUi3Ut.5VzKrYz2RyJeQWLWR1XJF4C','user4',NULL,NULL,'USER'),(_binary '\0','2025-04-02 07:51:56.086964',NULL,NULL,129,'2025-04-02 07:51:56.086964','test125@test.com',NULL,'','nickname125','$2a$10$LlGX7D2712X3Nym6/K5Lmu1MUi3Ut.5VzKrYz2RyJeQWLWR1XJF4C','1',NULL,NULL,'USER'),(_binary '\0','2025-04-02 07:51:56.086964',NULL,NULL,130,'2025-04-02 07:51:56.086964','test126@test.com',NULL,'','nickname126','$2a$10$LlGX7D2712X3Nym6/K5Lmu1MUi3Ut.5VzKrYz2RyJeQWLWR1XJF4C','1',NULL,NULL,'USER'),(_binary '\0','2025-04-02 07:51:56.086964',NULL,NULL,131,'2025-04-02 07:51:56.086964','test127@test.com',NULL,'','nickname127','$2a$10$LlGX7D2712X3Nym6/K5Lmu1MUi3Ut.5VzKrYz2RyJeQWLWR1XJF4C','1',NULL,NULL,'USER'),(_binary '\0','2025-04-02 07:51:56.086964',NULL,NULL,132,'2025-04-02 07:51:56.086964','test128@test.com',NULL,'name128','nickname128','$2a$10$LlGX7D2712X3Nym6/K5Lmu1MUi3Ut.5VzKrYz2RyJeQWLWR1XJF4C','1',NULL,NULL,'USER'),(_binary '\0','2025-04-02 07:51:56.086964',NULL,NULL,133,'2025-04-02 07:51:56.086964','test129@test.com',NULL,'name129','nickname129','$2a$10$LlGX7D2712X3Nym6/K5Lmu1MUi3Ut.5VzKrYz2RyJeQWLWR1XJF4C','1',NULL,NULL,'USER'),(_binary '\0','2025-04-02 07:51:56.086964',NULL,NULL,134,'2025-04-02 07:51:56.086964','test130@test.com',NULL,'name130','nickname130','$2a$10$LlGX7D2712X3Nym6/K5Lmu1MUi3Ut.5VzKrYz2RyJeQWLWR1XJF4C','1',NULL,NULL,'USER'),(_binary '\0','2025-04-02 07:51:56.086964',NULL,NULL,135,'2025-04-02 07:51:56.086964','test131@test.com',NULL,'name131','nickname131','$2a$10$LlGX7D2712X3Nym6/K5Lmu1MUi3Ut.5VzKrYz2RyJeQWLWR1XJF4C','1',NULL,NULL,'USER'),(_binary '\0','2025-04-02 07:51:56.086964',NULL,NULL,136,'2025-04-02 07:51:56.086964','test132@test.com',NULL,'name132','nickname132','$2a$10$LlGX7D2712X3Nym6/K5Lmu1MUi3Ut.5VzKrYz2RyJeQWLWR1XJF4C','1',NULL,NULL,'USER'),(_binary '\0','2025-04-02 07:51:56.086964',NULL,NULL,137,'2025-04-02 07:51:56.086964','test133@test.com',NULL,'name133','nickname133','$2a$10$LlGX7D2712X3Nym6/K5Lmu1MUi3Ut.5VzKrYz2RyJeQWLWR1XJF4C','1',NULL,NULL,'USER'),(_binary '\0','2025-04-02 07:51:56.086964',NULL,NULL,138,'2025-04-02 07:51:56.086964','test134@test.com',NULL,'name134','nickname134','$2a$10$LlGX7D2712X3Nym6/K5Lmu1MUi3Ut.5VzKrYz2RyJeQWLWR1XJF4C','1',NULL,NULL,'USER'),(_binary '\0','2025-04-02 07:51:56.086964',NULL,NULL,139,'2025-04-02 07:51:56.086964','test135@test.com',NULL,'name135','nickname135','$2a$10$LlGX7D2712X3Nym6/K5Lmu1MUi3Ut.5VzKrYz2RyJeQWLWR1XJF4C','1',NULL,NULL,'USER'),(_binary '\0','2025-04-02 07:51:56.086964',NULL,NULL,140,'2025-04-02 07:51:56.086964','test136@test.com',NULL,'name136','nickname136','$2a$10$LlGX7D2712X3Nym6/K5Lmu1MUi3Ut.5VzKrYz2RyJeQWLWR1XJF4C','1',NULL,NULL,'USER'),(_binary '\0','2025-04-02 07:51:56.086964',NULL,NULL,141,'2025-04-02 07:51:56.086964','test137@test.com',NULL,'name137','nickname137','$2a$10$LlGX7D2712X3Nym6/K5Lmu1MUi3Ut.5VzKrYz2RyJeQWLWR1XJF4C','1',NULL,NULL,'USER'),(_binary '\0','2025-04-02 07:51:56.086964',NULL,NULL,142,'2025-04-02 07:51:56.086964','test138@test.com',NULL,'name138','nickname138','$2a$10$LlGX7D2712X3Nym6/K5Lmu1MUi3Ut.5VzKrYz2RyJeQWLWR1XJF4C','1',NULL,NULL,'USER'),(_binary '\0','2025-04-02 07:51:56.086964',NULL,NULL,143,'2025-04-02 07:51:56.086964','test139@test.com',NULL,'name139','nickname139','$2a$10$LlGX7D2712X3Nym6/K5Lmu1MUi3Ut.5VzKrYz2RyJeQWLWR1XJF4C','1',NULL,NULL,'USER'),(_binary '\0','2025-04-02 07:51:56.086964',NULL,102,144,'2025-04-10 15:07:31.208677','test140@test.com','d_dFvYoBHQT3kEq6K3sbsG:APA91bEvzitFwKZiNiiBndlBl5mugCtA2IIqHZfhWvzqrPnmv-PuU38p1MFxfyZbNqzfbtVSWyMw8OUMhlfbCH9QOC2AxBmNmxKP5gQtWwyZTSmTCzAQjEY','','','$2a$10$LlGX7D2712X3Nym6/K5Lmu1MUi3Ut.5VzKrYz2RyJeQWLWR1XJF4C','user5',NULL,NULL,'USER'),(_binary '\0','2025-04-02 07:51:56.086964',NULL,NULL,145,'2025-04-02 07:51:56.086964','test141@test.com',NULL,'','nickname141','$2a$10$LlGX7D2712X3Nym6/K5Lmu1MUi3Ut.5VzKrYz2RyJeQWLWR1XJF4C','1',NULL,NULL,'USER'),(_binary '\0','2025-04-02 07:51:56.086964',NULL,102,146,'2025-04-10 12:46:29.037538','test142@test.com',NULL,'','','$2a$10$LlGX7D2712X3Nym6/K5Lmu1MUi3Ut.5VzKrYz2RyJeQWLWR1XJF4C','user10',NULL,NULL,'USER'),(_binary '\0','2025-04-02 07:51:56.086964',NULL,NULL,147,'2025-04-02 07:51:56.086964','test143@test.com',NULL,'name143','nickname143','$2a$10$LlGX7D2712X3Nym6/K5Lmu1MUi3Ut.5VzKrYz2RyJeQWLWR1XJF4C','1',NULL,NULL,'USER'),(_binary '\0','2025-04-02 07:51:56.086964',NULL,NULL,148,'2025-04-02 07:51:56.086964','test144@test.com',NULL,'name144','nickname144','$2a$10$LlGX7D2712X3Nym6/K5Lmu1MUi3Ut.5VzKrYz2RyJeQWLWR1XJF4C','1',NULL,NULL,'USER'),(_binary '\0','2025-04-02 07:51:56.086964',NULL,NULL,149,'2025-04-02 07:51:56.086964','test145@test.com',NULL,'name145','nickname145','$2a$10$LlGX7D2712X3Nym6/K5Lmu1MUi3Ut.5VzKrYz2RyJeQWLWR1XJF4C','1',NULL,NULL,'USER'),(_binary '\0','2025-04-02 07:51:56.086964',NULL,NULL,150,'2025-04-02 07:51:56.086964','test146@test.com',NULL,'name146','nickname146','$2a$10$LlGX7D2712X3Nym6/K5Lmu1MUi3Ut.5VzKrYz2RyJeQWLWR1XJF4C','1',NULL,NULL,'USER'),(_binary '\0','2025-04-02 07:51:56.086964',NULL,NULL,151,'2025-04-02 07:51:56.086964','test147@test.com',NULL,'name147','nickname147','$2a$10$LlGX7D2712X3Nym6/K5Lmu1MUi3Ut.5VzKrYz2RyJeQWLWR1XJF4C','1',NULL,NULL,'USER'),(_binary '\0','2025-04-02 07:51:56.086964',NULL,NULL,152,'2025-04-02 07:51:56.086964','test148@test.com',NULL,'name148','nickname148','$2a$10$LlGX7D2712X3Nym6/K5Lmu1MUi3Ut.5VzKrYz2RyJeQWLWR1XJF4C','1',NULL,NULL,'USER'),(_binary '\0','2025-04-02 07:51:56.086964',NULL,NULL,153,'2025-04-02 07:51:56.086964','test149@test.com',NULL,'name149','nickname149','$2a$10$LlGX7D2712X3Nym6/K5Lmu1MUi3Ut.5VzKrYz2RyJeQWLWR1XJF4C','1',NULL,NULL,'USER'),(_binary '\0','2025-04-02 07:51:56.086964',NULL,NULL,154,'2025-04-02 08:05:06.194681','test150@test.com',NULL,'','','$2a$10$LlGX7D2712X3Nym6/K5Lmu1MUi3Ut.5VzKrYz2RyJeQWLWR1XJF4C','1212',NULL,NULL,'USER'),(_binary '\0','2025-04-02 07:51:56.086964',NULL,NULL,155,'2025-04-02 08:07:29.419962','test151@test.com',NULL,'name151','alll','$2a$10$LlGX7D2712X3Nym6/K5Lmu1MUi3Ut.5VzKrYz2RyJeQWLWR1XJF4C','alll',NULL,NULL,'USER'),(_binary '\0','2025-04-02 07:51:56.086964',NULL,NULL,156,'2025-04-02 08:07:42.799238','test152@test.com',NULL,'','al333l','$2a$10$LlGX7D2712X3Nym6/K5Lmu1MUi3Ut.5VzKrYz2RyJeQWLWR1XJF4C','al33ll',NULL,NULL,'USER'),(_binary '\0','2025-04-02 07:51:56.086964',NULL,NULL,157,'2025-04-02 07:51:56.086964','test153@test.com',NULL,'name153','nickname153','$2a$10$LlGX7D2712X3Nym6/K5Lmu1MUi3Ut.5VzKrYz2RyJeQWLWR1XJF4C','1',NULL,NULL,'USER'),(_binary '\0','2025-04-02 07:51:56.086964',NULL,NULL,158,'2025-04-02 07:51:56.086964','test154@test.com',NULL,'name154','nickname154','$2a$10$LlGX7D2712X3Nym6/K5Lmu1MUi3Ut.5VzKrYz2RyJeQWLWR1XJF4C','1',NULL,NULL,'USER'),(_binary '\0','2025-04-02 07:51:56.086964',NULL,NULL,159,'2025-04-02 07:51:56.086964','test155@test.com',NULL,'name155','nickname155','$2a$10$LlGX7D2712X3Nym6/K5Lmu1MUi3Ut.5VzKrYz2RyJeQWLWR1XJF4C','1',NULL,NULL,'USER'),(_binary '\0','2025-04-02 07:51:56.086964',NULL,NULL,160,'2025-04-02 07:51:56.086964','test156@test.com',NULL,'name156','nickname156','$2a$10$LlGX7D2712X3Nym6/K5Lmu1MUi3Ut.5VzKrYz2RyJeQWLWR1XJF4C','1',NULL,NULL,'USER'),(_binary '\0','2025-04-02 07:51:56.086964',NULL,NULL,161,'2025-04-02 07:51:56.086964','test157@test.com',NULL,'name157','nickname157','$2a$10$LlGX7D2712X3Nym6/K5Lmu1MUi3Ut.5VzKrYz2RyJeQWLWR1XJF4C','1',NULL,NULL,'USER'),(_binary '\0','2025-04-02 07:51:56.086964',NULL,NULL,162,'2025-04-02 07:51:56.086964','test158@test.com',NULL,'name158','nickname158','$2a$10$LlGX7D2712X3Nym6/K5Lmu1MUi3Ut.5VzKrYz2RyJeQWLWR1XJF4C','1',NULL,NULL,'USER'),(_binary '\0','2025-04-02 07:51:56.086964',NULL,NULL,163,'2025-04-02 07:51:56.086964','test159@test.com',NULL,'name159','nickname159','$2a$10$LlGX7D2712X3Nym6/K5Lmu1MUi3Ut.5VzKrYz2RyJeQWLWR1XJF4C','1',NULL,NULL,'USER'),(_binary '\0','2025-04-02 07:51:56.086964',NULL,25,164,'2025-04-03 06:07:45.883455','test160@test.com',NULL,'name160','','$2a$10$LlGX7D2712X3Nym6/K5Lmu1MUi3Ut.5VzKrYz2RyJeQWLWR1XJF4C','',NULL,NULL,'USER'),(_binary '\0','2025-04-02 07:51:56.086964',NULL,25,165,'2025-04-03 06:07:27.919776','test161@test.com',NULL,'name161','','$2a$10$LlGX7D2712X3Nym6/K5Lmu1MUi3Ut.5VzKrYz2RyJeQWLWR1XJF4C','string1212',NULL,NULL,'USER'),(_binary '\0','2025-04-02 07:51:56.086964',NULL,25,166,'2025-04-03 06:03:33.564780','test162@test.com',NULL,'name162','','$2a$10$LlGX7D2712X3Nym6/K5Lmu1MUi3Ut.5VzKrYz2RyJeQWLWR1XJF4C','',NULL,NULL,'USER'),(_binary '\0','2025-04-02 07:51:56.086964',NULL,NULL,167,'2025-04-02 07:51:56.086964','test163@test.com',NULL,'name163','nickname163','$2a$10$LlGX7D2712X3Nym6/K5Lmu1MUi3Ut.5VzKrYz2RyJeQWLWR1XJF4C','1',NULL,NULL,'USER'),(_binary '\0','2025-04-02 07:51:56.086964',NULL,NULL,168,'2025-04-02 07:51:56.086964','test164@test.com',NULL,'name164','nickname164','$2a$10$LlGX7D2712X3Nym6/K5Lmu1MUi3Ut.5VzKrYz2RyJeQWLWR1XJF4C','1',NULL,NULL,'USER'),(_binary '\0','2025-04-02 07:51:56.086964',NULL,NULL,169,'2025-04-02 07:51:56.086964','test165@test.com',NULL,'name165','nickname165','$2a$10$LlGX7D2712X3Nym6/K5Lmu1MUi3Ut.5VzKrYz2RyJeQWLWR1XJF4C','1',NULL,NULL,'USER'),(_binary '\0','2025-04-02 07:51:56.086964',NULL,NULL,170,'2025-04-02 07:51:56.086964','test166@test.com',NULL,'name166','nickname166','$2a$10$LlGX7D2712X3Nym6/K5Lmu1MUi3Ut.5VzKrYz2RyJeQWLWR1XJF4C','1',NULL,NULL,'USER'),(_binary '\0','2025-04-02 07:51:56.086964',NULL,NULL,171,'2025-04-02 07:51:56.086964','test167@test.com',NULL,'name167','nickname167','$2a$10$LlGX7D2712X3Nym6/K5Lmu1MUi3Ut.5VzKrYz2RyJeQWLWR1XJF4C','1',NULL,NULL,'USER'),(_binary '\0','2025-04-02 07:51:56.086964',NULL,NULL,172,'2025-04-02 07:51:56.086964','test168@test.com',NULL,'name168','nickname168','$2a$10$LlGX7D2712X3Nym6/K5Lmu1MUi3Ut.5VzKrYz2RyJeQWLWR1XJF4C','1',NULL,NULL,'USER'),(_binary '\0','2025-04-02 07:51:56.086964',NULL,NULL,173,'2025-04-02 07:51:56.086964','test169@test.com',NULL,'name169','nickname169','$2a$10$LlGX7D2712X3Nym6/K5Lmu1MUi3Ut.5VzKrYz2RyJeQWLWR1XJF4C','1',NULL,NULL,'USER'),(_binary '\0','2025-04-02 07:51:56.086964',NULL,NULL,174,'2025-04-10 15:07:21.047475','test170@test.com',NULL,'','nickname170','$2a$10$LlGX7D2712X3Nym6/K5Lmu1MUi3Ut.5VzKrYz2RyJeQWLWR1XJF4C','1',NULL,NULL,'USER'),(_binary '\0','2025-04-02 07:51:56.086964',NULL,NULL,175,'2025-04-02 07:51:56.086964','test171@test.com',NULL,'name171','nickname171','$2a$10$LlGX7D2712X3Nym6/K5Lmu1MUi3Ut.5VzKrYz2RyJeQWLWR1XJF4C','1',NULL,NULL,'USER'),(_binary '\0','2025-04-02 07:51:56.086964',NULL,NULL,176,'2025-04-10 12:36:31.585676','test172@test.com',NULL,'','nickname172','$2a$10$LlGX7D2712X3Nym6/K5Lmu1MUi3Ut.5VzKrYz2RyJeQWLWR1XJF4C','1',NULL,NULL,'USER'),(_binary '\0','2025-04-02 07:51:56.086964',NULL,NULL,177,'2025-04-02 07:51:56.086964','test173@test.com',NULL,'name173','nickname173','$2a$10$LlGX7D2712X3Nym6/K5Lmu1MUi3Ut.5VzKrYz2RyJeQWLWR1XJF4C','1',NULL,NULL,'USER'),(_binary '\0','2025-04-02 07:51:56.086964',NULL,NULL,178,'2025-04-02 07:51:56.086964','test174@test.com',NULL,'name174','nickname174','$2a$10$LlGX7D2712X3Nym6/K5Lmu1MUi3Ut.5VzKrYz2RyJeQWLWR1XJF4C','1',NULL,NULL,'USER'),(_binary '\0','2025-04-02 07:51:56.086964',NULL,NULL,179,'2025-04-02 07:51:56.086964','test175@test.com',NULL,'name175','nickname175','$2a$10$LlGX7D2712X3Nym6/K5Lmu1MUi3Ut.5VzKrYz2RyJeQWLWR1XJF4C','1',NULL,NULL,'USER'),(_binary '\0','2025-04-02 07:51:56.086964',NULL,NULL,180,'2025-04-02 07:51:56.086964','test176@test.com',NULL,'name176','nickname176','$2a$10$LlGX7D2712X3Nym6/K5Lmu1MUi3Ut.5VzKrYz2RyJeQWLWR1XJF4C','1',NULL,NULL,'USER'),(_binary '\0','2025-04-02 07:51:56.086964',NULL,NULL,181,'2025-04-02 07:51:56.086964','test177@test.com',NULL,'name177','nickname177','$2a$10$LlGX7D2712X3Nym6/K5Lmu1MUi3Ut.5VzKrYz2RyJeQWLWR1XJF4C','1',NULL,NULL,'USER'),(_binary '\0','2025-04-02 07:51:56.086964',NULL,NULL,182,'2025-04-02 07:51:56.086964','test178@test.com',NULL,'name178','nickname178','$2a$10$LlGX7D2712X3Nym6/K5Lmu1MUi3Ut.5VzKrYz2RyJeQWLWR1XJF4C','1',NULL,NULL,'USER'),(_binary '\0','2025-04-02 07:51:56.086964',NULL,NULL,183,'2025-04-02 07:51:56.086964','test179@test.com',NULL,'name179','nickname179','$2a$10$LlGX7D2712X3Nym6/K5Lmu1MUi3Ut.5VzKrYz2RyJeQWLWR1XJF4C','1',NULL,NULL,'USER'),(_binary '\0','2025-04-02 07:51:56.086964',NULL,NULL,184,'2025-04-02 07:51:56.086964','test180@test.com',NULL,'name180','nickname180','$2a$10$LlGX7D2712X3Nym6/K5Lmu1MUi3Ut.5VzKrYz2RyJeQWLWR1XJF4C','1',NULL,NULL,'USER'),(_binary '\0','2025-04-02 07:51:56.086964',NULL,NULL,185,'2025-04-02 07:51:56.086964','test181@test.com',NULL,'name181','nickname181','$2a$10$LlGX7D2712X3Nym6/K5Lmu1MUi3Ut.5VzKrYz2RyJeQWLWR1XJF4C','1',NULL,NULL,'USER'),(_binary '\0','2025-04-02 07:51:56.086964',NULL,NULL,186,'2025-04-02 07:51:56.086964','test182@test.com',NULL,'name182','nickname182','$2a$10$LlGX7D2712X3Nym6/K5Lmu1MUi3Ut.5VzKrYz2RyJeQWLWR1XJF4C','1',NULL,NULL,'USER'),(_binary '\0','2025-04-02 07:51:56.086964',NULL,NULL,187,'2025-04-02 07:51:56.086964','test183@test.com',NULL,'name183','nickname183','$2a$10$LlGX7D2712X3Nym6/K5Lmu1MUi3Ut.5VzKrYz2RyJeQWLWR1XJF4C','1',NULL,NULL,'USER'),(_binary '\0','2025-04-02 07:51:56.086964',NULL,NULL,188,'2025-04-02 07:51:56.086964','test184@test.com',NULL,'name184','nickname184','$2a$10$LlGX7D2712X3Nym6/K5Lmu1MUi3Ut.5VzKrYz2RyJeQWLWR1XJF4C','1',NULL,NULL,'USER'),(_binary '\0','2025-04-02 07:51:56.086964',NULL,NULL,189,'2025-04-02 07:51:56.086964','test185@test.com',NULL,'name185','nickname185','$2a$10$LlGX7D2712X3Nym6/K5Lmu1MUi3Ut.5VzKrYz2RyJeQWLWR1XJF4C','1',NULL,NULL,'USER'),(_binary '\0','2025-04-02 07:51:56.086964',NULL,NULL,190,'2025-04-02 07:51:56.086964','test186@test.com',NULL,'name186','nickname186','$2a$10$LlGX7D2712X3Nym6/K5Lmu1MUi3Ut.5VzKrYz2RyJeQWLWR1XJF4C','1',NULL,NULL,'USER'),(_binary '\0','2025-04-02 07:51:56.086964',NULL,NULL,191,'2025-04-02 07:51:56.086964','test187@test.com',NULL,'name187','nickname187','$2a$10$LlGX7D2712X3Nym6/K5Lmu1MUi3Ut.5VzKrYz2RyJeQWLWR1XJF4C','1',NULL,NULL,'USER'),(_binary '\0','2025-04-02 07:51:56.086964',NULL,NULL,192,'2025-04-02 07:51:56.086964','test188@test.com',NULL,'name188','nickname188','$2a$10$LlGX7D2712X3Nym6/K5Lmu1MUi3Ut.5VzKrYz2RyJeQWLWR1XJF4C','1',NULL,NULL,'USER'),(_binary '\0','2025-04-02 07:51:56.086964',NULL,NULL,193,'2025-04-02 07:51:56.086964','test189@test.com',NULL,'name189','nickname189','$2a$10$LlGX7D2712X3Nym6/K5Lmu1MUi3Ut.5VzKrYz2RyJeQWLWR1XJF4C','1',NULL,NULL,'USER'),(_binary '\0','2025-04-02 07:51:56.086964',NULL,103,194,'2025-04-10 12:30:24.783751','test190@test.com',NULL,'name190','','$2a$10$LlGX7D2712X3Nym6/K5Lmu1MUi3Ut.5VzKrYz2RyJeQWLWR1XJF4C','user10',NULL,NULL,'USER'),(_binary '\0','2025-04-02 07:51:56.086964',NULL,NULL,195,'2025-04-02 07:51:56.086964','test191@test.com',NULL,'name191','nickname191','$2a$10$LlGX7D2712X3Nym6/K5Lmu1MUi3Ut.5VzKrYz2RyJeQWLWR1XJF4C','1',NULL,NULL,'USER'),(_binary '\0','2025-04-02 07:51:56.086964',NULL,103,196,'2025-04-10 12:35:57.074321','test192@test.com',NULL,'name192','','$2a$10$LlGX7D2712X3Nym6/K5Lmu1MUi3Ut.5VzKrYz2RyJeQWLWR1XJF4C','user6',NULL,NULL,'USER'),(_binary '\0','2025-04-02 07:51:56.086964',NULL,NULL,197,'2025-04-02 07:51:56.086964','test193@test.com',NULL,'name193','nickname193','$2a$10$LlGX7D2712X3Nym6/K5Lmu1MUi3Ut.5VzKrYz2RyJeQWLWR1XJF4C','1',NULL,NULL,'USER'),(_binary '\0','2025-04-02 07:51:56.086964',NULL,NULL,198,'2025-04-02 07:51:56.086964','test194@test.com',NULL,'name194','nickname194','$2a$10$LlGX7D2712X3Nym6/K5Lmu1MUi3Ut.5VzKrYz2RyJeQWLWR1XJF4C','1',NULL,NULL,'USER'),(_binary '\0','2025-04-02 07:51:56.086964',NULL,NULL,199,'2025-04-02 07:51:56.086964','test195@test.com',NULL,'name195','nickname195','$2a$10$LlGX7D2712X3Nym6/K5Lmu1MUi3Ut.5VzKrYz2RyJeQWLWR1XJF4C','1',NULL,NULL,'USER'),(_binary '\0','2025-04-02 07:51:56.086964',NULL,NULL,200,'2025-04-02 07:51:56.086964','test196@test.com',NULL,'name196','nickname196','$2a$10$LlGX7D2712X3Nym6/K5Lmu1MUi3Ut.5VzKrYz2RyJeQWLWR1XJF4C','1',NULL,NULL,'USER'),(_binary '\0','2025-04-02 07:51:56.086964',NULL,NULL,201,'2025-04-02 07:51:56.086964','test197@test.com',NULL,'name197','nickname197','$2a$10$LlGX7D2712X3Nym6/K5Lmu1MUi3Ut.5VzKrYz2RyJeQWLWR1XJF4C','1',NULL,NULL,'USER'),(_binary '\0','2025-04-02 07:51:56.086964',NULL,NULL,202,'2025-04-02 07:51:56.086964','test198@test.com',NULL,'name198','nickname198','$2a$10$LlGX7D2712X3Nym6/K5Lmu1MUi3Ut.5VzKrYz2RyJeQWLWR1XJF4C','1',NULL,NULL,'USER'),(_binary '\0','2025-04-02 07:51:56.086964',NULL,NULL,203,'2025-04-02 07:51:56.086964','test199@test.com',NULL,'name199','nickname199','$2a$10$LlGX7D2712X3Nym6/K5Lmu1MUi3Ut.5VzKrYz2RyJeQWLWR1XJF4C','1',NULL,NULL,'USER'),(_binary '\0','2025-04-02 07:51:56.086964',NULL,NULL,204,'2025-04-02 07:51:56.086964','test200@test.com',NULL,'name200','nickname200','$2a$10$LlGX7D2712X3Nym6/K5Lmu1MUi3Ut.5VzKrYz2RyJeQWLWR1XJF4C','1',NULL,NULL,'USER'),(_binary '\0','2025-04-03 08:42:21.564978',NULL,28,231,'2025-04-03 08:42:21.866071','test0_1743669741441@test.com',NULL,'test0','nickname','$2a$10$nhUYGQL64TGWLU8zqJ0Pl.g/3VU8OF9.4RF1CGkC9uFokphhYu27e','profile',NULL,NULL,'USER'),(_binary '\0','2025-04-03 08:42:21.715647',NULL,28,232,'2025-04-03 08:42:21.930742','test1_1743669741441@test.com',NULL,'test1','message1','$2a$10$2Tz47Q3f7IhArRvGsh8/I.H4/PW2hadUWbAdkK/JMLd9O5dZl1zA6','info1',NULL,NULL,'USER'),(_binary '\0','2025-04-03 08:42:21.822225',NULL,28,233,'2025-04-03 08:42:21.966822','test2_1743669741441@test.com',NULL,'test2','message2','$2a$10$880aNEJYjjf1jom7e7NBBOcHz1Fu/NkyogDm0V2q1PdaMgnkVEJ0q','info2',NULL,NULL,'USER'),(_binary '\0','2025-04-03 08:43:56.463835',NULL,29,234,'2025-04-03 08:43:56.694493','test0_1743669836372@test.com',NULL,'test0','nickname','$2a$10$4Dh4AVhtKbcHbk2dK9GJ1eOo9qazQ9HGF2HB6yl7TIFfXRIXFHfU2','profile',NULL,NULL,'USER'),(_binary '\0','2025-04-03 08:43:56.567212',NULL,29,235,'2025-04-03 08:43:56.721504','test1_1743669836372@test.com',NULL,'test1','message1','$2a$10$l6dLmFUNU/WhOWwXxdPeXupzLXPCLy2QbyuPfTRfGEiRb04WGYH2y','info1',NULL,NULL,'USER'),(_binary '\0','2025-04-03 08:43:56.673279',NULL,29,236,'2025-04-03 08:43:56.750221','test2_1743669836372@test.com',NULL,'test2','message2','$2a$10$SAGLcBbs29PlxiICVGPlvelRVfWGPL2OXXgNYCuqjjYKeWco2MGYq','info2',NULL,NULL,'USER'),(_binary '\0','2025-04-03 08:44:03.667034',NULL,30,237,'2025-04-03 08:44:03.899800','test0_1743669843574@test.com',NULL,'test0','nickname','$2a$10$J7BZ1SFQizidjkbONHihk.Q4Ngu8cCohcM9bTR0K8PtXYWfSG7QCC','profile',NULL,NULL,'USER'),(_binary '\0','2025-04-03 08:44:03.771515',NULL,30,238,'2025-04-03 08:44:03.927527','test1_1743669843574@test.com',NULL,'test1','message1','$2a$10$6f9YNj0YMpJFTJ5N6cjiB.ytm3RWRYj3lPBmrBkz6xL/SJEQWVr8e','info1',NULL,NULL,'USER'),(_binary '\0','2025-04-03 08:44:03.876501',NULL,30,239,'2025-04-03 08:44:03.960001','test2_1743669843574@test.com',NULL,'test2','message2','$2a$10$NWF1XJ1c0c12hZFLy.63f.Sab/bgm7FWqKF2a1VmS6e1W/zqFTHl2','info2',NULL,NULL,'USER'),(_binary '\0','2025-04-03 08:44:24.067716',NULL,31,240,'2025-04-03 08:44:24.301707','test0_1743669863976@test.com',NULL,'test0','nickname','$2a$10$/eCcNj4s2RcY4XxGQBAf7uoAZVpOOauwHDQRdCCuUK.o0Xk32xESi','profile',NULL,NULL,'USER'),(_binary '\0','2025-04-03 08:44:24.171220',NULL,31,241,'2025-04-03 08:44:24.330971','test1_1743669863976@test.com',NULL,'test1','message1','$2a$10$QCsmBASvc8.UPSrNjmerBO2.ZffyLoZ7UbS7X8Ff5FTYlzHT3czRi','info1',NULL,NULL,'USER'),(_binary '\0','2025-04-03 08:44:24.279369',NULL,31,242,'2025-04-03 08:44:24.360129','test2_1743669863976@test.com',NULL,'test2','message2','$2a$10$zRTFZ5rPAtVzpvP21L3g8uN6THdXpcAoO2sAgsho//psCt916QvcO','info2',NULL,NULL,'USER'),(_binary '\0','2025-04-03 08:44:27.718321',NULL,32,243,'2025-04-03 08:44:27.944624','test0_1743669867626@test.com',NULL,'test0','nickname','$2a$10$4O.9aczWSuQAi1yhkcf9gudDeNSuG.sI1HrN63EDZyHIFjXFluhV.','profile',NULL,NULL,'USER'),(_binary '\0','2025-04-03 08:44:27.821774',NULL,32,244,'2025-04-03 08:44:27.973131','test1_1743669867626@test.com',NULL,'test1','message1','$2a$10$hFr2OkdgDwtXXtNvmTw8WeivAIvTg492dB5xQS.6hFZu6NYL3qR/e','info1',NULL,NULL,'USER'),(_binary '\0','2025-04-03 08:44:27.925159',NULL,32,245,'2025-04-03 08:44:27.999656','test2_1743669867626@test.com',NULL,'test2','message2','$2a$10$2n1/DG4pLWyUd7rJmpch2ejg3Nv.kkYjtEqFwd8r.oL4j/MRTUyZq','info2',NULL,NULL,'USER'),(_binary '\0','2025-04-03 08:44:31.915201',NULL,33,246,'2025-04-03 08:44:32.142240','test0_1743669871823@test.com',NULL,'test0','nickname','$2a$10$2apclZBtvpFyHKhR/JmYUehE81S7Zcd/XHkVZu4feWGWoFg8Au8JK','profile',NULL,NULL,'USER'),(_binary '\0','2025-04-03 08:44:32.018578',NULL,33,247,'2025-04-03 08:44:32.164072','test1_1743669871823@test.com',NULL,'test1','message1','$2a$10$34/XGGFVIL8bYOn74GC7UePOVREcvrW5Vb9QwPcY7LDQhRBB3mHpy','info1',NULL,NULL,'USER'),(_binary '\0','2025-04-03 08:44:32.120680',NULL,33,248,'2025-04-03 08:44:32.195755','test2_1743669871823@test.com',NULL,'test2','message2','$2a$10$jCYjk4fm7CDDFXk2FOuohOgLLPUkSILg4xeXoO3kfC2WqQ.F0JEJC','info2',NULL,NULL,'USER'),(_binary '\0','2025-04-03 08:44:39.717012',NULL,34,249,'2025-04-03 08:44:39.937857','test0_1743669879626@test.com',NULL,'test0','nickname','$2a$10$yicco8zi1RSFfsTYSbFnNurV45VG4aVUnfGvEB3dEv46pOTPZ7AdO','profile',NULL,NULL,'USER'),(_binary '\0','2025-04-03 08:44:39.820234',NULL,34,250,'2025-04-03 08:44:39.964210','test1_1743669879626@test.com',NULL,'test1','message1','$2a$10$5qB8kZOP/YayVWPheiZsKOqLVF6g8sUDuTxzGOYTc/7ckHgLYcaTa','info1',NULL,NULL,'USER'),(_binary '\0','2025-04-03 08:44:39.920475',NULL,34,251,'2025-04-03 08:44:39.994819','test2_1743669879626@test.com',NULL,'test2','message2','$2a$10$WrmySx2LwTddd062XSKuPuijESpAV/SSYxsI.QJAi0s.3sStTwhwi','info2',NULL,NULL,'USER'),(_binary '\0','2025-04-03 08:49:30.483663',NULL,35,252,'2025-04-03 08:49:30.713167','test0_1743670170392@test.com',NULL,'test0','nickname','$2a$10$Zh/DTmV.Sj5xZn1BAhVykeICcHXb1FUcJB9DWzSdrZ74TO5Lk5HxW','profile',NULL,NULL,'USER'),(_binary '\0','2025-04-03 08:49:30.589147',NULL,35,253,'2025-04-03 08:49:30.739420','test1_1743670170392@test.com',NULL,'test1','message1','$2a$10$KwedEMKcWquB6UUuFk/P9.LtkmquY48xuTrdrHu22mVPMYVpHsdIy','info1',NULL,NULL,'USER'),(_binary '\0','2025-04-03 08:49:30.694582',NULL,35,254,'2025-04-03 08:49:30.775177','test2_1743670170392@test.com',NULL,'test2','message2','$2a$10$LpeRzmnfLyMVnaiouAtHBekDQKkHu4yul/mKXZzU5k9c9r48QPSL2','info2',NULL,NULL,'USER'),(_binary '\0','2025-04-04 07:46:34.205851',NULL,40,255,'2025-04-04 07:46:34.428950','test0_1743752794112@test.com',NULL,'test0','nickname','$2a$10$M1VFyNXt.tAnjqYalrjqPO2Ovh0XHRpxEpqnOb.xI/JbGy98nEiFe','profile',NULL,NULL,'USER'),(_binary '\0','2025-04-04 07:46:34.308605',NULL,40,256,'2025-04-04 07:46:34.468217','test1_1743752794112@test.com',NULL,'test1','message1','$2a$10$BpjLasZ1M8KoTUTTNx85Zu9QW.U3PWmpyi3fDNXU04bRPJojceCDK','info1',NULL,NULL,'USER'),(_binary '\0','2025-04-04 07:46:34.410492',NULL,40,257,'2025-04-04 07:46:34.493130','test2_1743752794112@test.com',NULL,'test2','message2','$2a$10$g2fyGlmckVSlNng5pU9MNOyhQLzbcAEIrrLVReT4D46S0Irmews0q','info2',NULL,NULL,'USER'),(_binary '\0','2025-04-04 08:51:34.428616',NULL,41,258,'2025-04-08 11:23:32.091459','test0_1743756694305@test.com',NULL,'test0','nickname','$2a$10$kwbFrF4onkHxgQChOjs/UeLR66KWg9Lsv8Q2Vlb5MaLGdx7Kvw13.','user4',NULL,NULL,'USER'),(_binary '\0','2025-04-04 08:51:34.588914',NULL,41,259,'2025-04-04 08:51:34.783450','test1_1743756694305@test.com',NULL,'test1','message1','$2a$10$XkXnkqcF3e8kDW7hSw5gGOw97dJC/3lPfQ1g52wDJ6MQ1OLPbKpd2','info1',NULL,NULL,'USER'),(_binary '\0','2025-04-04 08:51:34.697251',NULL,41,260,'2025-04-04 08:51:34.822022','test2_1743756694305@test.com',NULL,'test2','message2','$2a$10$sBsIj2Gd8WjDX1sauK28W.woDN7Rhni3nwGHUBXjPxJI0TEz.T2Ke','info2',NULL,NULL,'USER'),(_binary '\0','2025-04-05 13:54:08.492327',NULL,47,261,'2025-04-05 13:55:11.833946','test@ssafy.com',NULL,'','','$2a$10$tk1Y8X45B1Uih8Aul7zRROlBOitPp392IOc.PgMqCv6loIFqc8sOO','user3',NULL,NULL,'USER'),(_binary '\0','2025-04-06 14:44:03.941241',NULL,52,262,'2025-04-07 00:15:53.348024','minmin@test.com',NULL,'','','$2a$10$zyFPgUgkexyY8ca95wr4Zuu280QesNsdpe8Zsyva0CfJb0v/XAAnO','user6',NULL,NULL,'USER'),(_binary '\0','2025-04-06 14:46:06.103098',NULL,52,263,'2025-04-06 14:53:18.369982','minju@test.com',NULL,'','','$2a$10$/VmpAVTCbFcb7UM1/aGk7.nxyNuQFv9gatrLR0IIguLXs4TeJY4PG','user3',NULL,NULL,'USER'),(_binary '\0','2025-04-06 14:47:00.277602',NULL,52,264,'2025-04-09 03:57:28.557744','minha@test.com',NULL,'','','$2a$10$dyesSYQ3iNzHJ6gLooB6xunBabBsN3XeW1/XrRfxKxc/C01ZRY2ai','user4',NULL,NULL,'USER'),(_binary '\0','2025-04-07 02:02:11.346732',NULL,56,265,'2025-04-07 02:02:59.059780','createContractTest@test.com',NULL,'','','$2a$10$GyAcCaTnxFMC9z3eY4gmQOoz1AM1ln4IN3ilIpldl7UPcvs8zHuu6','user6',NULL,NULL,'USER'),(_binary '\0','2025-04-07 02:03:32.467379',NULL,56,266,'2025-04-07 02:23:54.375839','createContract2@test.com',NULL,'','','$2a$10$glOhLr0xpLBDDNRkNxAQ9epkCDsQZ72gGCHBXEP3VoIHjI.nEzPLG','user8',NULL,NULL,'USER'),(_binary '\0','2025-04-07 02:27:25.136775',NULL,57,267,'2025-04-07 03:59:29.312973','qwer@qwer.com',NULL,'QWER','','$2a$10$QAlf/fApF/i0f/Z2GkYSWeBWnSnVZDHawHxGHipLEziEeJU8ynhv.','user3',NULL,NULL,'USER'),(_binary '\0','2025-04-07 04:01:42.965935',NULL,NULL,268,'2025-04-07 04:18:18.304428','testtesttest@test.com',NULL,'',NULL,'$2a$10$HmVIOOAMJlgilZR1IMa8f.a3Clncx4BrUM0rWP4zdmiPwdhs3A/ky',NULL,NULL,NULL,'USER'),(_binary '\0','2025-04-07 06:49:38.363932',NULL,NULL,269,'2025-04-07 06:49:47.072343','test1000@test.com','fQ6K5UFEt0mijXgnSfV-kh:APA91bGD5QvweIzHuiqyqWR_56O-zVgkJgUqSU6PctxJ8l4B74ghs0Z02oRe7RgQ6gxfZ8TA1ssbHxTMFo9ufhWBM0W8-cOCNB2bvuwXrf7NmhbnLHsPrIw','',NULL,'$2a$10$Ri3GrWXFPSTmbv6P4ZvaVOsYkjv9wUbXyfyxAhA9wPC.nIsp9p4Wm',NULL,NULL,NULL,'USER'),(_binary '\0','2025-04-07 07:10:13.651995',NULL,63,270,'2025-04-07 07:10:13.959935','test0_1744009813538@test.com',NULL,'test0','nickname','$2a$10$rOBXKM4XaKy.AKEAUgOVyutM5ifnWIFrJVeZrXCa9eZ9IYmbXR5eG','profile',NULL,NULL,'USER'),(_binary '\0','2025-04-07 07:10:13.806587',NULL,63,271,'2025-04-07 07:10:14.015314','test1_1744009813538@test.com',NULL,'test1','message1','$2a$10$fczE7UUm9WGSME4dkHd.e.4A8yYZoV.kZdJeAUvEnJEpYuTzbxIqq','info1',NULL,NULL,'USER'),(_binary '\0','2025-04-07 07:10:13.911605',NULL,63,272,'2025-04-07 07:10:14.061059','test2_1744009813538@test.com',NULL,'test2','message2','$2a$10$TTu3HDpWX3HJbkF7Wo.cGeTvkLx/0zjEIriC9NSdrsUQ5DmzWDSR6','info2',NULL,NULL,'USER'),(_binary '\0','2025-04-07 07:51:38.540058',NULL,65,273,'2025-04-07 08:17:54.193018','pring@test.com',NULL,'','   ','$2a$10$0Id1B3JnUsdxECr0RVPIf.VDOF5Y7a9ZQ4xxPwBvEMGiQqrqjM0OS','user4',NULL,NULL,'USER'),(_binary '\0','2025-04-07 09:27:11.025105',NULL,68,274,'2025-04-07 09:27:11.280949','test0_1744018030932@test.com',NULL,'test0','nickname','$2a$10$J2FfqjFc5HOi9J/g.OBksOSONio2HAdDf4kiFZEEwAVGkq5fOq6sm','profile',NULL,NULL,'USER'),(_binary '\0','2025-04-07 09:27:11.132053',NULL,68,275,'2025-04-07 09:27:11.320995','test1_1744018030932@test.com',NULL,'test1','message1','$2a$10$70RnkSN5lEBIZjeo2dibmO5zqgGsIBO0QZjui4XSarlUWOSmpWW9e','info1',NULL,NULL,'USER'),(_binary '\0','2025-04-07 09:27:11.239359',NULL,68,276,'2025-04-07 09:27:11.360338','test2_1744018030932@test.com',NULL,'test2','message2','$2a$10$hspV1hEmcYYJbBZBkKCKIeBAl3Px48Aq.LLDja8nU/E..2dUoLZn6','info2',NULL,NULL,'USER'),(_binary '\0','2025-04-07 11:08:25.988268',NULL,69,277,'2025-04-07 11:08:26.285838','test0_1744024105877@test.com',NULL,'test0','nickname','$2a$10$NaUzfW9JEHppobc84hqJH.R64vyPZHAMdOiJkReAnw75NphdF9EyO','profile',NULL,NULL,'USER'),(_binary '\0','2025-04-07 11:08:26.131718',NULL,69,278,'2025-04-07 11:08:26.349389','test1_1744024105877@test.com',NULL,'test1','message1','$2a$10$hElgmkkRUSQOihmyUt9nEOH7PUvIGrVp84Int0HssyIH5JvQHyAvK','info1',NULL,NULL,'USER'),(_binary '\0','2025-04-07 11:08:26.235192',NULL,69,279,'2025-04-07 11:08:26.396802','test2_1744024105877@test.com',NULL,'test2','message2','$2a$10$K3BTgFAOcbTg0DmCgMyVZesuGhWIQIZM7965sQieL2QLrTta31Ixm','info2',NULL,NULL,'USER'),(_binary '\0','2025-04-07 11:12:37.189193',NULL,70,280,'2025-04-07 11:12:37.432473','test0_1744024357097@test.com',NULL,'test0','nickname','$2a$10$W6COvbrMohA8wXDl.7cdMeBzRFe2o3CgoDEy3pB16KCLaj2DxVWMa','profile',NULL,NULL,'USER'),(_binary '\0','2025-04-07 11:12:37.295289',NULL,70,281,'2025-04-07 11:12:37.465730','test1_1744024357097@test.com',NULL,'test1','message1','$2a$10$.iDLga97KpL6K2BOdH/qn.Kmkq8brHg6zbUbV1zomgfLMw5OtjAFO','info1',NULL,NULL,'USER'),(_binary '\0','2025-04-07 11:12:37.405101',NULL,70,282,'2025-04-07 11:12:37.502923','test2_1744024357097@test.com',NULL,'test2','message2','$2a$10$9dKcgBU5VXpMIp0zKIeSaO7xkYobbL7vMsDygWUivY2o4Z/q6kSou','info2',NULL,NULL,'USER'),(_binary '\0','2025-04-07 14:23:18.334376',NULL,72,283,'2025-04-07 16:09:18.417255','aaa@gmail.com',NULL,'aaa','AA','$2a$10$4I/YjUy8qIiwoqzsO08u5eM8hQ64yixc1H02gr/q.24beNHDsGgoO','user5',NULL,NULL,'USER'),(_binary '\0','2025-04-07 14:24:23.763644',NULL,72,284,'2025-04-07 14:44:56.737700','bbb@gmail.com',NULL,'bbb','','$2a$10$VvO8xgcKNaUwsruU9ZDdSu2bLzejpR2H5hUruYDGjj63nvSXC9.K6','user3',NULL,NULL,'USER'),(_binary '\0','2025-04-07 16:20:19.183664',NULL,73,285,'2025-04-07 16:39:51.780683','postbbb@test.com',NULL,'','','$2a$10$h76QJiPalNH1WRDWTZVGP.F8Tjlilr/uJ/vqpLnf1lf.2C43KUkDS','user5',NULL,NULL,'USER'),(_binary '\0','2025-04-07 16:21:30.563829',NULL,73,286,'2025-04-07 16:21:49.095463','postccc@test.com','eDvRwMn7LXZTyvHGEN54cf:APA91bGxloagAy4DKnylSHFJqHtnEptjfTzNrCb43vREfXugL2YdNDC2rT0DD93MC6AfaVaPfXTUMpYmtk0RCGG9U8zdIVZkWDyGUvUPRMojD1WGNULhj8k','','','$2a$10$htCiqXugTYSW7EiIis0YJO/I0g.IsiQztXvH0TY0./FEiR/x/wW2K','user2',NULL,NULL,'USER'),(_binary '\0','2025-04-08 05:54:17.065426',NULL,76,287,'2025-04-08 10:56:05.746905','new1@test.com',NULL,'','ddd','$2a$10$HlXd296QALc0qY2OjsJgbu4AcOto19oXNN3YY4WnoMU4R6wTiwzzC','user8',NULL,NULL,'USER'),(_binary '\0','2025-04-08 05:55:09.254592',NULL,76,288,'2025-04-08 10:07:05.224199','new2@test.com',NULL,'','3w','$2a$10$IGK2XhcKn2j9dfZMXwqvde/l8Eo9BU40nbzOScP.7W8QIHMPrNnsq','user6',NULL,NULL,'USER'),(_binary '\0','2025-04-08 06:23:34.607847',NULL,NULL,289,'2025-04-08 09:59:03.279602','qwer@gmail.com',NULL,'',NULL,'$2a$10$ar6dj3j1in7bWx4vtZMSK.7G7QrVRoPmEnVg73lQA0G1ngI9hZosy',NULL,NULL,NULL,'USER'),(_binary '\0','2025-04-08 06:25:20.091995',NULL,77,290,'2025-04-08 06:27:59.429571','new3@test.com',NULL,'password1!',' ','$2a$10$/ioIJ8JT3jSRkzEdIzefluRhaGOgFO6PdYszFl7C7XDGaOAChXQsC','user3',NULL,NULL,'USER'),(_binary '\0','2025-04-08 06:31:03.730928',NULL,78,291,'2025-04-08 06:32:00.018142','new4@test.com',NULL,'password1!',' ','$2a$10$G3c0Mo9CecDLsUlCCk4oB.oZcpM9EkMTz2jv/CJ8zCQuJLI4F7kcm','user5',NULL,NULL,'USER'),(_binary '\0','2025-04-08 06:32:56.784236',NULL,79,292,'2025-04-08 06:34:17.189592','new5@test.com',NULL,'','df','$2a$10$JbRxIF9obhUAYRbO9R0Dwez2GVWELFD2F0lGMHFIWeaIMt1c/vp.e','user4',NULL,NULL,'USER'),(_binary '\0','2025-04-08 07:00:32.546273',NULL,80,293,'2025-04-08 07:12:13.572830','test400@test.com',NULL,'','400','$2a$10$gUh4uKJPgIyhHVXUSgVpeezacrjhGhNhH3/a9og2xkPshfxV5KuxO','user4',NULL,NULL,'USER'),(_binary '\0','2025-04-08 07:01:32.009267',NULL,82,294,'2025-04-08 08:50:00.472407','test401@test.com',NULL,'','qoqow','$2a$10$l3aAj48c/bBkTs.Ceb0cL.AOWzr/tpiDBc..E1uKT7H5/T0v99Qr.','user6',NULL,NULL,'USER'),(_binary '\0','2025-04-08 07:25:54.021187',NULL,81,295,'2025-04-08 08:06:25.832327','test402@test.com',NULL,'','','$2a$10$EdHH5/Oge7YzogrGuSqoA.Zgp90yUh0rbLR5uuvZREcLdvv2PRXby','user10',NULL,NULL,'USER'),(_binary '\0','2025-04-08 10:07:30.589382',NULL,83,296,'2025-04-08 10:42:02.389377','t5@test.com',NULL,'','','$2a$10$mTinNVbXKiTxquxASXwvb.3E9PmEIUIPTOv6elS1HBKt5QCe.AfUG','user5',NULL,NULL,'USER'),(_binary '\0','2025-04-08 22:09:49.912159',NULL,84,297,'2025-04-08 22:11:34.987741','aaa2@gmail.com',NULL,'','','$2a$10$.ZbHR1yCfIR2H61yvnRske5mBsVBuJ6RU7RNOnBXbccPaYzV0Ch32','user5',NULL,NULL,'USER'),(_binary '\0','2025-04-08 22:12:34.021612',NULL,84,298,'2025-04-09 03:42:40.058578','aaa3@test.com',NULL,'','','$2a$10$kVIobkkfwbBw2X8sXWMdcuAMCx4zGJTR9f5enDqMlEDpaLerTt7hm','user3',NULL,NULL,'USER'),(_binary '\0','2025-04-08 22:25:24.593815',NULL,84,299,'2025-04-09 04:07:49.457643','aaa4@test.com',NULL,'','','$2a$10$k0DIBnm0GLzYyeLs4WtTDu5StmHZBBg6VHBTvWd6V5dFv2WUrgDCO','user1',NULL,NULL,'USER'),(_binary '\0','2025-04-09 02:45:51.502519',NULL,85,300,'2025-04-09 15:13:03.160312','ssafy1@ssafy.com','fRA_guVOSuQbqf3xHzMWCw:APA91bGsLcyk6vkA7yYkqYXoKV1mjx1rb8Z-ZLOqNV9bRFu7nAV03jmHvqas0goCoRvvNEjX-vB5BeQNaB06rU3OVLH_Wa_A3E_HmtmL2ylLdjP-74tl3ZQ','','','$2a$10$AHuODMn2roktDWyvvTWtI.DoTKVBsbauK4e7pYQQlwggnHWZZTm9e','user1',NULL,NULL,'USER'),(_binary '\0','2025-04-09 02:45:54.497746',NULL,85,301,'2025-04-10 00:42:29.090498','ssafy2@ssafy.com',NULL,'','','$2a$10$6OdSU5fxV9ENzWYUpkj0DOVvf.cxi27Sd9vEgvJTHpOS1437Zp.4W','user8',NULL,NULL,'USER'),(_binary '\0','2025-04-09 04:52:32.943582',NULL,88,302,'2025-04-09 07:54:57.113594','lipton1@test.com',NULL,'','','$2a$10$HTC4RoZMZYYJ2oED/l0eH.KL6aFExx2N6Dr0WM0xgZ8xYnbTsUMuW','user1',NULL,NULL,'USER'),(_binary '\0','2025-04-09 04:56:20.243648',NULL,87,303,'2025-04-09 07:23:03.321635','ssafy3@ssafy.com',NULL,'','3 ','$2a$10$72vZMTSg9YuptMkSRXGo2uDanoapbxq44GXpaNDqH.bfie3z9j.Ge','user4',NULL,NULL,'USER'),(_binary '\0','2025-04-09 04:56:37.167199',NULL,87,304,'2025-04-09 07:09:45.338409','ssafy4@ssafy.com',NULL,'','4','$2a$10$svlqYY0ULiKlY8UQAb4pSe/gyH4Y6ODwqGLndZWrFISz.jW0EBOCy','user3',NULL,NULL,'USER'),(_binary '\0','2025-04-09 05:27:00.880064',NULL,88,305,'2025-04-09 10:52:42.063366','lipton2@test.com','fyFFqRewEE29IyLPkFiHJs:APA91bEsdqYARvYSdrhNFyr0KPRGBOje0eNbW3M9f3U2YHH1Hhbxa13DdVIuX7jwgUL588GfdVCX9Y2sGAq_Svw6i4_hskCrtjKqMkUVsKXAQCd6mZhwhtY','','','$2a$10$6ylPDARO27paGwYRTM2iwOcSLNbuefN4765xa6dvQaq8Z4Uilavde','user7',NULL,NULL,'USER'),(_binary '\0','2025-04-09 05:31:28.758795',NULL,88,306,'2025-04-10 10:29:47.457212','lipton3@test.com',NULL,'','','$2a$10$lKWRaKAemej72xL8MQBrQOVXKSLLq4LvLDpAv.dsI7rVz.KDjxTFa','user5',NULL,NULL,'USER'),(_binary '\0','2025-04-09 06:08:12.963680',NULL,89,307,'2025-04-09 07:50:17.569947','abcd@abcd.com',NULL,'ABCD','ABC','$2a$10$MaISW4Bxq3eDIcknebEPIO.fL3GH1UY76G3v9sVN5CNlc2Ww52Kw6','user8',NULL,NULL,'USER'),(_binary '\0','2025-04-09 10:58:51.451239',NULL,91,308,'2025-04-10 06:42:34.941836','riming@gmail.com',NULL,'','','$2a$10$0SDXpWM.xTxmjSNCdp7isuuCjd2/yGRPC44TGRdA/BwJIBtWtl3cS','user7',NULL,NULL,'USER'),(_binary '\0','2025-04-09 14:08:32.457527',NULL,NULL,309,'2025-04-09 14:08:32.552251','hanu@test.com','eMKnFcZ14mdn0SiRVmlrL_:APA91bFaMuGb04kis0zQbH1HfdCJiAE2y3iJ5cJubWmCMN_XlNfnmggBNnjctjK8zxZ8OnaPZNxFhZ-HeXTg_IzV8GEWPlKyu9HdXQKfkIZDXXP2DKJU6uc','',NULL,'$2a$10$vJ40WOVSYp2BMHdGCEGPK.HSF0skD0IIEG1/8krvwEIdWl0qX.0dm',NULL,NULL,NULL,'USER'),(_binary '\0','2025-04-10 00:47:00.558623',NULL,93,310,'2025-04-10 01:02:31.748868','lipton4@test.com',NULL,'','','$2a$10$JoqzwgIwBSkPCHe1tZ4BS.gcJyzEvhFbBTN1UNA1d5csV1RrAOuqW','user4',NULL,NULL,'USER'),(_binary '\0','2025-04-10 01:03:09.191040',NULL,NULL,311,'2025-04-10 03:31:46.019210','lipton7@test.com',NULL,'',NULL,'$2a$10$.I2BqLv0k5avwLnzg/c4KuITVvN6IdAckDGt6C1M1Hed0HPRtUKSu',NULL,NULL,NULL,'USER'),(_binary '\0','2025-04-10 04:11:33.755050',NULL,NULL,312,'2025-04-10 04:11:33.906684','lipton8@test.com','cfseIDo3ynzX4F32ZsWUg-:APA91bGnRLqaCy4mp8C6XlTpEIik6Ul3k2QldOQUgZ1Y47WGLfIK3NOXctmDPtOixRvUpYhsMnpKrbTIBlOfvmFA7La3Esw098HlMiEfq4IS0IhCXNpPgns','',NULL,'$2a$10$5d1zT2abthQt2sItdJeYM.NlMo6f9jpu/78SfeAmTVPDsmMOSRyye',NULL,NULL,NULL,'USER'),(_binary '\0','2025-04-10 07:01:27.599982',NULL,NULL,313,'2025-04-10 07:01:28.155670','nana@gmail.com','dkuAP4Ec75zAM-I_5w74bZ:APA91bF3ry0UWg4r2Ml1JSN4lpKB_m5Vjz2KBdHd8_-9VNtI6kLewq5d-B9XZ6jUUPQbQx9iQ8-YG4U3jv5KfH2FqR28WniEpTcR_lSCT4FRUaVfS-zGGd0','',NULL,'$2a$10$B0ZHKdM35BXQ8ctVV7CGueU2JeXlfg6lWcDGPyRdMhz2g4exO7mFq',NULL,NULL,NULL,'USER'),(_binary '\0','2025-04-10 08:35:08.867143',NULL,98,314,'2025-04-10 11:34:54.512505','test1111@test.com',NULL,'','','$2a$10$FtIsLAV5irJtasdUAgOTq.A261HpXkL8wWTkHNSTPbWsFApEtMHTW','user10',NULL,NULL,'USER'),(_binary '\0','2025-04-10 08:55:31.831438',NULL,98,315,'2025-04-10 10:26:49.600004','bana1@test.com',NULL,'','','$2a$10$/L59hwbFqmI5R8J8ZHVdP.nh8OA5SwshtLnCa2tl/y8vO3miZyaR2','user5',NULL,NULL,'USER'),(_binary '\0','2025-04-10 09:03:17.246744',NULL,98,316,'2025-04-10 11:36:11.705676','bana2@test.com',NULL,'','','$2a$10$mTHGjIZ3sezezoglqun60OnB/S.CuFTLs/spVUU7F/jzIjZbNsbHy','user8',NULL,NULL,'USER'),(_binary '\0','2025-04-10 09:45:01.255655',NULL,101,317,'2025-04-10 11:08:35.255593','bana5@test.com',NULL,'','','$2a$10$kET5OIr4dSON1EIWyJcHbe66H3Q4Cc6j8Az.eTB9o51yv8yqFY2Bm','user10',NULL,NULL,'USER'),(_binary '\0','2025-04-10 09:46:17.340489',NULL,101,318,'2025-04-10 14:03:40.660534','bana6@test.com',NULL,'','2','$2a$10$cPfzi7OJifzF8ag2hJ46GuYO8iYEkxCLt/0s0xik8BSOPuOGqdmhO','user2',NULL,NULL,'USER'),(_binary '\0','2025-04-10 11:49:05.262248',NULL,NULL,319,'2025-04-10 11:55:04.934504','bana7@test.com',NULL,'aaa',NULL,'$2a$10$DLyB2tLRbnpio3VFI1BKxeoBXkbAR/3b/IrrMTISP1R9WcSOVI4z6',NULL,NULL,NULL,'USER'),(_binary '\0','2025-04-10 12:55:40.054267',NULL,104,320,'2025-04-10 13:23:31.452664','sisi@test.com',NULL,'sisi','','$2a$10$O92aqd/QnZnvYVSehFmqLeFWK3OQu9sKB1192UH0aVwRwolhKc99O','user6',NULL,NULL,'USER'),(_binary '\0','2025-04-10 13:24:35.428414',NULL,107,321,'2025-04-10 13:24:47.153135','pass2@test.com',NULL,'','sdfsdfsd','$2a$10$49P3xuUQi8cSC.pL9PBaa.yQlFORQuBgHxFvg.vKZe6T0YmfXEqUu','user10',NULL,NULL,'USER'),(_binary '\0','2025-04-10 13:39:13.247134',NULL,108,322,'2025-04-10 13:39:36.056986','gfgf@test.com',NULL,'gfgf','gfgf','$2a$10$f1cw2g8kpFhuMfEqqqY/WenykPnEDz7ZJyWutxf5Bz8/TNlp97c7q','user8',NULL,NULL,'USER'),(_binary '\0','2025-04-10 13:57:52.115847',NULL,109,323,'2025-04-10 13:58:09.219498','bv@test.com',NULL,'bv','3','$2a$10$lXysvjX49181d4bnwgx/ieXez1vN2EA0dztOQa4YcGBrhKPSBhGmO','user8',NULL,NULL,'USER'),(_binary '\0','2025-04-10 14:02:54.825760',NULL,110,324,'2025-04-10 14:20:07.668468','c1@test.com',NULL,'c1','c1','$2a$10$NRPo1QPGiU7hk5d12VnleeVbvqqdGAH8MwN7GYHtvPBPBbZoqhTR.','user10',NULL,NULL,'USER'),(_binary '\0','2025-04-10 14:04:02.695398',NULL,110,325,'2025-04-10 14:07:25.655506','c2@test.com','dUQevuhbvepYiyD_iJfOU-:APA91bGpjMwO6wMfQTev67ywV9Bd0yQOtEFqwTUXi3f0mscLYxgrQzG-98XjS5Vg9uBKlOQqomTC6TnrAOBa4YjY6LsVz6ZSXccgQDYV-aA_WpUcQQQONVY','c2','c2','$2a$10$Xg4kLVnx0j9BbRaT/g0W..x9TbJE5fg9tkD/w5e/rF131flMs81Wm','user09',NULL,NULL,'USER'),(_binary '\0','2025-04-10 14:34:28.839482',NULL,111,326,'2025-04-10 14:53:46.928086','c3@test.com','cfseIDo3ynzX4F32ZsWUg-:APA91bGnRLqaCy4mp8C6XlTpEIik6Ul3k2QldOQUgZ1Y47WGLfIK3NOXctmDPtOixRvUpYhsMnpKrbTIBlOfvmFA7La3Esw098HlMiEfq4IS0IhCXNpPgns','c3','','$2a$10$oDRPhDrBU8YdlR2QCl87YumyYbtB5s9FTKOGRmKRqRdeD4/hUMXua','user3',NULL,NULL,'USER'),(_binary '\0','2025-04-10 14:40:14.388911',NULL,112,327,'2025-04-10 14:40:22.949902','c4@test.com',NULL,'c4','c3','$2a$10$0FFTwIcrL11szfK7tWNiE.Iw73i8DIGzN1V6yv/j2EM3fYf5sbWKq','user4',NULL,NULL,'USER'),(_binary '\0','2025-04-10 14:44:27.006503',NULL,113,328,'2025-04-10 14:44:37.454257','c5@test.com',NULL,'c5','c5','$2a$10$NWZ0SH4639v6/HHXg1dSDOGxhHV.txvPLUc0LdLv71Dvd57u06sPu','user4',NULL,NULL,'USER'),(_binary '\0','2025-04-10 14:52:17.853042',NULL,114,329,'2025-04-10 14:52:33.696118','c7@test.com',NULL,'c7','','$2a$10$PMPJbB1KYwy5vihnDOXvEul9d.bydd10Bx/RrdONJak6EBU/jqXnK','user4',NULL,NULL,'USER');
/*!40000 ALTER TABLE `users` ENABLE KEYS */;
UNLOCK TABLES;

--
-- Table structure for table `utility_cards`
--

DROP TABLE IF EXISTS `utility_cards`;
/*!40101 SET @saved_cs_client     = @@character_set_client */;
/*!50503 SET character_set_client = utf8mb4 */;
CREATE TABLE `utility_cards` (
  `cvc` varchar(3) NOT NULL,
  `is_deleted` bit(1) DEFAULT NULL,
  `created_at` datetime(6) NOT NULL,
  `deleted_at` datetime(6) DEFAULT NULL,
  `id` bigint NOT NULL AUTO_INCREMENT,
  `updated_at` datetime(6) NOT NULL,
  `card_no` varchar(16) NOT NULL,
  PRIMARY KEY (`id`)
) ENGINE=InnoDB AUTO_INCREMENT=32 DEFAULT CHARSET=utf8mb4 COLLATE=utf8mb4_0900_ai_ci;
/*!40101 SET character_set_client = @saved_cs_client */;

--
-- Dumping data for table `utility_cards`
--

LOCK TABLES `utility_cards` WRITE;
/*!40000 ALTER TABLE `utility_cards` DISABLE KEYS */;
INSERT INTO `utility_cards` VALUES ('301',_binary '\0','2025-04-02 22:16:15.218619',NULL,1,'2025-04-02 22:16:15.218619','1002447260391152'),('989',_binary '\0','2025-04-02 22:17:30.448255',NULL,2,'2025-04-02 22:17:30.448255','1002155247766909'),('749',_binary '\0','2025-04-03 08:56:46.149159',NULL,3,'2025-04-03 08:56:46.149159','1002381610937153'),('816',_binary '\0','2025-04-05 14:01:55.013440',NULL,4,'2025-04-05 14:01:55.013440','1002653787829895'),('135',_binary '\0','2025-04-05 14:02:31.353502',NULL,5,'2025-04-05 14:02:31.353502','1002496335152787'),('172',_binary '\0','2025-04-05 14:06:37.916774',NULL,6,'2025-04-05 14:06:37.916774','1002402226265929'),('119',_binary '\0','2025-04-05 14:07:02.319128',NULL,7,'2025-04-05 14:07:02.319128','1002747674424685'),('480',_binary '\0','2025-04-06 07:55:09.269830',NULL,8,'2025-04-06 07:55:09.269830','1002448666522275'),('311',_binary '\0','2025-04-06 09:16:09.298484',NULL,9,'2025-04-06 09:16:09.298484','1002943072867503'),('282',_binary '\0','2025-04-06 09:20:57.916067',NULL,10,'2025-04-06 09:20:57.916067','1002117163705018'),('121',_binary '\0','2025-04-06 14:48:49.300988',NULL,11,'2025-04-06 14:48:49.300988','1002864451217908'),('539',_binary '\0','2025-04-06 14:51:54.757188',NULL,12,'2025-04-06 14:51:54.757188','1002839586936807'),('271',_binary '\0','2025-04-06 15:12:14.001219',NULL,13,'2025-04-06 15:12:14.001219','1002940957772696'),('616',_binary '\0','2025-04-07 00:34:04.388619',NULL,14,'2025-04-07 00:34:04.388619','1002995511389608'),('426',_binary '\0','2025-04-07 00:51:48.743997',NULL,15,'2025-04-07 00:51:48.743997','1002668456092603'),('113',_binary '\0','2025-04-07 01:08:24.642066',NULL,16,'2025-04-07 01:08:24.642066','1002572607180942'),('803',_binary '\0','2025-04-07 02:30:17.395862',NULL,17,'2025-04-07 02:30:17.395862','1002718203178463'),('926',_binary '\0','2025-04-07 03:12:34.158856',NULL,18,'2025-04-07 03:12:34.158856','1002762298658300'),('625',_binary '\0','2025-04-07 11:25:11.162982',NULL,19,'2025-04-07 11:25:11.162982','1002818432216741'),('163',_binary '\0','2025-04-08 01:40:22.730597',NULL,20,'2025-04-08 01:40:22.730597','1002182224179583'),('536',_binary '\0','2025-04-08 06:04:26.837204',NULL,21,'2025-04-08 06:04:26.837204','1002715257811742'),('364',_binary '\0','2025-04-08 06:25:51.703420',NULL,22,'2025-04-08 06:25:51.703420','1002708972358599'),('763',_binary '\0','2025-04-09 02:47:56.512603',NULL,23,'2025-04-09 02:47:56.512603','1002447584374582'),('197',_binary '\0','2025-04-09 05:47:37.686280',NULL,24,'2025-04-09 05:47:37.686280','1002109062405679'),('930',_binary '\0','2025-04-09 10:56:31.008454',NULL,25,'2025-04-09 10:56:31.008454','1002351358589033'),('144',_binary '\0','2025-04-09 12:53:35.756507',NULL,26,'2025-04-09 12:53:35.756507','1002413277888174'),('166',_binary '\0','2025-04-10 06:43:44.768239',NULL,27,'2025-04-10 06:43:44.768239','1002406766134627'),('911',_binary '\0','2025-04-10 09:33:02.052285',NULL,28,'2025-04-10 09:33:02.052285','1002585576508212'),('404',_binary '\0','2025-04-10 09:47:30.230868',NULL,29,'2025-04-10 09:47:30.230868','1002806088192456'),('570',_binary '\0','2025-04-10 12:32:36.343839',NULL,30,'2025-04-10 12:32:36.343839','1002507875603460'),('785',_binary '\0','2025-04-10 14:35:17.890952',NULL,31,'2025-04-10 14:35:17.890952','1002252174672010');
/*!40000 ALTER TABLE `utility_cards` ENABLE KEYS */;
UNLOCK TABLES;
/*!40103 SET TIME_ZONE=@OLD_TIME_ZONE */;

/*!40101 SET SQL_MODE=@OLD_SQL_MODE */;
/*!40014 SET FOREIGN_KEY_CHECKS=@OLD_FOREIGN_KEY_CHECKS */;
/*!40014 SET UNIQUE_CHECKS=@OLD_UNIQUE_CHECKS */;
/*!40101 SET CHARACTER_SET_CLIENT=@OLD_CHARACTER_SET_CLIENT */;
/*!40101 SET CHARACTER_SET_RESULTS=@OLD_CHARACTER_SET_RESULTS */;
/*!40101 SET COLLATION_CONNECTION=@OLD_COLLATION_CONNECTION */;
/*!40111 SET SQL_NOTES=@OLD_SQL_NOTES */;

-- Dump completed on 2025-04-10 15:48:49
